Tag Name,Address,Data Type,Respect Data Type,Client Access,Scan Rate,Scaling,Raw Low,Raw High,Scaled Low,Scaled High,Scaled Data Type,Clamp Low,Clamp High,Eng Units,Description,Negate Value
"1009.Alarm.DriveFault","DB76,X16.2",Boolean,1,RO,100,,,,,,,,,,"驱动器故障",
"1009.Alarm.EstopFault","DB76,X16.7",Boolean,1,RO,100,,,,,,,,,,"急停故障",
"1009.Alarm.LS_Fault","DB76,X17.2",Boolean,1,RO,100,,,,,,,,,,"限位故障",
"1009.Alarm.OutSideFault","DB76,X17.1",Boolean,1,RO,100,,,,,,,,,,"货物超边故障",
"1009.Alarm.PH_Fault","DB76,X16.6",Boolean,1,RO,100,,,,,,,,,,"光电管异常",
"1009.Alarm.QF_Fault","DB76,X16.4",Boolean,1,RO,100,,,,,,,,,,"空开故障",
"1009.Alarm.QS_Fault","DB76,X16.5",Boolean,1,RO,100,,,,,,,,,,"隔离开关故障",
"1009.Alarm.TimeOutFault","DB76,X16.3",Boolean,1,RO,100,,,,,,,,,,"超时故障",
"1009.Alarm.TotalFault","DB76,X16.1",Boolean,1,RO,100,,,,,,,,,,"总故障",
"1009.State.BackUp10","DB51,X177.3",Boolean,1,RO,100,,,,,,,,,,"备用",
"1009.State.BackUp11","DB51,X177.4",Boolean,1,RO,100,,,,,,,,,,"备用",
"1009.State.BackUp12","DB51,X177.5",Boolean,1,RO,100,,,,,,,,,,"备用",
"1009.State.BackUp13","DB51,X177.6",Boolean,1,RO,100,,,,,,,,,,"备用",
"1009.State.CheckOK","DB51,X177.2",Boolean,1,RO,100,,,,,,,,,,"1条码校验成功",
"1009.State.ForwardRun","DB76,X17.5",Boolean,1,RO,100,,,,,,,,,,"正转运行",
"1009.State.IsRotate","DB51,B176",Byte,1,RO,100,,,,,,,,,,"1旋转/2不旋转",
"1009.State.Load","DB76,X17.3",Boolean,1,RO,100,,,,,,,,,,"负载",
"1009.State.NoRead","DB51,X177.1",Boolean,1,RO,100,,,,,,,,,,"1条码读不出来",
"1009.State.OutFlag","DB51,W178",Short,1,RO,100,,,,,,,,,,"1出库站台无货",
"1009.State.ReadOK","DB51,X177.0",Boolean,1,RO,100,,,,,,,,,,"1条码读取成功",
"1009.State.Remaining","DB51,X177.7",Boolean,1,RO,100,,,,,,,,,,"1尾盘、0整盘",
"1009.State.ReversalRun","DB76,X17.6",Boolean,1,RO,100,,,,,,,,,,"反转运行",
"1009.State.Runing","DB76,X16.0",Boolean,1,RO,100,,,,,,,,,,"设备运行标志",
"1009.State.SelectPlace","DB76,X17.4",Boolean,1,RO,100,,,,,,,,,,"选中位",
"1009.State.State_BY2","DB76,X17.0",Boolean,1,RO,100,,,,,,,,,,"备用2",
"1009.State.State_BY3","DB76,X17.7",Boolean,1,RO,100,,,,,,,,,,"备用",
"1009.Task.Code","DB51,B162",Char,1,RO,100,,,,,,,,,,"条码",
"1009.Task.Code_1","DB51,B163",Char,1,RO,100,,,,,,,,,,"条码",
"1009.Task.Code_2","DB51,B164",Char,1,RO,100,,,,,,,,,,"条码",
"1009.Task.Code_3","DB51,B165",Char,1,RO,100,,,,,,,,,,"条码",
"1009.Task.Code_4","DB51,B166",Char,1,RO,100,,,,,,,,,,"条码",
"1009.Task.Code_5","DB51,B167",Char,1,RO,100,,,,,,,,,,"条码",
"1009.Task.Code_6","DB51,B168",Char,1,RO,100,,,,,,,,,,"条码",
"1009.Task.Code_7","DB51,B169",Char,1,RO,100,,,,,,,,,,"条码",
"1009.Task.DestSta","DB51,W174",Short,1,RO,100,,,,,,,,,,"目标站台",
"1009.Task.StartSta","DB51,W172",Short,1,RO,100,,,,,,,,,,"开始站台",
"1009.Task.Task","DB51,W160",Short,1,RO,100,,,,,,,,,,"任务号",
"1009.Task.TpType","DB51,W170",Short,1,RO,100,,,,,,,,,,"货物类型",
"1010.Alarm.DriveFault","DB76,X18.2",Boolean,1,RO,100,,,,,,,,,,"驱动器故障",
"1010.Alarm.EstopFault","DB76,X18.7",Boolean,1,RO,100,,,,,,,,,,"急停故障",
"1010.Alarm.LS_Fault","DB76,X19.2",Boolean,1,RO,100,,,,,,,,,,"限位故障",
"1010.Alarm.OutSideFault","DB76,X19.1",Boolean,1,RO,100,,,,,,,,,,"货物超边故障",
"1010.Alarm.PH_Fault","DB76,X18.6",Boolean,1,RO,100,,,,,,,,,,"光电管异常",
"1010.Alarm.QF_Fault","DB76,X18.4",Boolean,1,RO,100,,,,,,,,,,"空开故障",
"1010.Alarm.QS_Fault","DB76,X18.5",Boolean,1,RO,100,,,,,,,,,,"隔离开关故障",
"1010.Alarm.TimeOutFault","DB76,X18.3",Boolean,1,RO,100,,,,,,,,,,"超时故障",
"1010.Alarm.TotalFault","DB76,X18.1",Boolean,1,RO,100,,,,,,,,,,"总故障",
"1010.State.BackUp10","DB51,X197.3",Boolean,1,RO,100,,,,,,,,,,"备用",
"1010.State.BackUp11","DB51,X197.4",Boolean,1,RO,100,,,,,,,,,,"备用",
"1010.State.BackUp12","DB51,X197.5",Boolean,1,RO,100,,,,,,,,,,"备用",
"1010.State.BackUp13","DB51,X197.6",Boolean,1,RO,100,,,,,,,,,,"备用",
"1010.State.CheckOK","DB51,X197.2",Boolean,1,RO,100,,,,,,,,,,"1条码校验成功",
"1010.State.ForwardRun","DB76,X19.5",Boolean,1,RO,100,,,,,,,,,,"正转运行",
"1010.State.IsRotate","DB51,B196",Byte,1,RO,100,,,,,,,,,,"1旋转/2不旋转",
"1010.State.Load","DB76,X19.3",Boolean,1,RO,100,,,,,,,,,,"负载",
"1010.State.NoRead","DB51,X197.1",Boolean,1,RO,100,,,,,,,,,,"1条码读不出来",
"1010.State.OutFlag","DB51,W198",Short,1,RO,100,,,,,,,,,,"1出库站台无货",
"1010.State.ReadOK","DB51,X197.0",Boolean,1,RO,100,,,,,,,,,,"1条码读取成功",
"1010.State.Remaining","DB51,X197.7",Boolean,1,RO,100,,,,,,,,,,"1尾盘、0整盘",
"1010.State.ReversalRun","DB76,X19.6",Boolean,1,RO,100,,,,,,,,,,"反转运行",
"1010.State.Runing","DB76,X18.0",Boolean,1,RO,100,,,,,,,,,,"设备运行标志",
"1010.State.SelectPlace","DB76,X19.4",Boolean,1,RO,100,,,,,,,,,,"选中位",
"1010.State.State_BY2","DB76,X19.0",Boolean,1,RO,100,,,,,,,,,,"备用2",
"1010.State.State_BY3","DB76,X19.7",Boolean,1,RO,100,,,,,,,,,,"备用",
"1010.Task.Code","DB51,B182",Char,1,RO,100,,,,,,,,,,"条码",
"1010.Task.Code_1","DB51,B183",Char,1,RO,100,,,,,,,,,,"条码",
"1010.Task.Code_2","DB51,B184",Char,1,RO,100,,,,,,,,,,"条码",
"1010.Task.Code_3","DB51,B185",Char,1,RO,100,,,,,,,,,,"条码",
"1010.Task.Code_4","DB51,B186",Char,1,RO,100,,,,,,,,,,"条码",
"1010.Task.Code_5","DB51,B187",Char,1,RO,100,,,,,,,,,,"条码",
"1010.Task.Code_6","DB51,B188",Char,1,RO,100,,,,,,,,,,"条码",
"1010.Task.Code_7","DB51,B189",Char,1,RO,100,,,,,,,,,,"条码",
"1010.Task.DestSta","DB51,W194",Short,1,RO,100,,,,,,,,,,"目标站台",
"1010.Task.StartSta","DB51,W192",Short,1,RO,100,,,,,,,,,,"开始站台",
"1010.Task.Task","DB51,W180",Short,1,RO,100,,,,,,,,,,"任务号",
"1010.Task.TpType","DB51,W190",Short,1,RO,100,,,,,,,,,,"货物类型",
"1011.Alarm.DriveFault","DB76,X20.2",Boolean,1,RO,100,,,,,,,,,,"驱动器故障",
"1011.Alarm.EstopFault","DB76,X20.7",Boolean,1,RO,100,,,,,,,,,,"急停故障",
"1011.Alarm.LS_Fault","DB76,X21.2",Boolean,1,RO,100,,,,,,,,,,"限位故障",
"1011.Alarm.OutSideFault","DB76,X21.1",Boolean,1,RO,100,,,,,,,,,,"货物超边故障",
"1011.Alarm.PH_Fault","DB76,X20.6",Boolean,1,RO,100,,,,,,,,,,"光电管异常",
"1011.Alarm.QF_Fault","DB76,X20.4",Boolean,1,RO,100,,,,,,,,,,"空开故障",
"1011.Alarm.QS_Fault","DB76,X20.5",Boolean,1,RO,100,,,,,,,,,,"隔离开关故障",
"1011.Alarm.TimeOutFault","DB76,X20.3",Boolean,1,RO,100,,,,,,,,,,"超时故障",
"1011.Alarm.TotalFault","DB76,X20.1",Boolean,1,RO,100,,,,,,,,,,"总故障",
"1011.State.BackUp10","DB51,X217.3",Boolean,1,RO,100,,,,,,,,,,"备用",
"1011.State.BackUp11","DB51,X217.4",Boolean,1,RO,100,,,,,,,,,,"备用",
"1011.State.BackUp12","DB51,X217.5",Boolean,1,RO,100,,,,,,,,,,"备用",
"1011.State.BackUp13","DB51,X217.6",Boolean,1,RO,100,,,,,,,,,,"备用",
"1011.State.CheckOK","DB51,X217.2",Boolean,1,RO,100,,,,,,,,,,"1条码校验成功",
"1011.State.ForwardRun","DB76,X21.5",Boolean,1,RO,100,,,,,,,,,,"正转运行",
"1011.State.IsRotate","DB51,B216",Byte,1,RO,100,,,,,,,,,,"1旋转/2不旋转",
"1011.State.Load","DB76,X21.3",Boolean,1,RO,100,,,,,,,,,,"负载",
"1011.State.NoRead","DB51,X217.1",Boolean,1,RO,100,,,,,,,,,,"1条码读不出来",
"1011.State.OutFlag","DB51,W218",Short,1,RO,100,,,,,,,,,,"1出库站台无货",
"1011.State.ReadOK","DB51,X217.0",Boolean,1,RO,100,,,,,,,,,,"1条码读取成功",
"1011.State.Remaining","DB51,X217.7",Boolean,1,RO,100,,,,,,,,,,"1尾盘、0整盘",
"1011.State.ReversalRun","DB76,X21.6",Boolean,1,RO,100,,,,,,,,,,"反转运行",
"1011.State.Runing","DB76,X20.0",Boolean,1,RO,100,,,,,,,,,,"设备运行标志",
"1011.State.SelectPlace","DB76,X21.4",Boolean,1,RO,100,,,,,,,,,,"选中位",
"1011.State.State_BY2","DB76,X21.0",Boolean,1,RO,100,,,,,,,,,,"备用2",
"1011.State.State_BY3","DB76,X21.7",Boolean,1,RO,100,,,,,,,,,,"备用",
"1011.Task.Code","DB51,B202",Char,1,RO,100,,,,,,,,,,"条码",
"1011.Task.Code_1","DB51,B203",Char,1,RO,100,,,,,,,,,,"条码",
"1011.Task.Code_2","DB51,B204",Char,1,RO,100,,,,,,,,,,"条码",
"1011.Task.Code_3","DB51,B205",Char,1,RO,100,,,,,,,,,,"条码",
"1011.Task.Code_4","DB51,B206",Char,1,RO,100,,,,,,,,,,"条码",
"1011.Task.Code_5","DB51,B207",Char,1,RO,100,,,,,,,,,,"条码",
"1011.Task.Code_6","DB51,B208",Char,1,RO,100,,,,,,,,,,"条码",
"1011.Task.Code_7","DB51,B209",Char,1,RO,100,,,,,,,,,,"条码",
"1011.Task.DestSta","DB51,W214",Short,1,RO,100,,,,,,,,,,"目标站台",
"1011.Task.StartSta","DB51,W212",Short,1,RO,100,,,,,,,,,,"开始站台",
"1011.Task.Task","DB51,W200",Short,1,RO,100,,,,,,,,,,"任务号",
"1011.Task.TpType","DB51,W210",Short,1,RO,100,,,,,,,,,,"货物类型",
"1012.Alarm.DriveFault","DB76,X22.2",Boolean,1,RO,100,,,,,,,,,,"驱动器故障",
"1012.Alarm.EstopFault","DB76,X22.7",Boolean,1,RO,100,,,,,,,,,,"急停故障",
"1012.Alarm.LS_Fault","DB76,X23.2",Boolean,1,RO,100,,,,,,,,,,"限位故障",
"1012.Alarm.OutSideFault","DB76,X23.1",Boolean,1,RO,100,,,,,,,,,,"货物超边故障",
"1012.Alarm.PH_Fault","DB76,X22.6",Boolean,1,RO,100,,,,,,,,,,"光电管异常",
"1012.Alarm.QF_Fault","DB76,X22.4",Boolean,1,RO,100,,,,,,,,,,"空开故障",
"1012.Alarm.QS_Fault","DB76,X22.5",Boolean,1,RO,100,,,,,,,,,,"隔离开关故障",
"1012.Alarm.TimeOutFault","DB76,X22.3",Boolean,1,RO,100,,,,,,,,,,"超时故障",
"1012.Alarm.TotalFault","DB76,X22.1",Boolean,1,RO,100,,,,,,,,,,"总故障",
"1012.State.BackUp10","DB51,X237.3",Boolean,1,RO,100,,,,,,,,,,"备用",
"1012.State.BackUp11","DB51,X237.4",Boolean,1,RO,100,,,,,,,,,,"备用",
"1012.State.BackUp12","DB51,X237.5",Boolean,1,RO,100,,,,,,,,,,"备用",
"1012.State.BackUp13","DB51,X237.6",Boolean,1,RO,100,,,,,,,,,,"备用",
"1012.State.CheckOK","DB51,X237.2",Boolean,1,RO,100,,,,,,,,,,"1条码校验成功",
"1012.State.ForwardRun","DB76,X23.5",Boolean,1,RO,100,,,,,,,,,,"正转运行",
"1012.State.IsRotate","DB51,B236",Byte,1,RO,100,,,,,,,,,,"1旋转/2不旋转",
"1012.State.Load","DB76,X23.3",Boolean,1,RO,100,,,,,,,,,,"负载",
"1012.State.NoRead","DB51,X237.1",Boolean,1,RO,100,,,,,,,,,,"1条码读不出来",
"1012.State.OutFlag","DB51,W238",Short,1,RO,100,,,,,,,,,,"1出库站台无货",
"1012.State.ReadOK","DB51,X237.0",Boolean,1,RO,100,,,,,,,,,,"1条码读取成功",
"1012.State.Remaining","DB51,X237.7",Boolean,1,RO,100,,,,,,,,,,"1尾盘、0整盘",
"1012.State.ReversalRun","DB76,X23.6",Boolean,1,RO,100,,,,,,,,,,"反转运行",
"1012.State.Runing","DB76,X22.0",Boolean,1,RO,100,,,,,,,,,,"设备运行标志",
"1012.State.SelectPlace","DB76,X23.4",Boolean,1,RO,100,,,,,,,,,,"选中位",
"1012.State.State_BY2","DB76,X23.0",Boolean,1,RO,100,,,,,,,,,,"备用2",
"1012.State.State_BY3","DB76,X23.7",Boolean,1,RO,100,,,,,,,,,,"备用",
"1012.Task.Code","DB51,B222",Char,1,RO,100,,,,,,,,,,"条码",
"1012.Task.Code_1","DB51,B223",Char,1,RO,100,,,,,,,,,,"条码",
"1012.Task.Code_2","DB51,B224",Char,1,RO,100,,,,,,,,,,"条码",
"1012.Task.Code_3","DB51,B225",Char,1,RO,100,,,,,,,,,,"条码",
"1012.Task.Code_4","DB51,B226",Char,1,RO,100,,,,,,,,,,"条码",
"1012.Task.Code_5","DB51,B227",Char,1,RO,100,,,,,,,,,,"条码",
"1012.Task.Code_6","DB51,B228",Char,1,RO,100,,,,,,,,,,"条码",
"1012.Task.Code_7","DB51,B229",Char,1,RO,100,,,,,,,,,,"条码",
"1012.Task.DestSta","DB51,W234",Short,1,RO,100,,,,,,,,,,"目标站台",
"1012.Task.StartSta","DB51,W232",Short,1,RO,100,,,,,,,,,,"开始站台",
"1012.Task.Task","DB51,W220",Short,1,RO,100,,,,,,,,,,"任务号",
"1012.Task.TpType","DB51,W230",Short,1,RO,100,,,,,,,,,,"货物类型",
"1013.Alarm.DriveFault","DB76,X24.2",Boolean,1,RO,100,,,,,,,,,,"驱动器故障",
"1013.Alarm.EstopFault","DB76,X24.7",Boolean,1,RO,100,,,,,,,,,,"急停故障",
"1013.Alarm.LS_Fault","DB76,X25.2",Boolean,1,RO,100,,,,,,,,,,"限位故障",
"1013.Alarm.OutSideFault","DB76,X25.1",Boolean,1,RO,100,,,,,,,,,,"货物超边故障",
"1013.Alarm.PH_Fault","DB76,X24.6",Boolean,1,RO,100,,,,,,,,,,"光电管异常",
"1013.Alarm.QF_Fault","DB76,X24.4",Boolean,1,RO,100,,,,,,,,,,"空开故障",
"1013.Alarm.QS_Fault","DB76,X24.5",Boolean,1,RO,100,,,,,,,,,,"隔离开关故障",
"1013.Alarm.TimeOutFault","DB76,X24.3",Boolean,1,RO,100,,,,,,,,,,"超时故障",
"1013.Alarm.TotalFault","DB76,X24.1",Boolean,1,RO,100,,,,,,,,,,"总故障",
"1013.State.BackUp10","DB51,X257.3",Boolean,1,RO,100,,,,,,,,,,"备用",
"1013.State.BackUp11","DB51,X257.4",Boolean,1,RO,100,,,,,,,,,,"备用",
"1013.State.BackUp12","DB51,X257.5",Boolean,1,RO,100,,,,,,,,,,"备用",
"1013.State.BackUp13","DB51,X257.6",Boolean,1,RO,100,,,,,,,,,,"备用",
"1013.State.CheckOK","DB51,X257.2",Boolean,1,RO,100,,,,,,,,,,"1条码校验成功",
"1013.State.ForwardRun","DB76,X25.5",Boolean,1,RO,100,,,,,,,,,,"正转运行",
"1013.State.IsRotate","DB51,B256",Byte,1,RO,100,,,,,,,,,,"1旋转/2不旋转",
"1013.State.Load","DB76,X25.3",Boolean,1,RO,100,,,,,,,,,,"负载",
"1013.State.NoRead","DB51,X257.1",Boolean,1,RO,100,,,,,,,,,,"1条码读不出来",
"1013.State.OutFlag","DB51,W258",Short,1,RO,100,,,,,,,,,,"1出库站台无货",
"1013.State.ReadOK","DB51,X257.0",Boolean,1,RO,100,,,,,,,,,,"1条码读取成功",
"1013.State.Remaining","DB51,X257.7",Boolean,1,RO,100,,,,,,,,,,"1尾盘、0整盘",
"1013.State.ReversalRun","DB76,X25.6",Boolean,1,RO,100,,,,,,,,,,"反转运行",
"1013.State.Runing","DB76,X24.0",Boolean,1,RO,100,,,,,,,,,,"设备运行标志",
"1013.State.SelectPlace","DB76,X25.4",Boolean,1,RO,100,,,,,,,,,,"选中位",
"1013.State.State_BY2","DB76,X25.0",Boolean,1,RO,100,,,,,,,,,,"备用2",
"1013.State.State_BY3","DB76,X25.7",Boolean,1,RO,100,,,,,,,,,,"备用",
"1013.Task.Code","DB51,B242",Char,1,RO,100,,,,,,,,,,"条码",
"1013.Task.Code_1","DB51,B243",Char,1,RO,100,,,,,,,,,,"条码",
"1013.Task.Code_2","DB51,B244",Char,1,RO,100,,,,,,,,,,"条码",
"1013.Task.Code_3","DB51,B245",Char,1,RO,100,,,,,,,,,,"条码",
"1013.Task.Code_4","DB51,B246",Char,1,RO,100,,,,,,,,,,"条码",
"1013.Task.Code_5","DB51,B247",Char,1,RO,100,,,,,,,,,,"条码",
"1013.Task.Code_6","DB51,B248",Char,1,RO,100,,,,,,,,,,"条码",
"1013.Task.Code_7","DB51,B249",Char,1,RO,100,,,,,,,,,,"条码",
"1013.Task.DestSta","DB51,W254",Short,1,RO,100,,,,,,,,,,"目标站台",
"1013.Task.StartSta","DB51,W252",Short,1,RO,100,,,,,,,,,,"开始站台",
"1013.Task.Task","DB51,W240",Short,1,RO,100,,,,,,,,,,"任务号",
"1013.Task.TpType","DB51,W250",Short,1,RO,100,,,,,,,,,,"货物类型",
"1014.Alarm.DriveFault","DB76,X26.2",Boolean,1,RO,100,,,,,,,,,,"驱动器故障",
"1014.Alarm.EstopFault","DB76,X26.7",Boolean,1,RO,100,,,,,,,,,,"急停故障",
"1014.Alarm.LS_Fault","DB76,X27.2",Boolean,1,RO,100,,,,,,,,,,"限位故障",
"1014.Alarm.OutSideFault","DB76,X27.1",Boolean,1,RO,100,,,,,,,,,,"货物超边故障",
"1014.Alarm.PH_Fault","DB76,X26.6",Boolean,1,RO,100,,,,,,,,,,"光电管异常",
"1014.Alarm.QF_Fault","DB76,X26.4",Boolean,1,RO,100,,,,,,,,,,"空开故障",
"1014.Alarm.QS_Fault","DB76,X26.5",Boolean,1,RO,100,,,,,,,,,,"隔离开关故障",
"1014.Alarm.TimeOutFault","DB76,X26.3",Boolean,1,RO,100,,,,,,,,,,"超时故障",
"1014.Alarm.TotalFault","DB76,X26.1",Boolean,1,RO,100,,,,,,,,,,"总故障",
"1014.State.BackUp10","DB51,X277.3",Boolean,1,RO,100,,,,,,,,,,"备用",
"1014.State.BackUp11","DB51,X277.4",Boolean,1,RO,100,,,,,,,,,,"备用",
"1014.State.BackUp12","DB51,X277.5",Boolean,1,RO,100,,,,,,,,,,"备用",
"1014.State.BackUp13","DB51,X277.6",Boolean,1,RO,100,,,,,,,,,,"备用",
"1014.State.CheckOK","DB51,X277.2",Boolean,1,RO,100,,,,,,,,,,"1条码校验成功",
"1014.State.ForwardRun","DB76,X27.5",Boolean,1,RO,100,,,,,,,,,,"正转运行",
"1014.State.IsRotate","DB51,B276",Byte,1,RO,100,,,,,,,,,,"1旋转/2不旋转",
"1014.State.Load","DB76,X27.3",Boolean,1,RO,100,,,,,,,,,,"负载",
"1014.State.NoRead","DB51,X277.1",Boolean,1,RO,100,,,,,,,,,,"1条码读不出来",
"1014.State.OutFlag","DB51,W278",Short,1,RO,100,,,,,,,,,,"1出库站台无货",
"1014.State.ReadOK","DB51,X277.0",Boolean,1,RO,100,,,,,,,,,,"1条码读取成功",
"1014.State.Remaining","DB51,X277.7",Boolean,1,RO,100,,,,,,,,,,"1尾盘、0整盘",
"1014.State.ReversalRun","DB76,X27.6",Boolean,1,RO,100,,,,,,,,,,"反转运行",
"1014.State.Runing","DB76,X26.0",Boolean,1,RO,100,,,,,,,,,,"设备运行标志",
"1014.State.SelectPlace","DB76,X27.4",Boolean,1,RO,100,,,,,,,,,,"选中位",
"1014.State.State_BY2","DB76,X27.0",Boolean,1,RO,100,,,,,,,,,,"备用2",
"1014.State.State_BY3","DB76,X27.7",Boolean,1,RO,100,,,,,,,,,,"备用",
"1014.Task.Code","DB51,B262",Char,1,RO,100,,,,,,,,,,"条码",
"1014.Task.Code_1","DB51,B263",Char,1,RO,100,,,,,,,,,,"条码",
"1014.Task.Code_2","DB51,B264",Char,1,RO,100,,,,,,,,,,"条码",
"1014.Task.Code_3","DB51,B265",Char,1,RO,100,,,,,,,,,,"条码",
"1014.Task.Code_4","DB51,B266",Char,1,RO,100,,,,,,,,,,"条码",
"1014.Task.Code_5","DB51,B267",Char,1,RO,100,,,,,,,,,,"条码",
"1014.Task.Code_6","DB51,B268",Char,1,RO,100,,,,,,,,,,"条码",
"1014.Task.Code_7","DB51,B269",Char,1,RO,100,,,,,,,,,,"条码",
"1014.Task.DestSta","DB51,W274",Short,1,RO,100,,,,,,,,,,"目标站台",
"1014.Task.StartSta","DB51,W272",Short,1,RO,100,,,,,,,,,,"开始站台",
"1014.Task.Task","DB51,W260",Short,1,RO,100,,,,,,,,,,"任务号",
"1014.Task.TpType","DB51,W270",Short,1,RO,100,,,,,,,,,,"货物类型",
"1015.Alarm.DriveFault","DB76,X28.2",Boolean,1,RO,100,,,,,,,,,,"驱动器故障",
"1015.Alarm.EstopFault","DB76,X28.7",Boolean,1,RO,100,,,,,,,,,,"急停故障",
"1015.Alarm.LS_Fault","DB76,X29.2",Boolean,1,RO,100,,,,,,,,,,"限位故障",
"1015.Alarm.OutSideFault","DB76,X29.1",Boolean,1,RO,100,,,,,,,,,,"货物超边故障",
"1015.Alarm.PH_Fault","DB76,X28.6",Boolean,1,RO,100,,,,,,,,,,"光电管异常",
"1015.Alarm.QF_Fault","DB76,X28.4",Boolean,1,RO,100,,,,,,,,,,"空开故障",
"1015.Alarm.QS_Fault","DB76,X28.5",Boolean,1,RO,100,,,,,,,,,,"隔离开关故障",
"1015.Alarm.TimeOutFault","DB76,X28.3",Boolean,1,RO,100,,,,,,,,,,"超时故障",
"1015.Alarm.TotalFault","DB76,X28.1",Boolean,1,RO,100,,,,,,,,,,"总故障",
"1015.State.BackUp10","DB51,X297.3",Boolean,1,RO,100,,,,,,,,,,"备用",
"1015.State.BackUp11","DB51,X297.4",Boolean,1,RO,100,,,,,,,,,,"备用",
"1015.State.BackUp12","DB51,X297.5",Boolean,1,RO,100,,,,,,,,,,"备用",
"1015.State.BackUp13","DB51,X297.6",Boolean,1,RO,100,,,,,,,,,,"备用",
"1015.State.CheckOK","DB51,X297.2",Boolean,1,RO,100,,,,,,,,,,"1条码校验成功",
"1015.State.ForwardRun","DB76,X29.5",Boolean,1,RO,100,,,,,,,,,,"正转运行",
"1015.State.IsRotate","DB51,B296",Byte,1,RO,100,,,,,,,,,,"1旋转/2不旋转",
"1015.State.Load","DB76,X29.3",Boolean,1,RO,100,,,,,,,,,,"负载",
"1015.State.NoRead","DB51,X297.1",Boolean,1,RO,100,,,,,,,,,,"1条码读不出来",
"1015.State.OutFlag","DB51,W298",Short,1,RO,100,,,,,,,,,,"1出库站台无货",
"1015.State.ReadOK","DB51,X297.0",Boolean,1,RO,100,,,,,,,,,,"1条码读取成功",
"1015.State.Remaining","DB51,X297.7",Boolean,1,RO,100,,,,,,,,,,"1尾盘、0整盘",
"1015.State.ReversalRun","DB76,X29.6",Boolean,1,RO,100,,,,,,,,,,"反转运行",
"1015.State.Runing","DB76,X28.0",Boolean,1,RO,100,,,,,,,,,,"设备运行标志",
"1015.State.SelectPlace","DB76,X29.4",Boolean,1,RO,100,,,,,,,,,,"选中位",
"1015.State.State_BY2","DB76,X29.0",Boolean,1,RO,100,,,,,,,,,,"备用2",
"1015.State.State_BY3","DB76,X29.7",Boolean,1,RO,100,,,,,,,,,,"备用",
"1015.Task.Code","DB51,B282",Char,1,RO,100,,,,,,,,,,"条码",
"1015.Task.Code_1","DB51,B283",Char,1,RO,100,,,,,,,,,,"条码",
"1015.Task.Code_2","DB51,B284",Char,1,RO,100,,,,,,,,,,"条码",
"1015.Task.Code_3","DB51,B285",Char,1,RO,100,,,,,,,,,,"条码",
"1015.Task.Code_4","DB51,B286",Char,1,RO,100,,,,,,,,,,"条码",
"1015.Task.Code_5","DB51,B287",Char,1,RO,100,,,,,,,,,,"条码",
"1015.Task.Code_6","DB51,B288",Char,1,RO,100,,,,,,,,,,"条码",
"1015.Task.Code_7","DB51,B289",Char,1,RO,100,,,,,,,,,,"条码",
"1015.Task.DestSta","DB51,W294",Short,1,RO,100,,,,,,,,,,"目标站台",
"1015.Task.StartSta","DB51,W292",Short,1,RO,100,,,,,,,,,,"开始站台",
"1015.Task.Task","DB51,W280",Short,1,RO,100,,,,,,,,,,"任务号",
"1015.Task.TpType","DB51,W290",Short,1,RO,100,,,,,,,,,,"货物类型",
"1016.Alarm.DriveFault","DB76,X30.2",Boolean,1,RO,100,,,,,,,,,,"驱动器故障",
"1016.Alarm.EstopFault","DB76,X30.7",Boolean,1,RO,100,,,,,,,,,,"急停故障",
"1016.Alarm.LS_Fault","DB76,X31.2",Boolean,1,RO,100,,,,,,,,,,"限位故障",
"1016.Alarm.OutSideFault","DB76,X31.1",Boolean,1,RO,100,,,,,,,,,,"货物超边故障",
"1016.Alarm.PH_Fault","DB76,X30.6",Boolean,1,RO,100,,,,,,,,,,"光电管异常",
"1016.Alarm.QF_Fault","DB76,X30.4",Boolean,1,RO,100,,,,,,,,,,"空开故障",
"1016.Alarm.QS_Fault","DB76,X30.5",Boolean,1,RO,100,,,,,,,,,,"隔离开关故障",
"1016.Alarm.TimeOutFault","DB76,X30.3",Boolean,1,RO,100,,,,,,,,,,"超时故障",
"1016.Alarm.TotalFault","DB76,X30.1",Boolean,1,RO,100,,,,,,,,,,"总故障",
"1016.State.BackUp10","DB51,X317.3",Boolean,1,RO,100,,,,,,,,,,"备用",
"1016.State.BackUp11","DB51,X317.4",Boolean,1,RO,100,,,,,,,,,,"备用",
"1016.State.BackUp12","DB51,X317.5",Boolean,1,RO,100,,,,,,,,,,"备用",
"1016.State.BackUp13","DB51,X317.6",Boolean,1,RO,100,,,,,,,,,,"备用",
"1016.State.CheckOK","DB51,X317.2",Boolean,1,RO,100,,,,,,,,,,"1条码校验成功",
"1016.State.ForwardRun","DB76,X31.5",Boolean,1,RO,100,,,,,,,,,,"正转运行",
"1016.State.IsRotate","DB51,B316",Byte,1,RO,100,,,,,,,,,,"1旋转/2不旋转",
"1016.State.Load","DB76,X31.3",Boolean,1,RO,100,,,,,,,,,,"负载",
"1016.State.NoRead","DB51,X317.1",Boolean,1,RO,100,,,,,,,,,,"1条码读不出来",
"1016.State.OutFlag","DB51,W318",Short,1,RO,100,,,,,,,,,,"1出库站台无货",
"1016.State.ReadOK","DB51,X317.0",Boolean,1,RO,100,,,,,,,,,,"1条码读取成功",
"1016.State.Remaining","DB51,X317.7",Boolean,1,RO,100,,,,,,,,,,"1尾盘、0整盘",
"1016.State.ReversalRun","DB76,X31.6",Boolean,1,RO,100,,,,,,,,,,"反转运行",
"1016.State.Runing","DB76,X30.0",Boolean,1,RO,100,,,,,,,,,,"设备运行标志",
"1016.State.SelectPlace","DB76,X31.4",Boolean,1,RO,100,,,,,,,,,,"选中位",
"1016.State.State_BY2","DB76,X31.0",Boolean,1,RO,100,,,,,,,,,,"备用2",
"1016.State.State_BY3","DB76,X31.7",Boolean,1,RO,100,,,,,,,,,,"备用",
"1016.Task.Code","DB51,B302",Char,1,RO,100,,,,,,,,,,"条码",
"1016.Task.Code_1","DB51,B303",Char,1,RO,100,,,,,,,,,,"条码",
"1016.Task.Code_2","DB51,B304",Char,1,RO,100,,,,,,,,,,"条码",
"1016.Task.Code_3","DB51,B305",Char,1,RO,100,,,,,,,,,,"条码",
"1016.Task.Code_4","DB51,B306",Char,1,RO,100,,,,,,,,,,"条码",
"1016.Task.Code_5","DB51,B307",Char,1,RO,100,,,,,,,,,,"条码",
"1016.Task.Code_6","DB51,B308",Char,1,RO,100,,,,,,,,,,"条码",
"1016.Task.Code_7","DB51,B309",Char,1,RO,100,,,,,,,,,,"条码",
"1016.Task.DestSta","DB51,W314",Short,1,RO,100,,,,,,,,,,"目标站台",
"1016.Task.StartSta","DB51,W312",Short,1,RO,100,,,,,,,,,,"开始站台",
"1016.Task.Task","DB51,W300",Short,1,RO,100,,,,,,,,,,"任务号",
"1016.Task.TpType","DB51,W310",Short,1,RO,100,,,,,,,,,,"货物类型",
"1017.Alarm.DriveFault","DB76,X32.2",Boolean,1,RO,100,,,,,,,,,,"驱动器故障",
"1017.Alarm.EstopFault","DB76,X32.7",Boolean,1,RO,100,,,,,,,,,,"急停故障",
"1017.Alarm.LS_Fault","DB76,X33.2",Boolean,1,RO,100,,,,,,,,,,"限位故障",
"1017.Alarm.OutSideFault","DB76,X33.1",Boolean,1,RO,100,,,,,,,,,,"货物超边故障",
"1017.Alarm.PH_Fault","DB76,X32.6",Boolean,1,RO,100,,,,,,,,,,"光电管异常",
"1017.Alarm.QF_Fault","DB76,X32.4",Boolean,1,RO,100,,,,,,,,,,"空开故障",
"1017.Alarm.QS_Fault","DB76,X32.5",Boolean,1,RO,100,,,,,,,,,,"隔离开关故障",
"1017.Alarm.TimeOutFault","DB76,X32.3",Boolean,1,RO,100,,,,,,,,,,"超时故障",
"1017.Alarm.TotalFault","DB76,X32.1",Boolean,1,RO,100,,,,,,,,,,"总故障",
"1017.State.BackUp10","DB51,X337.3",Boolean,1,RO,100,,,,,,,,,,"备用",
"1017.State.BackUp11","DB51,X337.4",Boolean,1,RO,100,,,,,,,,,,"备用",
"1017.State.BackUp12","DB51,X337.5",Boolean,1,RO,100,,,,,,,,,,"备用",
"1017.State.BackUp13","DB51,X337.6",Boolean,1,RO,100,,,,,,,,,,"备用",
"1017.State.CheckOK","DB51,X337.2",Boolean,1,RO,100,,,,,,,,,,"1条码校验成功",
"1017.State.ForwardRun","DB76,X33.5",Boolean,1,RO,100,,,,,,,,,,"正转运行",
"1017.State.IsRotate","DB51,B336",Byte,1,RO,100,,,,,,,,,,"1旋转/2不旋转",
"1017.State.Load","DB76,X33.3",Boolean,1,RO,100,,,,,,,,,,"负载",
"1017.State.NoRead","DB51,X337.1",Boolean,1,RO,100,,,,,,,,,,"1条码读不出来",
"1017.State.OutFlag","DB51,W338",Short,1,RO,100,,,,,,,,,,"1出库站台无货",
"1017.State.ReadOK","DB51,X337.0",Boolean,1,RO,100,,,,,,,,,,"1条码读取成功",
"1017.State.Remaining","DB51,X337.7",Boolean,1,RO,100,,,,,,,,,,"1尾盘、0整盘",
"1017.State.ReversalRun","DB76,X33.6",Boolean,1,RO,100,,,,,,,,,,"反转运行",
"1017.State.Runing","DB76,X32.0",Boolean,1,RO,100,,,,,,,,,,"设备运行标志",
"1017.State.SelectPlace","DB76,X33.4",Boolean,1,RO,100,,,,,,,,,,"选中位",
"1017.State.State_BY2","DB76,X33.0",Boolean,1,RO,100,,,,,,,,,,"备用2",
"1017.State.State_BY3","DB76,X33.7",Boolean,1,RO,100,,,,,,,,,,"备用",
"1017.Task.Code","DB51,B322",Char,1,RO,100,,,,,,,,,,"条码",
"1017.Task.Code_1","DB51,B323",Char,1,RO,100,,,,,,,,,,"条码",
"1017.Task.Code_2","DB51,B324",Char,1,RO,100,,,,,,,,,,"条码",
"1017.Task.Code_3","DB51,B325",Char,1,RO,100,,,,,,,,,,"条码",
"1017.Task.Code_4","DB51,B326",Char,1,RO,100,,,,,,,,,,"条码",
"1017.Task.Code_5","DB51,B327",Char,1,RO,100,,,,,,,,,,"条码",
"1017.Task.Code_6","DB51,B328",Char,1,RO,100,,,,,,,,,,"条码",
"1017.Task.Code_7","DB51,B329",Char,1,RO,100,,,,,,,,,,"条码",
"1017.Task.DestSta","DB51,W334",Short,1,RO,100,,,,,,,,,,"目标站台",
"1017.Task.StartSta","DB51,W332",Short,1,RO,100,,,,,,,,,,"开始站台",
"1017.Task.Task","DB51,W320",Short,1,RO,100,,,,,,,,,,"任务号",
"1017.Task.TpType","DB51,W330",Short,1,RO,100,,,,,,,,,,"货物类型",
"1018.Alarm.DriveFault","DB76,X34.2",Boolean,1,RO,100,,,,,,,,,,"驱动器故障",
"1018.Alarm.EstopFault","DB76,X34.7",Boolean,1,RO,100,,,,,,,,,,"急停故障",
"1018.Alarm.LS_Fault","DB76,X35.2",Boolean,1,RO,100,,,,,,,,,,"限位故障",
"1018.Alarm.OutSideFault","DB76,X35.1",Boolean,1,RO,100,,,,,,,,,,"货物超边故障",
"1018.Alarm.PH_Fault","DB76,X34.6",Boolean,1,RO,100,,,,,,,,,,"光电管异常",
"1018.Alarm.QF_Fault","DB76,X34.4",Boolean,1,RO,100,,,,,,,,,,"空开故障",
"1018.Alarm.QS_Fault","DB76,X34.5",Boolean,1,RO,100,,,,,,,,,,"隔离开关故障",
"1018.Alarm.TimeOutFault","DB76,X34.3",Boolean,1,RO,100,,,,,,,,,,"超时故障",
"1018.Alarm.TotalFault","DB76,X34.1",Boolean,1,RO,100,,,,,,,,,,"总故障",
"1018.State.BackUp10","DB51,X357.3",Boolean,1,RO,100,,,,,,,,,,"备用",
"1018.State.BackUp11","DB51,X357.4",Boolean,1,RO,100,,,,,,,,,,"备用",
"1018.State.BackUp12","DB51,X357.5",Boolean,1,RO,100,,,,,,,,,,"备用",
"1018.State.BackUp13","DB51,X357.6",Boolean,1,RO,100,,,,,,,,,,"备用",
"1018.State.CheckOK","DB51,X357.2",Boolean,1,RO,100,,,,,,,,,,"1条码校验成功",
"1018.State.ForwardRun","DB76,X35.5",Boolean,1,RO,100,,,,,,,,,,"正转运行",
"1018.State.IsRotate","DB51,B356",Byte,1,RO,100,,,,,,,,,,"1旋转/2不旋转",
"1018.State.Load","DB76,X35.3",Boolean,1,RO,100,,,,,,,,,,"负载",
"1018.State.NoRead","DB51,X357.1",Boolean,1,RO,100,,,,,,,,,,"1条码读不出来",
"1018.State.OutFlag","DB51,W358",Short,1,RO,100,,,,,,,,,,"1出库站台无货",
"1018.State.ReadOK","DB51,X357.0",Boolean,1,RO,100,,,,,,,,,,"1条码读取成功",
"1018.State.Remaining","DB51,X357.7",Boolean,1,RO,100,,,,,,,,,,"1尾盘、0整盘",
"1018.State.ReversalRun","DB76,X35.6",Boolean,1,RO,100,,,,,,,,,,"反转运行",
"1018.State.Runing","DB76,X34.0",Boolean,1,RO,100,,,,,,,,,,"设备运行标志",
"1018.State.SelectPlace","DB76,X35.4",Boolean,1,RO,100,,,,,,,,,,"选中位",
"1018.State.State_BY2","DB76,X35.0",Boolean,1,RO,100,,,,,,,,,,"备用2",
"1018.State.State_BY3","DB76,X35.7",Boolean,1,RO,100,,,,,,,,,,"备用",
"1018.Task.Code","DB51,B342",Char,1,RO,100,,,,,,,,,,"条码",
"1018.Task.Code_1","DB51,B343",Char,1,RO,100,,,,,,,,,,"条码",
"1018.Task.Code_2","DB51,B344",Char,1,RO,100,,,,,,,,,,"条码",
"1018.Task.Code_3","DB51,B345",Char,1,RO,100,,,,,,,,,,"条码",
"1018.Task.Code_4","DB51,B346",Char,1,RO,100,,,,,,,,,,"条码",
"1018.Task.Code_5","DB51,B347",Char,1,RO,100,,,,,,,,,,"条码",
"1018.Task.Code_6","DB51,B348",Char,1,RO,100,,,,,,,,,,"条码",
"1018.Task.Code_7","DB51,B349",Char,1,RO,100,,,,,,,,,,"条码",
"1018.Task.DestSta","DB51,W354",Short,1,RO,100,,,,,,,,,,"目标站台",
"1018.Task.StartSta","DB51,W352",Short,1,RO,100,,,,,,,,,,"开始站台",
"1018.Task.Task","DB51,W340",Short,1,RO,100,,,,,,,,,,"任务号",
"1018.Task.TpType","DB51,W350",Short,1,RO,100,,,,,,,,,,"货物类型",
"1019.Alarm.DriveFault","DB76,X36.2",Boolean,1,RO,100,,,,,,,,,,"驱动器故障",
"1019.Alarm.EstopFault","DB76,X36.7",Boolean,1,RO,100,,,,,,,,,,"急停故障",
"1019.Alarm.LS_Fault","DB76,X37.2",Boolean,1,RO,100,,,,,,,,,,"限位故障",
"1019.Alarm.OutSideFault","DB76,X37.1",Boolean,1,RO,100,,,,,,,,,,"货物超边故障",
"1019.Alarm.PH_Fault","DB76,X36.6",Boolean,1,RO,100,,,,,,,,,,"光电管异常",
"1019.Alarm.QF_Fault","DB76,X36.4",Boolean,1,RO,100,,,,,,,,,,"空开故障",
"1019.Alarm.QS_Fault","DB76,X36.5",Boolean,1,RO,100,,,,,,,,,,"隔离开关故障",
"1019.Alarm.TimeOutFault","DB76,X36.3",Boolean,1,RO,100,,,,,,,,,,"超时故障",
"1019.Alarm.TotalFault","DB76,X36.1",Boolean,1,RO,100,,,,,,,,,,"总故障",
"1019.State.BackUp10","DB51,X377.3",Boolean,1,RO,100,,,,,,,,,,"备用",
"1019.State.BackUp11","DB51,X377.4",Boolean,1,RO,100,,,,,,,,,,"备用",
"1019.State.BackUp12","DB51,X377.5",Boolean,1,RO,100,,,,,,,,,,"备用",
"1019.State.BackUp13","DB51,X377.6",Boolean,1,RO,100,,,,,,,,,,"备用",
"1019.State.CheckOK","DB51,X377.2",Boolean,1,RO,100,,,,,,,,,,"1条码校验成功",
"1019.State.ForwardRun","DB76,X37.5",Boolean,1,RO,100,,,,,,,,,,"正转运行",
"1019.State.IsRotate","DB51,B376",Byte,1,RO,100,,,,,,,,,,"1旋转/2不旋转",
"1019.State.Load","DB76,X37.3",Boolean,1,RO,100,,,,,,,,,,"负载",
"1019.State.NoRead","DB51,X377.1",Boolean,1,RO,100,,,,,,,,,,"1条码读不出来",
"1019.State.OutFlag","DB51,W378",Short,1,RO,100,,,,,,,,,,"1出库站台无货",
"1019.State.ReadOK","DB51,X377.0",Boolean,1,RO,100,,,,,,,,,,"1条码读取成功",
"1019.State.Remaining","DB51,X377.7",Boolean,1,RO,100,,,,,,,,,,"1尾盘、0整盘",
"1019.State.ReversalRun","DB76,X37.6",Boolean,1,RO,100,,,,,,,,,,"反转运行",
"1019.State.Runing","DB76,X36.0",Boolean,1,RO,100,,,,,,,,,,"设备运行标志",
"1019.State.SelectPlace","DB76,X37.4",Boolean,1,RO,100,,,,,,,,,,"选中位",
"1019.State.State_BY2","DB76,X37.0",Boolean,1,RO,100,,,,,,,,,,"备用2",
"1019.State.State_BY3","DB76,X37.7",Boolean,1,RO,100,,,,,,,,,,"备用",
"1019.Task.Code","DB51,B362",Char,1,RO,100,,,,,,,,,,"条码",
"1019.Task.Code_1","DB51,B363",Char,1,RO,100,,,,,,,,,,"条码",
"1019.Task.Code_2","DB51,B364",Char,1,RO,100,,,,,,,,,,"条码",
"1019.Task.Code_3","DB51,B365",Char,1,RO,100,,,,,,,,,,"条码",
"1019.Task.Code_4","DB51,B366",Char,1,RO,100,,,,,,,,,,"条码",
"1019.Task.Code_5","DB51,B367",Char,1,RO,100,,,,,,,,,,"条码",
"1019.Task.Code_6","DB51,B368",Char,1,RO,100,,,,,,,,,,"条码",
"1019.Task.Code_7","DB51,B369",Char,1,RO,100,,,,,,,,,,"条码",
"1019.Task.DestSta","DB51,W374",Short,1,RO,100,,,,,,,,,,"目标站台",
"1019.Task.StartSta","DB51,W372",Short,1,RO,100,,,,,,,,,,"开始站台",
"1019.Task.Task","DB51,W360",Short,1,RO,100,,,,,,,,,,"任务号",
"1019.Task.TpType","DB51,W370",Short,1,RO,100,,,,,,,,,,"货物类型",
"1020.Alarm.DriveFault","DB76,X38.2",Boolean,1,RO,100,,,,,,,,,,"驱动器故障",
"1020.Alarm.EstopFault","DB76,X38.7",Boolean,1,RO,100,,,,,,,,,,"急停故障",
"1020.Alarm.LS_Fault","DB76,X39.2",Boolean,1,RO,100,,,,,,,,,,"限位故障",
"1020.Alarm.OutSideFault","DB76,X39.1",Boolean,1,RO,100,,,,,,,,,,"货物超边故障",
"1020.Alarm.PH_Fault","DB76,X38.6",Boolean,1,RO,100,,,,,,,,,,"光电管异常",
"1020.Alarm.QF_Fault","DB76,X38.4",Boolean,1,RO,100,,,,,,,,,,"空开故障",
"1020.Alarm.QS_Fault","DB76,X38.5",Boolean,1,RO,100,,,,,,,,,,"隔离开关故障",
"1020.Alarm.TimeOutFault","DB76,X38.3",Boolean,1,RO,100,,,,,,,,,,"超时故障",
"1020.Alarm.TotalFault","DB76,X38.1",Boolean,1,RO,100,,,,,,,,,,"总故障",
"1020.State.BackUp10","DB51,X397.3",Boolean,1,RO,100,,,,,,,,,,"备用",
"1020.State.BackUp11","DB51,X397.4",Boolean,1,RO,100,,,,,,,,,,"备用",
"1020.State.BackUp12","DB51,X397.5",Boolean,1,RO,100,,,,,,,,,,"备用",
"1020.State.BackUp13","DB51,X397.6",Boolean,1,RO,100,,,,,,,,,,"备用",
"1020.State.CheckOK","DB51,X397.2",Boolean,1,RO,100,,,,,,,,,,"1条码校验成功",
"1020.State.ForwardRun","DB76,X39.5",Boolean,1,RO,100,,,,,,,,,,"正转运行",
"1020.State.IsRotate","DB51,B396",Byte,1,RO,100,,,,,,,,,,"1旋转/2不旋转",
"1020.State.Load","DB76,X39.3",Boolean,1,RO,100,,,,,,,,,,"负载",
"1020.State.NoRead","DB51,X397.1",Boolean,1,RO,100,,,,,,,,,,"1条码读不出来",
"1020.State.OutFlag","DB51,W398",Short,1,RO,100,,,,,,,,,,"1出库站台无货",
"1020.State.ReadOK","DB51,X397.0",Boolean,1,RO,100,,,,,,,,,,"1条码读取成功",
"1020.State.Remaining","DB51,X397.7",Boolean,1,RO,100,,,,,,,,,,"1尾盘、0整盘",
"1020.State.ReversalRun","DB76,X39.6",Boolean,1,RO,100,,,,,,,,,,"反转运行",
"1020.State.Runing","DB76,X38.0",Boolean,1,RO,100,,,,,,,,,,"设备运行标志",
"1020.State.SelectPlace","DB76,X39.4",Boolean,1,RO,100,,,,,,,,,,"选中位",
"1020.State.State_BY2","DB76,X39.0",Boolean,1,RO,100,,,,,,,,,,"备用2",
"1020.State.State_BY3","DB76,X39.7",Boolean,1,RO,100,,,,,,,,,,"备用",
"1020.Task.Code","DB51,B382",Char,1,RO,100,,,,,,,,,,"条码",
"1020.Task.Code_1","DB51,B383",Char,1,RO,100,,,,,,,,,,"条码",
"1020.Task.Code_2","DB51,B384",Char,1,RO,100,,,,,,,,,,"条码",
"1020.Task.Code_3","DB51,B385",Char,1,RO,100,,,,,,,,,,"条码",
"1020.Task.Code_4","DB51,B386",Char,1,RO,100,,,,,,,,,,"条码",
"1020.Task.Code_5","DB51,B387",Char,1,RO,100,,,,,,,,,,"条码",
"1020.Task.Code_6","DB51,B388",Char,1,RO,100,,,,,,,,,,"条码",
"1020.Task.Code_7","DB51,B389",Char,1,RO,100,,,,,,,,,,"条码",
"1020.Task.DestSta","DB51,W394",Short,1,RO,100,,,,,,,,,,"目标站台",
"1020.Task.StartSta","DB51,W392",Short,1,RO,100,,,,,,,,,,"开始站台",
"1020.Task.Task","DB51,W380",Short,1,RO,100,,,,,,,,,,"任务号",
"1020.Task.TpType","DB51,W390",Short,1,RO,100,,,,,,,,,,"货物类型",
"1021.Alarm.DriveFault","DB76,X40.2",Boolean,1,RO,100,,,,,,,,,,"驱动器故障",
"1021.Alarm.EstopFault","DB76,X40.7",Boolean,1,RO,100,,,,,,,,,,"急停故障",
"1021.Alarm.LS_Fault","DB76,X41.2",Boolean,1,RO,100,,,,,,,,,,"限位故障",
"1021.Alarm.OutSideFault","DB76,X41.1",Boolean,1,RO,100,,,,,,,,,,"货物超边故障",
"1021.Alarm.PH_Fault","DB76,X40.6",Boolean,1,RO,100,,,,,,,,,,"光电管异常",
"1021.Alarm.QF_Fault","DB76,X40.4",Boolean,1,RO,100,,,,,,,,,,"空开故障",
"1021.Alarm.QS_Fault","DB76,X40.5",Boolean,1,RO,100,,,,,,,,,,"隔离开关故障",
"1021.Alarm.TimeOutFault","DB76,X40.3",Boolean,1,RO,100,,,,,,,,,,"超时故障",
"1021.Alarm.TotalFault","DB76,X40.1",Boolean,1,RO,100,,,,,,,,,,"总故障",
"1021.State.BackUp10","DB51,X417.3",Boolean,1,RO,100,,,,,,,,,,"备用",
"1021.State.BackUp11","DB51,X417.4",Boolean,1,RO,100,,,,,,,,,,"备用",
"1021.State.BackUp12","DB51,X417.5",Boolean,1,RO,100,,,,,,,,,,"备用",
"1021.State.BackUp13","DB51,X417.6",Boolean,1,RO,100,,,,,,,,,,"备用",
"1021.State.CheckOK","DB51,X417.2",Boolean,1,RO,100,,,,,,,,,,"1条码校验成功",
"1021.State.ForwardRun","DB76,X41.5",Boolean,1,RO,100,,,,,,,,,,"正转运行",
"1021.State.IsRotate","DB51,B416",Byte,1,RO,100,,,,,,,,,,"1旋转/2不旋转",
"1021.State.Load","DB76,X41.3",Boolean,1,RO,100,,,,,,,,,,"负载",
"1021.State.NoRead","DB51,X417.1",Boolean,1,RO,100,,,,,,,,,,"1条码读不出来",
"1021.State.OutFlag","DB51,W418",Short,1,RO,100,,,,,,,,,,"1出库站台无货",
"1021.State.ReadOK","DB51,X417.0",Boolean,1,RO,100,,,,,,,,,,"1条码读取成功",
"1021.State.Remaining","DB51,X417.7",Boolean,1,RO,100,,,,,,,,,,"1尾盘、0整盘",
"1021.State.ReversalRun","DB76,X41.6",Boolean,1,RO,100,,,,,,,,,,"反转运行",
"1021.State.Runing","DB76,X40.0",Boolean,1,RO,100,,,,,,,,,,"设备运行标志",
"1021.State.SelectPlace","DB76,X41.4",Boolean,1,RO,100,,,,,,,,,,"选中位",
"1021.State.State_BY2","DB76,X41.0",Boolean,1,RO,100,,,,,,,,,,"备用2",
"1021.State.State_BY3","DB76,X41.7",Boolean,1,RO,100,,,,,,,,,,"备用",
"1021.Task.Code","DB51,B402",Char,1,RO,100,,,,,,,,,,"条码",
"1021.Task.Code_1","DB51,B403",Char,1,RO,100,,,,,,,,,,"条码",
"1021.Task.Code_2","DB51,B404",Char,1,RO,100,,,,,,,,,,"条码",
"1021.Task.Code_3","DB51,B405",Char,1,RO,100,,,,,,,,,,"条码",
"1021.Task.Code_4","DB51,B406",Char,1,RO,100,,,,,,,,,,"条码",
"1021.Task.Code_5","DB51,B407",Char,1,RO,100,,,,,,,,,,"条码",
"1021.Task.Code_6","DB51,B408",Char,1,RO,100,,,,,,,,,,"条码",
"1021.Task.Code_7","DB51,B409",Char,1,RO,100,,,,,,,,,,"条码",
"1021.Task.DestSta","DB51,W414",Short,1,RO,100,,,,,,,,,,"目标站台",
"1021.Task.StartSta","DB51,W412",Short,1,RO,100,,,,,,,,,,"开始站台",
"1021.Task.Task","DB51,W400",Short,1,RO,100,,,,,,,,,,"任务号",
"1021.Task.TpType","DB51,W410",Short,1,RO,100,,,,,,,,,,"货物类型",
"1022.Alarm.DriveFault","DB76,X42.2",Boolean,1,RO,100,,,,,,,,,,"驱动器故障",
"1022.Alarm.EstopFault","DB76,X42.7",Boolean,1,RO,100,,,,,,,,,,"急停故障",
"1022.Alarm.LS_Fault","DB76,X43.2",Boolean,1,RO,100,,,,,,,,,,"限位故障",
"1022.Alarm.OutSideFault","DB76,X43.1",Boolean,1,RO,100,,,,,,,,,,"货物超边故障",
"1022.Alarm.PH_Fault","DB76,X42.6",Boolean,1,RO,100,,,,,,,,,,"光电管异常",
"1022.Alarm.QF_Fault","DB76,X42.4",Boolean,1,RO,100,,,,,,,,,,"空开故障",
"1022.Alarm.QS_Fault","DB76,X42.5",Boolean,1,RO,100,,,,,,,,,,"隔离开关故障",
"1022.Alarm.TimeOutFault","DB76,X42.3",Boolean,1,RO,100,,,,,,,,,,"超时故障",
"1022.Alarm.TotalFault","DB76,X42.1",Boolean,1,RO,100,,,,,,,,,,"总故障",
"1022.State.BackUp10","DB51,X437.3",Boolean,1,RO,100,,,,,,,,,,"备用",
"1022.State.BackUp11","DB51,X437.4",Boolean,1,RO,100,,,,,,,,,,"备用",
"1022.State.BackUp12","DB51,X437.5",Boolean,1,RO,100,,,,,,,,,,"备用",
"1022.State.BackUp13","DB51,X437.6",Boolean,1,RO,100,,,,,,,,,,"备用",
"1022.State.CheckOK","DB51,X437.2",Boolean,1,RO,100,,,,,,,,,,"1条码校验成功",
"1022.State.ForwardRun","DB76,X43.5",Boolean,1,RO,100,,,,,,,,,,"正转运行",
"1022.State.IsRotate","DB51,B436",Byte,1,RO,100,,,,,,,,,,"1旋转/2不旋转",
"1022.State.Load","DB76,X43.3",Boolean,1,RO,100,,,,,,,,,,"负载",
"1022.State.NoRead","DB51,X437.1",Boolean,1,RO,100,,,,,,,,,,"1条码读不出来",
"1022.State.OutFlag","DB51,W438",Short,1,RO,100,,,,,,,,,,"1出库站台无货",
"1022.State.ReadOK","DB51,X437.0",Boolean,1,RO,100,,,,,,,,,,"1条码读取成功",
"1022.State.Remaining","DB51,X437.7",Boolean,1,RO,100,,,,,,,,,,"1尾盘、0整盘",
"1022.State.ReversalRun","DB76,X43.6",Boolean,1,RO,100,,,,,,,,,,"反转运行",
"1022.State.Runing","DB76,X42.0",Boolean,1,RO,100,,,,,,,,,,"设备运行标志",
"1022.State.SelectPlace","DB76,X43.4",Boolean,1,RO,100,,,,,,,,,,"选中位",
"1022.State.State_BY2","DB76,X43.0",Boolean,1,RO,100,,,,,,,,,,"备用2",
"1022.State.State_BY3","DB76,X43.7",Boolean,1,RO,100,,,,,,,,,,"备用",
"1022.Task.Code","DB51,B422",Char,1,RO,100,,,,,,,,,,"条码",
"1022.Task.Code_1","DB51,B423",Char,1,RO,100,,,,,,,,,,"条码",
"1022.Task.Code_2","DB51,B424",Char,1,RO,100,,,,,,,,,,"条码",
"1022.Task.Code_3","DB51,B425",Char,1,RO,100,,,,,,,,,,"条码",
"1022.Task.Code_4","DB51,B426",Char,1,RO,100,,,,,,,,,,"条码",
"1022.Task.Code_5","DB51,B427",Char,1,RO,100,,,,,,,,,,"条码",
"1022.Task.Code_6","DB51,B428",Char,1,RO,100,,,,,,,,,,"条码",
"1022.Task.Code_7","DB51,B429",Char,1,RO,100,,,,,,,,,,"条码",
"1022.Task.DestSta","DB51,W434",Short,1,RO,100,,,,,,,,,,"目标站台",
"1022.Task.StartSta","DB51,W432",Short,1,RO,100,,,,,,,,,,"开始站台",
"1022.Task.Task","DB51,W420",Short,1,RO,100,,,,,,,,,,"任务号",
"1022.Task.TpType","DB51,W430",Short,1,RO,100,,,,,,,,,,"货物类型",
"1023.Alarm.DriveFault","DB76,X44.2",Boolean,1,RO,100,,,,,,,,,,"驱动器故障",
"1023.Alarm.EstopFault","DB76,X44.7",Boolean,1,RO,100,,,,,,,,,,"急停故障",
"1023.Alarm.LS_Fault","DB76,X45.2",Boolean,1,RO,100,,,,,,,,,,"限位故障",
"1023.Alarm.OutSideFault","DB76,X45.1",Boolean,1,RO,100,,,,,,,,,,"货物超边故障",
"1023.Alarm.PH_Fault","DB76,X44.6",Boolean,1,RO,100,,,,,,,,,,"光电管异常",
"1023.Alarm.QF_Fault","DB76,X44.4",Boolean,1,RO,100,,,,,,,,,,"空开故障",
"1023.Alarm.QS_Fault","DB76,X44.5",Boolean,1,RO,100,,,,,,,,,,"隔离开关故障",
"1023.Alarm.TimeOutFault","DB76,X44.3",Boolean,1,RO,100,,,,,,,,,,"超时故障",
"1023.Alarm.TotalFault","DB76,X44.1",Boolean,1,RO,100,,,,,,,,,,"总故障",
"1023.State.BackUp10","DB51,X457.3",Boolean,1,RO,100,,,,,,,,,,"备用",
"1023.State.BackUp11","DB51,X457.4",Boolean,1,RO,100,,,,,,,,,,"备用",
"1023.State.BackUp12","DB51,X457.5",Boolean,1,RO,100,,,,,,,,,,"备用",
"1023.State.BackUp13","DB51,X457.6",Boolean,1,RO,100,,,,,,,,,,"备用",
"1023.State.CheckOK","DB51,X457.2",Boolean,1,RO,100,,,,,,,,,,"1条码校验成功",
"1023.State.ForwardRun","DB76,X45.5",Boolean,1,RO,100,,,,,,,,,,"正转运行",
"1023.State.IsRotate","DB51,B456",Byte,1,RO,100,,,,,,,,,,"1旋转/2不旋转",
"1023.State.Load","DB76,X45.3",Boolean,1,RO,100,,,,,,,,,,"负载",
"1023.State.NoRead","DB51,X457.1",Boolean,1,RO,100,,,,,,,,,,"1条码读不出来",
"1023.State.OutFlag","DB51,W458",Short,1,RO,100,,,,,,,,,,"1出库站台无货",
"1023.State.ReadOK","DB51,X457.0",Boolean,1,RO,100,,,,,,,,,,"1条码读取成功",
"1023.State.Remaining","DB51,X457.7",Boolean,1,RO,100,,,,,,,,,,"1尾盘、0整盘",
"1023.State.ReversalRun","DB76,X45.6",Boolean,1,RO,100,,,,,,,,,,"反转运行",
"1023.State.Runing","DB76,X44.0",Boolean,1,RO,100,,,,,,,,,,"设备运行标志",
"1023.State.SelectPlace","DB76,X45.4",Boolean,1,RO,100,,,,,,,,,,"选中位",
"1023.State.State_BY2","DB76,X45.0",Boolean,1,RO,100,,,,,,,,,,"备用2",
"1023.State.State_BY3","DB76,X45.7",Boolean,1,RO,100,,,,,,,,,,"备用",
"1023.Task.Code","DB51,B442",Char,1,RO,100,,,,,,,,,,"条码",
"1023.Task.Code_1","DB51,B443",Char,1,RO,100,,,,,,,,,,"条码",
"1023.Task.Code_2","DB51,B444",Char,1,RO,100,,,,,,,,,,"条码",
"1023.Task.Code_3","DB51,B445",Char,1,RO,100,,,,,,,,,,"条码",
"1023.Task.Code_4","DB51,B446",Char,1,RO,100,,,,,,,,,,"条码",
"1023.Task.Code_5","DB51,B447",Char,1,RO,100,,,,,,,,,,"条码",
"1023.Task.Code_6","DB51,B448",Char,1,RO,100,,,,,,,,,,"条码",
"1023.Task.Code_7","DB51,B449",Char,1,RO,100,,,,,,,,,,"条码",
"1023.Task.DestSta","DB51,W454",Short,1,RO,100,,,,,,,,,,"目标站台",
"1023.Task.StartSta","DB51,W452",Short,1,RO,100,,,,,,,,,,"开始站台",
"1023.Task.Task","DB51,W440",Short,1,RO,100,,,,,,,,,,"任务号",
"1023.Task.TpType","DB51,W450",Short,1,RO,100,,,,,,,,,,"货物类型",
"1024.Alarm.DriveFault","DB76,X46.2",Boolean,1,RO,100,,,,,,,,,,"驱动器故障",
"1024.Alarm.EstopFault","DB76,X46.7",Boolean,1,RO,100,,,,,,,,,,"急停故障",
"1024.Alarm.LS_Fault","DB76,X47.2",Boolean,1,RO,100,,,,,,,,,,"限位故障",
"1024.Alarm.OutSideFault","DB76,X47.1",Boolean,1,RO,100,,,,,,,,,,"货物超边故障",
"1024.Alarm.PH_Fault","DB76,X46.6",Boolean,1,RO,100,,,,,,,,,,"光电管异常",
"1024.Alarm.QF_Fault","DB76,X46.4",Boolean,1,RO,100,,,,,,,,,,"空开故障",
"1024.Alarm.QS_Fault","DB76,X46.5",Boolean,1,RO,100,,,,,,,,,,"隔离开关故障",
"1024.Alarm.TimeOutFault","DB76,X46.3",Boolean,1,RO,100,,,,,,,,,,"超时故障",
"1024.Alarm.TotalFault","DB76,X46.1",Boolean,1,RO,100,,,,,,,,,,"总故障",
"1024.State.BackUp10","DB51,X477.3",Boolean,1,RO,100,,,,,,,,,,"备用",
"1024.State.BackUp11","DB51,X477.4",Boolean,1,RO,100,,,,,,,,,,"备用",
"1024.State.BackUp12","DB51,X477.5",Boolean,1,RO,100,,,,,,,,,,"备用",
"1024.State.BackUp13","DB51,X477.6",Boolean,1,RO,100,,,,,,,,,,"备用",
"1024.State.CheckOK","DB51,X477.2",Boolean,1,RO,100,,,,,,,,,,"1条码校验成功",
"1024.State.ForwardRun","DB76,X47.5",Boolean,1,RO,100,,,,,,,,,,"正转运行",
"1024.State.IsRotate","DB51,B476",Byte,1,RO,100,,,,,,,,,,"1旋转/2不旋转",
"1024.State.Load","DB76,X47.3",Boolean,1,RO,100,,,,,,,,,,"负载",
"1024.State.NoRead","DB51,X477.1",Boolean,1,RO,100,,,,,,,,,,"1条码读不出来",
"1024.State.OutFlag","DB51,W478",Short,1,RO,100,,,,,,,,,,"1出库站台无货",
"1024.State.ReadOK","DB51,X477.0",Boolean,1,RO,100,,,,,,,,,,"1条码读取成功",
"1024.State.Remaining","DB51,X477.7",Boolean,1,RO,100,,,,,,,,,,"1尾盘、0整盘",
"1024.State.ReversalRun","DB76,X47.6",Boolean,1,RO,100,,,,,,,,,,"反转运行",
"1024.State.Runing","DB76,X46.0",Boolean,1,RO,100,,,,,,,,,,"设备运行标志",
"1024.State.SelectPlace","DB76,X47.4",Boolean,1,RO,100,,,,,,,,,,"选中位",
"1024.State.State_BY2","DB76,X47.0",Boolean,1,RO,100,,,,,,,,,,"备用2",
"1024.State.State_BY3","DB76,X47.7",Boolean,1,RO,100,,,,,,,,,,"备用",
"1024.Task.Code","DB51,B462",Char,1,RO,100,,,,,,,,,,"条码",
"1024.Task.Code_1","DB51,B463",Char,1,RO,100,,,,,,,,,,"条码",
"1024.Task.Code_2","DB51,B464",Char,1,RO,100,,,,,,,,,,"条码",
"1024.Task.Code_3","DB51,B465",Char,1,RO,100,,,,,,,,,,"条码",
"1024.Task.Code_4","DB51,B466",Char,1,RO,100,,,,,,,,,,"条码",
"1024.Task.Code_5","DB51,B467",Char,1,RO,100,,,,,,,,,,"条码",
"1024.Task.Code_6","DB51,B468",Char,1,RO,100,,,,,,,,,,"条码",
"1024.Task.Code_7","DB51,B469",Char,1,RO,100,,,,,,,,,,"条码",
"1024.Task.DestSta","DB51,W474",Short,1,RO,100,,,,,,,,,,"目标站台",
"1024.Task.StartSta","DB51,W472",Short,1,RO,100,,,,,,,,,,"开始站台",
"1024.Task.Task","DB51,W460",Short,1,RO,100,,,,,,,,,,"任务号",
"1024.Task.TpType","DB51,W470",Short,1,RO,100,,,,,,,,,,"货物类型",
"1025.Alarm.DriveFault","DB76,X48.2",Boolean,1,RO,100,,,,,,,,,,"驱动器故障",
"1025.Alarm.EstopFault","DB76,X48.7",Boolean,1,RO,100,,,,,,,,,,"急停故障",
"1025.Alarm.LS_Fault","DB76,X49.2",Boolean,1,RO,100,,,,,,,,,,"限位故障",
"1025.Alarm.OutSideFault","DB76,X49.1",Boolean,1,RO,100,,,,,,,,,,"货物超边故障",
"1025.Alarm.PH_Fault","DB76,X48.6",Boolean,1,RO,100,,,,,,,,,,"光电管异常",
"1025.Alarm.QF_Fault","DB76,X48.4",Boolean,1,RO,100,,,,,,,,,,"空开故障",
"1025.Alarm.QS_Fault","DB76,X48.5",Boolean,1,RO,100,,,,,,,,,,"隔离开关故障",
"1025.Alarm.TimeOutFault","DB76,X48.3",Boolean,1,RO,100,,,,,,,,,,"超时故障",
"1025.Alarm.TotalFault","DB76,X48.1",Boolean,1,RO,100,,,,,,,,,,"总故障",
"1025.State.BackUp10","DB51,X497.3",Boolean,1,RO,100,,,,,,,,,,"备用",
"1025.State.BackUp11","DB51,X497.4",Boolean,1,RO,100,,,,,,,,,,"备用",
"1025.State.BackUp12","DB51,X497.5",Boolean,1,RO,100,,,,,,,,,,"备用",
"1025.State.BackUp13","DB51,X497.6",Boolean,1,RO,100,,,,,,,,,,"备用",
"1025.State.CheckOK","DB51,X497.2",Boolean,1,RO,100,,,,,,,,,,"1条码校验成功",
"1025.State.ForwardRun","DB76,X49.5",Boolean,1,RO,100,,,,,,,,,,"正转运行",
"1025.State.IsRotate","DB51,B496",Byte,1,RO,100,,,,,,,,,,"1旋转/2不旋转",
"1025.State.Load","DB76,X49.3",Boolean,1,RO,100,,,,,,,,,,"负载",
"1025.State.NoRead","DB51,X497.1",Boolean,1,RO,100,,,,,,,,,,"1条码读不出来",
"1025.State.OutFlag","DB51,W498",Short,1,RO,100,,,,,,,,,,"1出库站台无货",
"1025.State.ReadOK","DB51,X497.0",Boolean,1,RO,100,,,,,,,,,,"1条码读取成功",
"1025.State.Remaining","DB51,X497.7",Boolean,1,RO,100,,,,,,,,,,"1尾盘、0整盘",
"1025.State.ReversalRun","DB76,X49.6",Boolean,1,RO,100,,,,,,,,,,"反转运行",
"1025.State.Runing","DB76,X48.0",Boolean,1,RO,100,,,,,,,,,,"设备运行标志",
"1025.State.SelectPlace","DB76,X49.4",Boolean,1,RO,100,,,,,,,,,,"选中位",
"1025.State.State_BY2","DB76,X49.0",Boolean,1,RO,100,,,,,,,,,,"备用2",
"1025.State.State_BY3","DB76,X49.7",Boolean,1,RO,100,,,,,,,,,,"备用",
"1025.Task.Code","DB51,B482",Char,1,RO,100,,,,,,,,,,"条码",
"1025.Task.Code_1","DB51,B483",Char,1,RO,100,,,,,,,,,,"条码",
"1025.Task.Code_2","DB51,B484",Char,1,RO,100,,,,,,,,,,"条码",
"1025.Task.Code_3","DB51,B485",Char,1,RO,100,,,,,,,,,,"条码",
"1025.Task.Code_4","DB51,B486",Char,1,RO,100,,,,,,,,,,"条码",
"1025.Task.Code_5","DB51,B487",Char,1,RO,100,,,,,,,,,,"条码",
"1025.Task.Code_6","DB51,B488",Char,1,RO,100,,,,,,,,,,"条码",
"1025.Task.Code_7","DB51,B489",Char,1,RO,100,,,,,,,,,,"条码",
"1025.Task.DestSta","DB51,W494",Short,1,RO,100,,,,,,,,,,"目标站台",
"1025.Task.StartSta","DB51,W492",Short,1,RO,100,,,,,,,,,,"开始站台",
"1025.Task.Task","DB51,W480",Short,1,RO,100,,,,,,,,,,"任务号",
"1025.Task.TpType","DB51,W490",Short,1,RO,100,,,,,,,,,,"货物类型",
"1026.Alarm.DriveFault","DB76,X50.2",Boolean,1,RO,100,,,,,,,,,,"驱动器故障",
"1026.Alarm.EstopFault","DB76,X50.7",Boolean,1,RO,100,,,,,,,,,,"急停故障",
"1026.Alarm.LS_Fault","DB76,X51.2",Boolean,1,RO,100,,,,,,,,,,"限位故障",
"1026.Alarm.OutSideFault","DB76,X51.1",Boolean,1,RO,100,,,,,,,,,,"货物超边故障",
"1026.Alarm.PH_Fault","DB76,X50.6",Boolean,1,RO,100,,,,,,,,,,"光电管异常",
"1026.Alarm.QF_Fault","DB76,X50.4",Boolean,1,RO,100,,,,,,,,,,"空开故障",
"1026.Alarm.QS_Fault","DB76,X50.5",Boolean,1,RO,100,,,,,,,,,,"隔离开关故障",
"1026.Alarm.TimeOutFault","DB76,X50.3",Boolean,1,RO,100,,,,,,,,,,"超时故障",
"1026.Alarm.TotalFault","DB76,X50.1",Boolean,1,RO,100,,,,,,,,,,"总故障",
"1026.State.BackUp10","DB51,X517.3",Boolean,1,RO,100,,,,,,,,,,"备用",
"1026.State.BackUp11","DB51,X517.4",Boolean,1,RO,100,,,,,,,,,,"备用",
"1026.State.BackUp12","DB51,X517.5",Boolean,1,RO,100,,,,,,,,,,"备用",
"1026.State.BackUp13","DB51,X517.6",Boolean,1,RO,100,,,,,,,,,,"备用",
"1026.State.CheckOK","DB51,X517.2",Boolean,1,RO,100,,,,,,,,,,"1条码校验成功",
"1026.State.ForwardRun","DB76,X51.5",Boolean,1,RO,100,,,,,,,,,,"正转运行",
"1026.State.IsRotate","DB51,B516",Byte,1,RO,100,,,,,,,,,,"1旋转/2不旋转",
"1026.State.Load","DB76,X51.3",Boolean,1,RO,100,,,,,,,,,,"负载",
"1026.State.NoRead","DB51,X517.1",Boolean,1,RO,100,,,,,,,,,,"1条码读不出来",
"1026.State.OutFlag","DB51,W518",Short,1,RO,100,,,,,,,,,,"1出库站台无货",
"1026.State.ReadOK","DB51,X517.0",Boolean,1,RO,100,,,,,,,,,,"1条码读取成功",
"1026.State.Remaining","DB51,X517.7",Boolean,1,RO,100,,,,,,,,,,"1尾盘、0整盘",
"1026.State.ReversalRun","DB76,X51.6",Boolean,1,RO,100,,,,,,,,,,"反转运行",
"1026.State.Runing","DB76,X50.0",Boolean,1,RO,100,,,,,,,,,,"设备运行标志",
"1026.State.SelectPlace","DB76,X51.4",Boolean,1,RO,100,,,,,,,,,,"选中位",
"1026.State.State_BY2","DB76,X51.0",Boolean,1,RO,100,,,,,,,,,,"备用2",
"1026.State.State_BY3","DB76,X51.7",Boolean,1,RO,100,,,,,,,,,,"备用",
"1026.Task.Code","DB51,B502",Char,1,RO,100,,,,,,,,,,"条码",
"1026.Task.Code_1","DB51,B503",Char,1,RO,100,,,,,,,,,,"条码",
"1026.Task.Code_2","DB51,B504",Char,1,RO,100,,,,,,,,,,"条码",
"1026.Task.Code_3","DB51,B505",Char,1,RO,100,,,,,,,,,,"条码",
"1026.Task.Code_4","DB51,B506",Char,1,RO,100,,,,,,,,,,"条码",
"1026.Task.Code_5","DB51,B507",Char,1,RO,100,,,,,,,,,,"条码",
"1026.Task.Code_6","DB51,B508",Char,1,RO,100,,,,,,,,,,"条码",
"1026.Task.Code_7","DB51,B509",Char,1,RO,100,,,,,,,,,,"条码",
"1026.Task.DestSta","DB51,W514",Short,1,RO,100,,,,,,,,,,"目标站台",
"1026.Task.StartSta","DB51,W512",Short,1,RO,100,,,,,,,,,,"开始站台",
"1026.Task.Task","DB51,W500",Short,1,RO,100,,,,,,,,,,"任务号",
"1026.Task.TpType","DB51,W510",Short,1,RO,100,,,,,,,,,,"货物类型",
"1027.Alarm.DriveFault","DB76,X52.2",Boolean,1,RO,100,,,,,,,,,,"驱动器故障",
"1027.Alarm.EstopFault","DB76,X52.7",Boolean,1,RO,100,,,,,,,,,,"急停故障",
"1027.Alarm.LS_Fault","DB76,X53.2",Boolean,1,RO,100,,,,,,,,,,"限位故障",
"1027.Alarm.OutSideFault","DB76,X53.1",Boolean,1,RO,100,,,,,,,,,,"货物超边故障",
"1027.Alarm.PH_Fault","DB76,X52.6",Boolean,1,RO,100,,,,,,,,,,"光电管异常",
"1027.Alarm.QF_Fault","DB76,X52.4",Boolean,1,RO,100,,,,,,,,,,"空开故障",
"1027.Alarm.QS_Fault","DB76,X52.5",Boolean,1,RO,100,,,,,,,,,,"隔离开关故障",
"1027.Alarm.TimeOutFault","DB76,X52.3",Boolean,1,RO,100,,,,,,,,,,"超时故障",
"1027.Alarm.TotalFault","DB76,X52.1",Boolean,1,RO,100,,,,,,,,,,"总故障",
"1027.State.BackUp10","DB51,X537.3",Boolean,1,RO,100,,,,,,,,,,"备用",
"1027.State.BackUp11","DB51,X537.4",Boolean,1,RO,100,,,,,,,,,,"备用",
"1027.State.BackUp12","DB51,X537.5",Boolean,1,RO,100,,,,,,,,,,"备用",
"1027.State.BackUp13","DB51,X537.6",Boolean,1,RO,100,,,,,,,,,,"备用",
"1027.State.CheckOK","DB51,X537.2",Boolean,1,RO,100,,,,,,,,,,"1条码校验成功",
"1027.State.ForwardRun","DB76,X53.5",Boolean,1,RO,100,,,,,,,,,,"正转运行",
"1027.State.IsRotate","DB51,B536",Byte,1,RO,100,,,,,,,,,,"1旋转/2不旋转",
"1027.State.Load","DB76,X53.3",Boolean,1,RO,100,,,,,,,,,,"负载",
"1027.State.NoRead","DB51,X537.1",Boolean,1,RO,100,,,,,,,,,,"1条码读不出来",
"1027.State.OutFlag","DB51,W538",Short,1,RO,100,,,,,,,,,,"1出库站台无货",
"1027.State.ReadOK","DB51,X537.0",Boolean,1,RO,100,,,,,,,,,,"1条码读取成功",
"1027.State.Remaining","DB51,X537.7",Boolean,1,RO,100,,,,,,,,,,"1尾盘、0整盘",
"1027.State.ReversalRun","DB76,X53.6",Boolean,1,RO,100,,,,,,,,,,"反转运行",
"1027.State.Runing","DB76,X52.0",Boolean,1,RO,100,,,,,,,,,,"设备运行标志",
"1027.State.SelectPlace","DB76,X53.4",Boolean,1,RO,100,,,,,,,,,,"选中位",
"1027.State.State_BY2","DB76,X53.0",Boolean,1,RO,100,,,,,,,,,,"备用2",
"1027.State.State_BY3","DB76,X53.7",Boolean,1,RO,100,,,,,,,,,,"备用",
"1027.Task.Code","DB51,B522",Char,1,RO,100,,,,,,,,,,"条码",
"1027.Task.Code_1","DB51,B523",Char,1,RO,100,,,,,,,,,,"条码",
"1027.Task.Code_2","DB51,B524",Char,1,RO,100,,,,,,,,,,"条码",
"1027.Task.Code_3","DB51,B525",Char,1,RO,100,,,,,,,,,,"条码",
"1027.Task.Code_4","DB51,B526",Char,1,RO,100,,,,,,,,,,"条码",
"1027.Task.Code_5","DB51,B527",Char,1,RO,100,,,,,,,,,,"条码",
"1027.Task.Code_6","DB51,B528",Char,1,RO,100,,,,,,,,,,"条码",
"1027.Task.Code_7","DB51,B529",Char,1,RO,100,,,,,,,,,,"条码",
"1027.Task.DestSta","DB51,W534",Short,1,RO,100,,,,,,,,,,"目标站台",
"1027.Task.StartSta","DB51,W532",Short,1,RO,100,,,,,,,,,,"开始站台",
"1027.Task.Task","DB51,W520",Short,1,RO,100,,,,,,,,,,"任务号",
"1027.Task.TpType","DB51,W530",Short,1,RO,100,,,,,,,,,,"货物类型",
"1028.Alarm.DriveFault","DB76,X54.2",Boolean,1,RO,100,,,,,,,,,,"驱动器故障",
"1028.Alarm.EstopFault","DB76,X54.7",Boolean,1,RO,100,,,,,,,,,,"急停故障",
"1028.Alarm.LS_Fault","DB76,X55.2",Boolean,1,RO,100,,,,,,,,,,"限位故障",
"1028.Alarm.OutSideFault","DB76,X55.1",Boolean,1,RO,100,,,,,,,,,,"货物超边故障",
"1028.Alarm.PH_Fault","DB76,X54.6",Boolean,1,RO,100,,,,,,,,,,"光电管异常",
"1028.Alarm.QF_Fault","DB76,X54.4",Boolean,1,RO,100,,,,,,,,,,"空开故障",
"1028.Alarm.QS_Fault","DB76,X54.5",Boolean,1,RO,100,,,,,,,,,,"隔离开关故障",
"1028.Alarm.TimeOutFault","DB76,X54.3",Boolean,1,RO,100,,,,,,,,,,"超时故障",
"1028.Alarm.TotalFault","DB76,X54.1",Boolean,1,RO,100,,,,,,,,,,"总故障",
"1028.State.BackUp10","DB51,X557.3",Boolean,1,RO,100,,,,,,,,,,"备用",
"1028.State.BackUp11","DB51,X557.4",Boolean,1,RO,100,,,,,,,,,,"备用",
"1028.State.BackUp12","DB51,X557.5",Boolean,1,RO,100,,,,,,,,,,"备用",
"1028.State.BackUp13","DB51,X557.6",Boolean,1,RO,100,,,,,,,,,,"备用",
"1028.State.CheckOK","DB51,X557.2",Boolean,1,RO,100,,,,,,,,,,"1条码校验成功",
"1028.State.ForwardRun","DB76,X55.5",Boolean,1,RO,100,,,,,,,,,,"正转运行",
"1028.State.IsRotate","DB51,B556",Byte,1,RO,100,,,,,,,,,,"1旋转/2不旋转",
"1028.State.Load","DB76,X55.3",Boolean,1,RO,100,,,,,,,,,,"负载",
"1028.State.NoRead","DB51,X557.1",Boolean,1,RO,100,,,,,,,,,,"1条码读不出来",
"1028.State.OutFlag","DB51,W558",Short,1,RO,100,,,,,,,,,,"1出库站台无货",
"1028.State.ReadOK","DB51,X557.0",Boolean,1,RO,100,,,,,,,,,,"1条码读取成功",
"1028.State.Remaining","DB51,X557.7",Boolean,1,RO,100,,,,,,,,,,"1尾盘、0整盘",
"1028.State.ReversalRun","DB76,X55.6",Boolean,1,RO,100,,,,,,,,,,"反转运行",
"1028.State.Runing","DB76,X54.0",Boolean,1,RO,100,,,,,,,,,,"设备运行标志",
"1028.State.SelectPlace","DB76,X55.4",Boolean,1,RO,100,,,,,,,,,,"选中位",
"1028.State.State_BY2","DB76,X55.0",Boolean,1,RO,100,,,,,,,,,,"备用2",
"1028.State.State_BY3","DB76,X55.7",Boolean,1,RO,100,,,,,,,,,,"备用",
"1028.Task.Code","DB51,B542",Char,1,RO,100,,,,,,,,,,"条码",
"1028.Task.Code_1","DB51,B543",Char,1,RO,100,,,,,,,,,,"条码",
"1028.Task.Code_2","DB51,B544",Char,1,RO,100,,,,,,,,,,"条码",
"1028.Task.Code_3","DB51,B545",Char,1,RO,100,,,,,,,,,,"条码",
"1028.Task.Code_4","DB51,B546",Char,1,RO,100,,,,,,,,,,"条码",
"1028.Task.Code_5","DB51,B547",Char,1,RO,100,,,,,,,,,,"条码",
"1028.Task.Code_6","DB51,B548",Char,1,RO,100,,,,,,,,,,"条码",
"1028.Task.Code_7","DB51,B549",Char,1,RO,100,,,,,,,,,,"条码",
"1028.Task.DestSta","DB51,W554",Short,1,RO,100,,,,,,,,,,"目标站台",
"1028.Task.StartSta","DB51,W552",Short,1,RO,100,,,,,,,,,,"开始站台",
"1028.Task.Task","DB51,W540",Short,1,RO,100,,,,,,,,,,"任务号",
"1028.Task.TpType","DB51,W550",Short,1,RO,100,,,,,,,,,,"货物类型",
"1029.Alarm.DriveFault","DB76,X56.2",Boolean,1,RO,100,,,,,,,,,,"驱动器故障",
"1029.Alarm.EstopFault","DB76,X56.7",Boolean,1,RO,100,,,,,,,,,,"急停故障",
"1029.Alarm.LS_Fault","DB76,X57.2",Boolean,1,RO,100,,,,,,,,,,"限位故障",
"1029.Alarm.OutSideFault","DB76,X57.1",Boolean,1,RO,100,,,,,,,,,,"货物超边故障",
"1029.Alarm.PH_Fault","DB76,X56.6",Boolean,1,RO,100,,,,,,,,,,"光电管异常",
"1029.Alarm.QF_Fault","DB76,X56.4",Boolean,1,RO,100,,,,,,,,,,"空开故障",
"1029.Alarm.QS_Fault","DB76,X56.5",Boolean,1,RO,100,,,,,,,,,,"隔离开关故障",
"1029.Alarm.TimeOutFault","DB76,X56.3",Boolean,1,RO,100,,,,,,,,,,"超时故障",
"1029.Alarm.TotalFault","DB76,X56.1",Boolean,1,RO,100,,,,,,,,,,"总故障",
"1029.State.BackUp10","DB51,X577.3",Boolean,1,RO,100,,,,,,,,,,"备用",
"1029.State.BackUp11","DB51,X577.4",Boolean,1,RO,100,,,,,,,,,,"备用",
"1029.State.BackUp12","DB51,X577.5",Boolean,1,RO,100,,,,,,,,,,"备用",
"1029.State.BackUp13","DB51,X577.6",Boolean,1,RO,100,,,,,,,,,,"备用",
"1029.State.CheckOK","DB51,X577.2",Boolean,1,RO,100,,,,,,,,,,"1条码校验成功",
"1029.State.ForwardRun","DB76,X57.5",Boolean,1,RO,100,,,,,,,,,,"正转运行",
"1029.State.IsRotate","DB51,B576",Byte,1,RO,100,,,,,,,,,,"1旋转/2不旋转",
"1029.State.Load","DB76,X57.3",Boolean,1,RO,100,,,,,,,,,,"负载",
"1029.State.NoRead","DB51,X577.1",Boolean,1,RO,100,,,,,,,,,,"1条码读不出来",
"1029.State.OutFlag","DB51,W578",Short,1,RO,100,,,,,,,,,,"1出库站台无货",
"1029.State.ReadOK","DB51,X577.0",Boolean,1,RO,100,,,,,,,,,,"1条码读取成功",
"1029.State.Remaining","DB51,X577.7",Boolean,1,RO,100,,,,,,,,,,"1尾盘、0整盘",
"1029.State.ReversalRun","DB76,X57.6",Boolean,1,RO,100,,,,,,,,,,"反转运行",
"1029.State.Runing","DB76,X56.0",Boolean,1,RO,100,,,,,,,,,,"设备运行标志",
"1029.State.SelectPlace","DB76,X57.4",Boolean,1,RO,100,,,,,,,,,,"选中位",
"1029.State.State_BY2","DB76,X57.0",Boolean,1,RO,100,,,,,,,,,,"备用2",
"1029.State.State_BY3","DB76,X57.7",Boolean,1,RO,100,,,,,,,,,,"备用",
"1029.Task.Code","DB51,B562",Char,1,RO,100,,,,,,,,,,"条码",
"1029.Task.Code_1","DB51,B563",Char,1,RO,100,,,,,,,,,,"条码",
"1029.Task.Code_2","DB51,B564",Char,1,RO,100,,,,,,,,,,"条码",
"1029.Task.Code_3","DB51,B565",Char,1,RO,100,,,,,,,,,,"条码",
"1029.Task.Code_4","DB51,B566",Char,1,RO,100,,,,,,,,,,"条码",
"1029.Task.Code_5","DB51,B567",Char,1,RO,100,,,,,,,,,,"条码",
"1029.Task.Code_6","DB51,B568",Char,1,RO,100,,,,,,,,,,"条码",
"1029.Task.Code_7","DB51,B569",Char,1,RO,100,,,,,,,,,,"条码",
"1029.Task.DestSta","DB51,W574",Short,1,RO,100,,,,,,,,,,"目标站台",
"1029.Task.StartSta","DB51,W572",Short,1,RO,100,,,,,,,,,,"开始站台",
"1029.Task.Task","DB51,W560",Short,1,RO,100,,,,,,,,,,"任务号",
"1029.Task.TpType","DB51,W570",Short,1,RO,100,,,,,,,,,,"货物类型",
"1030.Alarm.DriveFault","DB76,X58.2",Boolean,1,RO,100,,,,,,,,,,"驱动器故障",
"1030.Alarm.EstopFault","DB76,X58.7",Boolean,1,RO,100,,,,,,,,,,"急停故障",
"1030.Alarm.LS_Fault","DB76,X59.2",Boolean,1,RO,100,,,,,,,,,,"限位故障",
"1030.Alarm.OutSideFault","DB76,X59.1",Boolean,1,RO,100,,,,,,,,,,"货物超边故障",
"1030.Alarm.PH_Fault","DB76,X58.6",Boolean,1,RO,100,,,,,,,,,,"光电管异常",
"1030.Alarm.QF_Fault","DB76,X58.4",Boolean,1,RO,100,,,,,,,,,,"空开故障",
"1030.Alarm.QS_Fault","DB76,X58.5",Boolean,1,RO,100,,,,,,,,,,"隔离开关故障",
"1030.Alarm.TimeOutFault","DB76,X58.3",Boolean,1,RO,100,,,,,,,,,,"超时故障",
"1030.Alarm.TotalFault","DB76,X58.1",Boolean,1,RO,100,,,,,,,,,,"总故障",
"1030.State.BackUp10","DB51,X597.3",Boolean,1,RO,100,,,,,,,,,,"备用",
"1030.State.BackUp11","DB51,X597.4",Boolean,1,RO,100,,,,,,,,,,"备用",
"1030.State.BackUp12","DB51,X597.5",Boolean,1,RO,100,,,,,,,,,,"备用",
"1030.State.BackUp13","DB51,X597.6",Boolean,1,RO,100,,,,,,,,,,"备用",
"1030.State.CheckOK","DB51,X597.2",Boolean,1,RO,100,,,,,,,,,,"1条码校验成功",
"1030.State.ForwardRun","DB76,X59.5",Boolean,1,RO,100,,,,,,,,,,"正转运行",
"1030.State.IsRotate","DB51,B596",Byte,1,RO,100,,,,,,,,,,"1旋转/2不旋转",
"1030.State.Load","DB76,X59.3",Boolean,1,RO,100,,,,,,,,,,"负载",
"1030.State.NoRead","DB51,X597.1",Boolean,1,RO,100,,,,,,,,,,"1条码读不出来",
"1030.State.OutFlag","DB51,W598",Short,1,RO,100,,,,,,,,,,"1出库站台无货",
"1030.State.ReadOK","DB51,X597.0",Boolean,1,RO,100,,,,,,,,,,"1条码读取成功",
"1030.State.Remaining","DB51,X597.7",Boolean,1,RO,100,,,,,,,,,,"1尾盘、0整盘",
"1030.State.ReversalRun","DB76,X59.6",Boolean,1,RO,100,,,,,,,,,,"反转运行",
"1030.State.Runing","DB76,X58.0",Boolean,1,RO,100,,,,,,,,,,"设备运行标志",
"1030.State.SelectPlace","DB76,X59.4",Boolean,1,RO,100,,,,,,,,,,"选中位",
"1030.State.State_BY2","DB76,X59.0",Boolean,1,RO,100,,,,,,,,,,"备用2",
"1030.State.State_BY3","DB76,X59.7",Boolean,1,RO,100,,,,,,,,,,"备用",
"1030.Task.Code","DB51,B582",Char,1,RO,100,,,,,,,,,,"条码",
"1030.Task.Code_1","DB51,B583",Char,1,RO,100,,,,,,,,,,"条码",
"1030.Task.Code_2","DB51,B584",Char,1,RO,100,,,,,,,,,,"条码",
"1030.Task.Code_3","DB51,B585",Char,1,RO,100,,,,,,,,,,"条码",
"1030.Task.Code_4","DB51,B586",Char,1,RO,100,,,,,,,,,,"条码",
"1030.Task.Code_5","DB51,B587",Char,1,RO,100,,,,,,,,,,"条码",
"1030.Task.Code_6","DB51,B588",Char,1,RO,100,,,,,,,,,,"条码",
"1030.Task.Code_7","DB51,B589",Char,1,RO,100,,,,,,,,,,"条码",
"1030.Task.DestSta","DB51,W594",Short,1,RO,100,,,,,,,,,,"目标站台",
"1030.Task.StartSta","DB51,W592",Short,1,RO,100,,,,,,,,,,"开始站台",
"1030.Task.Task","DB51,W580",Short,1,RO,100,,,,,,,,,,"任务号",
"1030.Task.TpType","DB51,W590",Short,1,RO,100,,,,,,,,,,"货物类型",
"1031.Alarm.DriveFault","DB76,X60.2",Boolean,1,RO,100,,,,,,,,,,"驱动器故障",
"1031.Alarm.EstopFault","DB76,X60.7",Boolean,1,RO,100,,,,,,,,,,"急停故障",
"1031.Alarm.LS_Fault","DB76,X61.2",Boolean,1,RO,100,,,,,,,,,,"限位故障",
"1031.Alarm.OutSideFault","DB76,X61.1",Boolean,1,RO,100,,,,,,,,,,"货物超边故障",
"1031.Alarm.PH_Fault","DB76,X60.6",Boolean,1,RO,100,,,,,,,,,,"光电管异常",
"1031.Alarm.QF_Fault","DB76,X60.4",Boolean,1,RO,100,,,,,,,,,,"空开故障",
"1031.Alarm.QS_Fault","DB76,X60.5",Boolean,1,RO,100,,,,,,,,,,"隔离开关故障",
"1031.Alarm.TimeOutFault","DB76,X60.3",Boolean,1,RO,100,,,,,,,,,,"超时故障",
"1031.Alarm.TotalFault","DB76,X60.1",Boolean,1,RO,100,,,,,,,,,,"总故障",
"1031.State.BackUp10","DB51,X617.3",Boolean,1,RO,100,,,,,,,,,,"备用",
"1031.State.BackUp11","DB51,X617.4",Boolean,1,RO,100,,,,,,,,,,"备用",
"1031.State.BackUp12","DB51,X617.5",Boolean,1,RO,100,,,,,,,,,,"备用",
"1031.State.BackUp13","DB51,X617.6",Boolean,1,RO,100,,,,,,,,,,"备用",
"1031.State.CheckOK","DB51,X617.2",Boolean,1,RO,100,,,,,,,,,,"1条码校验成功",
"1031.State.ForwardRun","DB76,X61.5",Boolean,1,RO,100,,,,,,,,,,"正转运行",
"1031.State.IsRotate","DB51,B616",Byte,1,RO,100,,,,,,,,,,"1旋转/2不旋转",
"1031.State.Load","DB76,X61.3",Boolean,1,RO,100,,,,,,,,,,"负载",
"1031.State.NoRead","DB51,X617.1",Boolean,1,RO,100,,,,,,,,,,"1条码读不出来",
"1031.State.OutFlag","DB51,W618",Short,1,RO,100,,,,,,,,,,"1出库站台无货",
"1031.State.ReadOK","DB51,X617.0",Boolean,1,RO,100,,,,,,,,,,"1条码读取成功",
"1031.State.Remaining","DB51,X617.7",Boolean,1,RO,100,,,,,,,,,,"1尾盘、0整盘",
"1031.State.ReversalRun","DB76,X61.6",Boolean,1,RO,100,,,,,,,,,,"反转运行",
"1031.State.Runing","DB76,X60.0",Boolean,1,RO,100,,,,,,,,,,"设备运行标志",
"1031.State.SelectPlace","DB76,X61.4",Boolean,1,RO,100,,,,,,,,,,"选中位",
"1031.State.State_BY2","DB76,X61.0",Boolean,1,RO,100,,,,,,,,,,"备用2",
"1031.State.State_BY3","DB76,X61.7",Boolean,1,RO,100,,,,,,,,,,"备用",
"1031.Task.Code","DB51,B602",Char,1,RO,100,,,,,,,,,,"条码",
"1031.Task.Code_1","DB51,B603",Char,1,RO,100,,,,,,,,,,"条码",
"1031.Task.Code_2","DB51,B604",Char,1,RO,100,,,,,,,,,,"条码",
"1031.Task.Code_3","DB51,B605",Char,1,RO,100,,,,,,,,,,"条码",
"1031.Task.Code_4","DB51,B606",Char,1,RO,100,,,,,,,,,,"条码",
"1031.Task.Code_5","DB51,B607",Char,1,RO,100,,,,,,,,,,"条码",
"1031.Task.Code_6","DB51,B608",Char,1,RO,100,,,,,,,,,,"条码",
"1031.Task.Code_7","DB51,B609",Char,1,RO,100,,,,,,,,,,"条码",
"1031.Task.DestSta","DB51,W614",Short,1,RO,100,,,,,,,,,,"目标站台",
"1031.Task.StartSta","DB51,W612",Short,1,RO,100,,,,,,,,,,"开始站台",
"1031.Task.Task","DB51,W600",Short,1,RO,100,,,,,,,,,,"任务号",
"1031.Task.TpType","DB51,W610",Short,1,RO,100,,,,,,,,,,"货物类型",
"1032.Alarm.DriveFault","DB76,X62.2",Boolean,1,RO,100,,,,,,,,,,"驱动器故障",
"1032.Alarm.EstopFault","DB76,X62.7",Boolean,1,RO,100,,,,,,,,,,"急停故障",
"1032.Alarm.LS_Fault","DB76,X63.2",Boolean,1,RO,100,,,,,,,,,,"限位故障",
"1032.Alarm.OutSideFault","DB76,X63.1",Boolean,1,RO,100,,,,,,,,,,"货物超边故障",
"1032.Alarm.PH_Fault","DB76,X62.6",Boolean,1,RO,100,,,,,,,,,,"光电管异常",
"1032.Alarm.QF_Fault","DB76,X62.4",Boolean,1,RO,100,,,,,,,,,,"空开故障",
"1032.Alarm.QS_Fault","DB76,X62.5",Boolean,1,RO,100,,,,,,,,,,"隔离开关故障",
"1032.Alarm.TimeOutFault","DB76,X62.3",Boolean,1,RO,100,,,,,,,,,,"超时故障",
"1032.Alarm.TotalFault","DB76,X62.1",Boolean,1,RO,100,,,,,,,,,,"总故障",
"1032.State.BackUp10","DB51,X637.3",Boolean,1,RO,100,,,,,,,,,,"备用",
"1032.State.BackUp11","DB51,X637.4",Boolean,1,RO,100,,,,,,,,,,"备用",
"1032.State.BackUp12","DB51,X637.5",Boolean,1,RO,100,,,,,,,,,,"备用",
"1032.State.BackUp13","DB51,X637.6",Boolean,1,RO,100,,,,,,,,,,"备用",
"1032.State.CheckOK","DB51,X637.2",Boolean,1,RO,100,,,,,,,,,,"1条码校验成功",
"1032.State.ForwardRun","DB76,X63.5",Boolean,1,RO,100,,,,,,,,,,"正转运行",
"1032.State.IsRotate","DB51,B636",Byte,1,RO,100,,,,,,,,,,"1旋转/2不旋转",
"1032.State.Load","DB76,X63.3",Boolean,1,RO,100,,,,,,,,,,"负载",
"1032.State.NoRead","DB51,X637.1",Boolean,1,RO,100,,,,,,,,,,"1条码读不出来",
"1032.State.OutFlag","DB51,W638",Short,1,RO,100,,,,,,,,,,"1出库站台无货",
"1032.State.ReadOK","DB51,X637.0",Boolean,1,RO,100,,,,,,,,,,"1条码读取成功",
"1032.State.Remaining","DB51,X637.7",Boolean,1,RO,100,,,,,,,,,,"1尾盘、0整盘",
"1032.State.ReversalRun","DB76,X63.6",Boolean,1,RO,100,,,,,,,,,,"反转运行",
"1032.State.Runing","DB76,X62.0",Boolean,1,RO,100,,,,,,,,,,"设备运行标志",
"1032.State.SelectPlace","DB76,X63.4",Boolean,1,RO,100,,,,,,,,,,"选中位",
"1032.State.State_BY2","DB76,X63.0",Boolean,1,RO,100,,,,,,,,,,"备用2",
"1032.State.State_BY3","DB76,X63.7",Boolean,1,RO,100,,,,,,,,,,"备用",
"1032.Task.Code","DB51,B622",Char,1,RO,100,,,,,,,,,,"条码",
"1032.Task.Code_1","DB51,B623",Char,1,RO,100,,,,,,,,,,"条码",
"1032.Task.Code_2","DB51,B624",Char,1,RO,100,,,,,,,,,,"条码",
"1032.Task.Code_3","DB51,B625",Char,1,RO,100,,,,,,,,,,"条码",
"1032.Task.Code_4","DB51,B626",Char,1,RO,100,,,,,,,,,,"条码",
"1032.Task.Code_5","DB51,B627",Char,1,RO,100,,,,,,,,,,"条码",
"1032.Task.Code_6","DB51,B628",Char,1,RO,100,,,,,,,,,,"条码",
"1032.Task.Code_7","DB51,B629",Char,1,RO,100,,,,,,,,,,"条码",
"1032.Task.DestSta","DB51,W634",Short,1,RO,100,,,,,,,,,,"目标站台",
"1032.Task.StartSta","DB51,W632",Short,1,RO,100,,,,,,,,,,"开始站台",
"1032.Task.Task","DB51,W620",Short,1,RO,100,,,,,,,,,,"任务号",
"1032.Task.TpType","DB51,W630",Short,1,RO,100,,,,,,,,,,"货物类型",
"1033.Alarm.DriveFault","DB76,X64.2",Boolean,1,RO,100,,,,,,,,,,"驱动器故障",
"1033.Alarm.EstopFault","DB76,X64.7",Boolean,1,RO,100,,,,,,,,,,"急停故障",
"1033.Alarm.LS_Fault","DB76,X65.2",Boolean,1,RO,100,,,,,,,,,,"限位故障",
"1033.Alarm.OutSideFault","DB76,X65.1",Boolean,1,RO,100,,,,,,,,,,"货物超边故障",
"1033.Alarm.PH_Fault","DB76,X64.6",Boolean,1,RO,100,,,,,,,,,,"光电管异常",
"1033.Alarm.QF_Fault","DB76,X64.4",Boolean,1,RO,100,,,,,,,,,,"空开故障",
"1033.Alarm.QS_Fault","DB76,X64.5",Boolean,1,RO,100,,,,,,,,,,"隔离开关故障",
"1033.Alarm.TimeOutFault","DB76,X64.3",Boolean,1,RO,100,,,,,,,,,,"超时故障",
"1033.Alarm.TotalFault","DB76,X64.1",Boolean,1,RO,100,,,,,,,,,,"总故障",
"1033.State.BackUp10","DB51,X657.3",Boolean,1,RO,100,,,,,,,,,,"备用",
"1033.State.BackUp11","DB51,X657.4",Boolean,1,RO,100,,,,,,,,,,"备用",
"1033.State.BackUp12","DB51,X657.5",Boolean,1,RO,100,,,,,,,,,,"备用",
"1033.State.BackUp13","DB51,X657.6",Boolean,1,RO,100,,,,,,,,,,"备用",
"1033.State.CheckOK","DB51,X657.2",Boolean,1,RO,100,,,,,,,,,,"1条码校验成功",
"1033.State.ForwardRun","DB76,X65.5",Boolean,1,RO,100,,,,,,,,,,"正转运行",
"1033.State.IsRotate","DB51,B656",Byte,1,RO,100,,,,,,,,,,"1旋转/2不旋转",
"1033.State.Load","DB76,X65.3",Boolean,1,RO,100,,,,,,,,,,"负载",
"1033.State.NoRead","DB51,X657.1",Boolean,1,RO,100,,,,,,,,,,"1条码读不出来",
"1033.State.OutFlag","DB51,W658",Short,1,RO,100,,,,,,,,,,"1出库站台无货",
"1033.State.ReadOK","DB51,X657.0",Boolean,1,RO,100,,,,,,,,,,"1条码读取成功",
"1033.State.Remaining","DB51,X657.7",Boolean,1,RO,100,,,,,,,,,,"1尾盘、0整盘",
"1033.State.ReversalRun","DB76,X65.6",Boolean,1,RO,100,,,,,,,,,,"反转运行",
"1033.State.Runing","DB76,X64.0",Boolean,1,RO,100,,,,,,,,,,"设备运行标志",
"1033.State.SelectPlace","DB76,X65.4",Boolean,1,RO,100,,,,,,,,,,"选中位",
"1033.State.State_BY2","DB76,X65.0",Boolean,1,RO,100,,,,,,,,,,"备用2",
"1033.State.State_BY3","DB76,X65.7",Boolean,1,RO,100,,,,,,,,,,"备用",
"1033.Task.Code","DB51,B642",Char,1,RO,100,,,,,,,,,,"条码",
"1033.Task.Code_1","DB51,B643",Char,1,RO,100,,,,,,,,,,"条码",
"1033.Task.Code_2","DB51,B644",Char,1,RO,100,,,,,,,,,,"条码",
"1033.Task.Code_3","DB51,B645",Char,1,RO,100,,,,,,,,,,"条码",
"1033.Task.Code_4","DB51,B646",Char,1,RO,100,,,,,,,,,,"条码",
"1033.Task.Code_5","DB51,B647",Char,1,RO,100,,,,,,,,,,"条码",
"1033.Task.Code_6","DB51,B648",Char,1,RO,100,,,,,,,,,,"条码",
"1033.Task.Code_7","DB51,B649",Char,1,RO,100,,,,,,,,,,"条码",
"1033.Task.DestSta","DB51,W654",Short,1,RO,100,,,,,,,,,,"目标站台",
"1033.Task.StartSta","DB51,W652",Short,1,RO,100,,,,,,,,,,"开始站台",
"1033.Task.Task","DB51,W640",Short,1,RO,100,,,,,,,,,,"任务号",
"1033.Task.TpType","DB51,W650",Short,1,RO,100,,,,,,,,,,"货物类型",
"1034.Alarm.DriveFault","DB76,X66.2",Boolean,1,RO,100,,,,,,,,,,"驱动器故障",
"1034.Alarm.EstopFault","DB76,X66.7",Boolean,1,RO,100,,,,,,,,,,"急停故障",
"1034.Alarm.LS_Fault","DB76,X67.2",Boolean,1,RO,100,,,,,,,,,,"限位故障",
"1034.Alarm.OutSideFault","DB76,X67.1",Boolean,1,RO,100,,,,,,,,,,"货物超边故障",
"1034.Alarm.PH_Fault","DB76,X66.6",Boolean,1,RO,100,,,,,,,,,,"光电管异常",
"1034.Alarm.QF_Fault","DB76,X66.4",Boolean,1,RO,100,,,,,,,,,,"空开故障",
"1034.Alarm.QS_Fault","DB76,X66.5",Boolean,1,RO,100,,,,,,,,,,"隔离开关故障",
"1034.Alarm.TimeOutFault","DB76,X66.3",Boolean,1,RO,100,,,,,,,,,,"超时故障",
"1034.Alarm.TotalFault","DB76,X66.1",Boolean,1,RO,100,,,,,,,,,,"总故障",
"1034.State.BackUp10","DB51,X677.3",Boolean,1,RO,100,,,,,,,,,,"备用",
"1034.State.BackUp11","DB51,X677.4",Boolean,1,RO,100,,,,,,,,,,"备用",
"1034.State.BackUp12","DB51,X677.5",Boolean,1,RO,100,,,,,,,,,,"备用",
"1034.State.BackUp13","DB51,X677.6",Boolean,1,RO,100,,,,,,,,,,"备用",
"1034.State.CheckOK","DB51,X677.2",Boolean,1,RO,100,,,,,,,,,,"1条码校验成功",
"1034.State.ForwardRun","DB76,X67.5",Boolean,1,RO,100,,,,,,,,,,"正转运行",
"1034.State.IsRotate","DB51,B676",Byte,1,RO,100,,,,,,,,,,"1旋转/2不旋转",
"1034.State.Load","DB76,X67.3",Boolean,1,RO,100,,,,,,,,,,"负载",
"1034.State.NoRead","DB51,X677.1",Boolean,1,RO,100,,,,,,,,,,"1条码读不出来",
"1034.State.OutFlag","DB51,W678",Short,1,RO,100,,,,,,,,,,"1出库站台无货",
"1034.State.ReadOK","DB51,X677.0",Boolean,1,RO,100,,,,,,,,,,"1条码读取成功",
"1034.State.Remaining","DB51,X677.7",Boolean,1,RO,100,,,,,,,,,,"1尾盘、0整盘",
"1034.State.ReversalRun","DB76,X67.6",Boolean,1,RO,100,,,,,,,,,,"反转运行",
"1034.State.Runing","DB76,X66.0",Boolean,1,RO,100,,,,,,,,,,"设备运行标志",
"1034.State.SelectPlace","DB76,X67.4",Boolean,1,RO,100,,,,,,,,,,"选中位",
"1034.State.State_BY2","DB76,X67.0",Boolean,1,RO,100,,,,,,,,,,"备用2",
"1034.State.State_BY3","DB76,X67.7",Boolean,1,RO,100,,,,,,,,,,"备用",
"1034.Task.Code","DB51,B662",Char,1,RO,100,,,,,,,,,,"条码",
"1034.Task.Code_1","DB51,B663",Char,1,RO,100,,,,,,,,,,"条码",
"1034.Task.Code_2","DB51,B664",Char,1,RO,100,,,,,,,,,,"条码",
"1034.Task.Code_3","DB51,B665",Char,1,RO,100,,,,,,,,,,"条码",
"1034.Task.Code_4","DB51,B666",Char,1,RO,100,,,,,,,,,,"条码",
"1034.Task.Code_5","DB51,B667",Char,1,RO,100,,,,,,,,,,"条码",
"1034.Task.Code_6","DB51,B668",Char,1,RO,100,,,,,,,,,,"条码",
"1034.Task.Code_7","DB51,B669",Char,1,RO,100,,,,,,,,,,"条码",
"1034.Task.DestSta","DB51,W674",Short,1,RO,100,,,,,,,,,,"目标站台",
"1034.Task.StartSta","DB51,W672",Short,1,RO,100,,,,,,,,,,"开始站台",
"1034.Task.Task","DB51,W660",Short,1,RO,100,,,,,,,,,,"任务号",
"1034.Task.TpType","DB51,W670",Short,1,RO,100,,,,,,,,,,"货物类型",
"1035.Alarm.DriveFault","DB76,X68.2",Boolean,1,RO,100,,,,,,,,,,"驱动器故障",
"1035.Alarm.EstopFault","DB76,X68.7",Boolean,1,RO,100,,,,,,,,,,"急停故障",
"1035.Alarm.LS_Fault","DB76,X69.2",Boolean,1,RO,100,,,,,,,,,,"限位故障",
"1035.Alarm.OutSideFault","DB76,X69.1",Boolean,1,RO,100,,,,,,,,,,"货物超边故障",
"1035.Alarm.PH_Fault","DB76,X68.6",Boolean,1,RO,100,,,,,,,,,,"光电管异常",
"1035.Alarm.QF_Fault","DB76,X68.4",Boolean,1,RO,100,,,,,,,,,,"空开故障",
"1035.Alarm.QS_Fault","DB76,X68.5",Boolean,1,RO,100,,,,,,,,,,"隔离开关故障",
"1035.Alarm.TimeOutFault","DB76,X68.3",Boolean,1,RO,100,,,,,,,,,,"超时故障",
"1035.Alarm.TotalFault","DB76,X68.1",Boolean,1,RO,100,,,,,,,,,,"总故障",
"1035.State.BackUp10","DB51,X697.3",Boolean,1,RO,100,,,,,,,,,,"备用",
"1035.State.BackUp11","DB51,X697.4",Boolean,1,RO,100,,,,,,,,,,"备用",
"1035.State.BackUp12","DB51,X697.5",Boolean,1,RO,100,,,,,,,,,,"备用",
"1035.State.BackUp13","DB51,X697.6",Boolean,1,RO,100,,,,,,,,,,"备用",
"1035.State.CheckOK","DB51,X697.2",Boolean,1,RO,100,,,,,,,,,,"1条码校验成功",
"1035.State.ForwardRun","DB76,X69.5",Boolean,1,RO,100,,,,,,,,,,"正转运行",
"1035.State.IsRotate","DB51,B696",Byte,1,RO,100,,,,,,,,,,"1旋转/2不旋转",
"1035.State.Load","DB76,X69.3",Boolean,1,RO,100,,,,,,,,,,"负载",
"1035.State.NoRead","DB51,X697.1",Boolean,1,RO,100,,,,,,,,,,"1条码读不出来",
"1035.State.OutFlag","DB51,W698",Short,1,RO,100,,,,,,,,,,"1出库站台无货",
"1035.State.ReadOK","DB51,X697.0",Boolean,1,RO,100,,,,,,,,,,"1条码读取成功",
"1035.State.Remaining","DB51,X697.7",Boolean,1,RO,100,,,,,,,,,,"1尾盘、0整盘",
"1035.State.ReversalRun","DB76,X69.6",Boolean,1,RO,100,,,,,,,,,,"反转运行",
"1035.State.Runing","DB76,X68.0",Boolean,1,RO,100,,,,,,,,,,"设备运行标志",
"1035.State.SelectPlace","DB76,X69.4",Boolean,1,RO,100,,,,,,,,,,"选中位",
"1035.State.State_BY2","DB76,X69.0",Boolean,1,RO,100,,,,,,,,,,"备用2",
"1035.State.State_BY3","DB76,X69.7",Boolean,1,RO,100,,,,,,,,,,"备用",
"1035.Task.Code","DB51,B682",Char,1,RO,100,,,,,,,,,,"条码",
"1035.Task.Code_1","DB51,B683",Char,1,RO,100,,,,,,,,,,"条码",
"1035.Task.Code_2","DB51,B684",Char,1,RO,100,,,,,,,,,,"条码",
"1035.Task.Code_3","DB51,B685",Char,1,RO,100,,,,,,,,,,"条码",
"1035.Task.Code_4","DB51,B686",Char,1,RO,100,,,,,,,,,,"条码",
"1035.Task.Code_5","DB51,B687",Char,1,RO,100,,,,,,,,,,"条码",
"1035.Task.Code_6","DB51,B688",Char,1,RO,100,,,,,,,,,,"条码",
"1035.Task.Code_7","DB51,B689",Char,1,RO,100,,,,,,,,,,"条码",
"1035.Task.DestSta","DB51,W694",Short,1,RO,100,,,,,,,,,,"目标站台",
"1035.Task.StartSta","DB51,W692",Short,1,RO,100,,,,,,,,,,"开始站台",
"1035.Task.Task","DB51,W680",Short,1,RO,100,,,,,,,,,,"任务号",
"1035.Task.TpType","DB51,W690",Short,1,RO,100,,,,,,,,,,"货物类型",
"M5001.Alarm.B_Fault","DB50.DBX12.4",Boolean,1,RO,100,,,,,,,,,,"M5001后超长",
"M5001.Alarm.DriveFault","DB70.DBX0.2",Boolean,1,RO,100,,,,,,,,,,"M5001驱动器故障",
"M5001.Alarm.EstopFault","DB70.DBX1.3",Boolean,1,RO,100,,,,,,,,,,"M5001急停故障",
"M5001.Alarm.F_Fault","DB50.DBX12.3",Boolean,1,RO,100,,,,,,,,,,"M5001前超长",
"M5001.Alarm.H_Fault","DB50.DBX12.2",Boolean,1,RO,100,,,,,,,,,,"M5001超高",
"M5001.Alarm.L_Fault","DB50.DBX12.5",Boolean,1,RO,100,,,,,,,,,,"M5001左超宽",
"M5001.Alarm.LS_Fault","DB70.DBX1.2",Boolean,1,RO,100,,,,,,,,,,"M5001限位故障",
"M5001.Alarm.NoRead","DB50.DBX13.1",Boolean,1,RO,100,,,,,,,,,,"M5001条码未读出",
"M5001.Alarm.OutSideFault","DB70.DBX1.1",Boolean,1,RO,100,,,,,,,,,,"M5001货物超边故障",
"M5001.Alarm.PH_Fault","DB70.DBX0.6",Boolean,1,RO,100,,,,,,,,,,"M5001光电管异常",
"M5001.Alarm.QF_Fault","DB70.DBX0.4",Boolean,1,RO,100,,,,,,,,,,"M5001空开故障",
"M5001.Alarm.QS_Fault","DB70.DBX0.5",Boolean,1,RO,100,,,,,,,,,,"M5001隔离开关故障",
"M5001.Alarm.R_Fault","DB50.DBX12.6",Boolean,1,RO,100,,,,,,,,,,"M5001右超宽",
"M5001.Alarm.RFID_ReadFault","DB50.DBX13.3",Boolean,1,RO,100,,,,,,,,,,"M5001RFID读取错误",
"M5001.Alarm.RFID_WriteFault","DB50.DBX13.2",Boolean,1,RO,100,,,,,,,,,,"M5001RFID写入错误",
"M5001.Alarm.TimeOutFault","DB70.DBX0.3",Boolean,1,RO,100,,,,,,,,,,"M5001超时故障",
"M5001.Alarm.TM_JY_Fault","DB50.DBX13.0",Boolean,1,RO,100,,,,,,,,,,"M5001条码校验故障",
"M5001.Alarm.TotalFault","DB70.DBX0.1",Boolean,1,RO,100,,,,,,,,,,"M5001总故障",
"M5001.Alarm.WX_Fault","DB50.DBX12.1",Boolean,1,RO,100,,,,,,,,,,"M5001外形故障",
"M5001.Alarm.WX_TM_Fault","DB50.DBX12.0",Boolean,1,RO,100,,,,,,,,,,"M5001外形条码总故障",
"M5001.State.Allow","DB50.DBB19",Byte,1,RO,100,,,,,,,,,,"M5001允许拆盘",
"M5001.State.ForwardRun","DB70.DBX1.6",Boolean,1,RO,100,,,,,,,,,,"M5001正转运行",
"M5001.State.Get_Num","DB50.DBB18",Byte,1,RO,100,,,,,,,,,,"M5001已取数量",
"M5001.State.LastOne","DB50.DBX13.4",Boolean,1,RO,100,,,,,,,,,,"M5001强制推盘",
"M5001.State.Load","DB70.DBX1.5",Boolean,1,RO,100,,,,,,,,,,"M5001负载",
"M5001.State.MD_State1","DB50.DINT20",Long,1,RO,100,,,,,,,,,,"M5001码垛状态1",
"M5001.State.MD_State2","DB50.DBB24",Byte,1,RO,100,,,,,,,,,,"M5001码垛状态2",
"M5001.State.Need_Num","DB50.DBB17",Byte,1,RO,100,,,,,,,,,,"M5001要取数量",
"M5001.State.PH1","I185.2",Boolean,1,RO,100,,,,,,,,,,"5001到位光电1",
"M5001.State.PH2","I185.4",Boolean,1,RO,100,,,,,,,,,,"5002到位光电1",
"M5001.State.ReversalRun","DB70.DBX1.7",Boolean,1,RO,100,,,,,,,,,,"M5001反转运行",
"M5001.State.Runing","DB70.DBX0.0",Boolean,1,RO,100,,,,,,,,,,"M5001设备运行标志",
"M5001.State.SelectPlace","DB70.DBX0.7",Boolean,1,RO,100,,,,,,,,,,"M5001选中位",
"M5001.State.YX_DX","DB50.DBB15",Byte,1,RO,100,,,,,,,,,,"M5001码垛垛型",
"M5001.State.YX_Num","DB50.DBB16",Byte,1,RO,100,,,,,,,,,,"M5001烟箱数量",
"M5001.State.YX_Type","DB50.DBB14",Byte,1,RO,100,,,,,,,,,,"M5001烟箱类型",
"M5001.Task.Code","DB50.DINT2",Long,1,RO,100,,,,,,,,,,"M5001托盘条码",
"M5001.Task.DestSta","DB50.DBW10",Short,1,RO,100,,,,,,,,,,"M5001目标地址",
"M5001.Task.StartSta","DB50.DBW8",Short,1,RO,100,,,,,,,,,,"M5001起始地址",
"M5001.Task.Task","DB50.DBW0",Short,1,RO,100,,,,,,,,,,"M5001任务号",
"M5001.Task.TpType","DB50.DBW6",Short,1,RO,100,,,,,,,,,,"M5001货物类型",
"M5002.Alarm.B_Fault","DB50.DBX42.4",Boolean,1,RO,100,,,,,,,,,,"M5002后超长",
"M5002.Alarm.DriveFault","DB70.DBX2.2",Boolean,1,RO,100,,,,,,,,,,"M5002驱动器故障",
"M5002.Alarm.EstopFault","DB70.DBX3.3",Boolean,1,RO,100,,,,,,,,,,"M5002急停故障",
"M5002.Alarm.F_Fault","DB50.DBX42.3",Boolean,1,RO,100,,,,,,,,,,"M5002前超长",
"M5002.Alarm.H_Fault","DB50.DBX42.2",Boolean,1,RO,100,,,,,,,,,,"M5002超高",
"M5002.Alarm.L_Fault","DB50.DBX42.5",Boolean,1,RO,100,,,,,,,,,,"M5002左超宽",
"M5002.Alarm.LS_Fault","DB70.DBX3.2",Boolean,1,RO,100,,,,,,,,,,"M5002限位故障",
"M5002.Alarm.NoRead","DB50.DBX43.1",Boolean,1,RO,100,,,,,,,,,,"M5002条码未读出",
"M5002.Alarm.OutSideFault","DB70.DBX3.1",Boolean,1,RO,100,,,,,,,,,,"M5002货物超边故障",
"M5002.Alarm.PH_Fault","DB70.DBX2.6",Boolean,1,RO,100,,,,,,,,,,"M5002光电管异常",
"M5002.Alarm.QF_Fault","DB70.DBX2.4",Boolean,1,RO,100,,,,,,,,,,"M5002空开故障",
"M5002.Alarm.QS_Fault","DB70.DBX2.5",Boolean,1,RO,100,,,,,,,,,,"M5002隔离开关故障",
"M5002.Alarm.R_Fault","DB50.DBX42.6",Boolean,1,RO,100,,,,,,,,,,"M5002右超宽",
"M5002.Alarm.RFID_ReadFault","DB50.DBX43.3",Boolean,1,RO,100,,,,,,,,,,"M5002RFID读取错误",
"M5002.Alarm.RFID_WriteFault","DB50.DBX43.2",Boolean,1,RO,100,,,,,,,,,,"M5002RFID写入错误",
"M5002.Alarm.TimeOutFault","DB70.DBX2.3",Boolean,1,RO,100,,,,,,,,,,"M5002超时故障",
"M5002.Alarm.TM_JY_Fault","DB50.DBX43.0",Boolean,1,RO,100,,,,,,,,,,"M5002条码校验故障",
"M5002.Alarm.TotalFault","DB70.DBX2.1",Boolean,1,RO,100,,,,,,,,,,"M5002总故障",
"M5002.Alarm.WX_Fault","DB50.DBX42.1",Boolean,1,RO,100,,,,,,,,,,"M5002外形故障",
"M5002.Alarm.WX_TM_Fault","DB50.DBX42.0",Boolean,1,RO,100,,,,,,,,,,"M5002外形条码总故障",
"M5002.State.Allow","DB50.DBB49",Byte,1,RO,100,,,,,,,,,,"M5002允许拆盘",
"M5002.State.ForwardRun","DB70.DBX3.6",Boolean,1,RO,100,,,,,,,,,,"M5002正转运行",
"M5002.State.Get_Num","DB50.DBB48",Byte,1,RO,100,,,,,,,,,,"M5002已取数量",
"M5002.State.LastOne","DB50.DBX43.4",Boolean,1,RO,100,,,,,,,,,,"M5002强制推盘",
"M5002.State.Load","DB70.DBX3.5",Boolean,1,RO,100,,,,,,,,,,"M5002负载",
"M5002.State.MD_State1","DB50.DINT50",Long,1,RO,100,,,,,,,,,,"M5002码垛状态1",
"M5002.State.MD_State2","DB50.DBB54",Byte,1,RO,100,,,,,,,,,,"M5002码垛状态2",
"M5002.State.Need_Num","DB50.DBB47",Byte,1,RO,100,,,,,,,,,,"M5002要取数量",
"M5002.State.PH1","I182.2",Boolean,1,RO,100,,,,,,,,,,"5002减速光电",
"M5002.State.PH2","I182.4",Boolean,1,RO,100,,,,,,,,,,"5002到位光电",
"M5002.State.PH3","I182.6",Boolean,1,RO,100,,,,,,,,,,"5002对射保护光电",
"M5002.State.ReversalRun","DB70.DBX3.7",Boolean,1,RO,100,,,,,,,,,,"M5002反转运行",
"M5002.State.Runing","DB70.DBX2.0",Boolean,1,RO,100,,,,,,,,,,"M5002设备运行标志",
"M5002.State.SelectPlace","DB70.DBX2.7",Boolean,1,RO,100,,,,,,,,,,"M5002选中位",
"M5002.State.YX_DX","DB50.DBB45",Byte,1,RO,100,,,,,,,,,,"M5002码垛垛型",
"M5002.State.YX_Num","DB50.DBB46",Byte,1,RO,100,,,,,,,,,,"M5002烟箱数量",
"M5002.State.YX_Type","DB50.DBB44",Byte,1,RO,100,,,,,,,,,,"M5002烟箱类型",
"M5002.Task.Code","DB50.DINT32",Long,1,RO,100,,,,,,,,,,"M5002托盘条码",
"M5002.Task.DestSta","DB50.DBW40",Short,1,RO,100,,,,,,,,,,"M5002目标地址",
"M5002.Task.StartSta","DB50.DBW38",Short,1,RO,100,,,,,,,,,,"M5002起始地址",
"M5002.Task.Task","DB50.DBW30",Short,1,RO,100,,,,,,,,,,"M5002任务号",
"M5002.Task.TpType","DB50.DBW36",Short,1,RO,100,,,,,,,,,,"M5002货物类型",
"M5003.Alarm.B_Fault","DB50.DBX72.4",Boolean,1,RO,100,,,,,,,,,,"M5003后超长",
"M5003.Alarm.DriveFault","DB70.DBX4.2",Boolean,1,RO,100,,,,,,,,,,"M5003驱动器故障",
"M5003.Alarm.EstopFault","DB70.DBX5.3",Boolean,1,RO,100,,,,,,,,,,"M5003急停故障",
"M5003.Alarm.F_Fault","DB50.DBX72.3",Boolean,1,RO,100,,,,,,,,,,"M5003前超长",
"M5003.Alarm.H_Fault","DB50.DBX72.2",Boolean,1,RO,100,,,,,,,,,,"M5003超高",
"M5003.Alarm.L_Fault","DB50.DBX72.5",Boolean,1,RO,100,,,,,,,,,,"M5003左超宽",
"M5003.Alarm.LS_Fault","DB70.DBX5.2",Boolean,1,RO,100,,,,,,,,,,"M5003限位故障",
"M5003.Alarm.NoRead","DB50.DBX73.1",Boolean,1,RO,100,,,,,,,,,,"M5003条码未读出",
"M5003.Alarm.OutSideFault","DB70.DBX5.1",Boolean,1,RO,100,,,,,,,,,,"M5003货物超边故障",
"M5003.Alarm.PH_Fault","DB70.DBX4.6",Boolean,1,RO,100,,,,,,,,,,"M5003光电管异常",
"M5003.Alarm.QF_Fault","DB70.DBX4.4",Boolean,1,RO,100,,,,,,,,,,"M5003空开故障",
"M5003.Alarm.QS_Fault","DB70.DBX4.5",Boolean,1,RO,100,,,,,,,,,,"M5003隔离开关故障",
"M5003.Alarm.R_Fault","DB50.DBX72.6",Boolean,1,RO,100,,,,,,,,,,"M5003右超宽",
"M5003.Alarm.RFID_ReadFault","DB50.DBX73.3",Boolean,1,RO,100,,,,,,,,,,"M5003RFID读取错误",
"M5003.Alarm.RFID_WriteFault","DB50.DBX73.2",Boolean,1,RO,100,,,,,,,,,,"M5003RFID写入错误",
"M5003.Alarm.TimeOutFault","DB70.DBX4.3",Boolean,1,RO,100,,,,,,,,,,"M5003超时故障",
"M5003.Alarm.TM_JY_Fault","DB50.DBX73.0",Boolean,1,RO,100,,,,,,,,,,"M5003条码校验故障",
"M5003.Alarm.TotalFault","DB70.DBX4.1",Boolean,1,RO,100,,,,,,,,,,"M5003总故障",
"M5003.Alarm.WX_Fault","DB50.DBX72.1",Boolean,1,RO,100,,,,,,,,,,"M5003外形故障",
"M5003.Alarm.WX_TM_Fault","DB50.DBX72.0",Boolean,1,RO,100,,,,,,,,,,"M5003外形条码总故障",
"M5003.State.Allow","DB50.DBB79",Byte,1,RO,100,,,,,,,,,,"M5003允许拆盘",
"M5003.State.ForwardRun","DB70.DBX5.6",Boolean,1,RO,100,,,,,,,,,,"M5003正转运行",
"M5003.State.Get_Num","DB50.DBB78",Byte,1,RO,100,,,,,,,,,,"M5003已取数量",
"M5003.State.LastOne","DB50.DBX73.4",Boolean,1,RO,100,,,,,,,,,,"M5003强制推盘",
"M5003.State.Load","DB70.DBX5.5",Boolean,1,RO,100,,,,,,,,,,"M5003负载",
"M5003.State.MD_State1","DB50.DINT80",Long,1,RO,100,,,,,,,,,,"M5003码垛状态1",
"M5003.State.MD_State2","DB50.DBB84",Byte,1,RO,100,,,,,,,,,,"M5003码垛状态2",
"M5003.State.Need_Num","DB50.DBB77",Byte,1,RO,100,,,,,,,,,,"M5003要取数量",
"M5003.State.PH1","I182.3",Boolean,1,RO,100,,,,,,,,,,"5003对射保护光电",
"M5003.State.PH2","I182.5",Boolean,1,RO,100,,,,,,,,,,"5003减速光电",
"M5003.State.PH3","I182.7",Boolean,1,RO,100,,,,,,,,,,"5003到位光电",
"M5003.State.ReversalRun","DB70.DBX5.7",Boolean,1,RO,100,,,,,,,,,,"M5003反转运行",
"M5003.State.Runing","DB70.DBX4.0",Boolean,1,RO,100,,,,,,,,,,"M5003设备运行标志",
"M5003.State.SelectPlace","DB70.DBX4.7",Boolean,1,RO,100,,,,,,,,,,"M5003选中位",
"M5003.State.YX_DX","DB50.DBB75",Byte,1,RO,100,,,,,,,,,,"M5003码垛垛型",
"M5003.State.YX_Num","DB50.DBB76",Byte,1,RO,100,,,,,,,,,,"M5003烟箱数量",
"M5003.State.YX_Type","DB50.DBB74",Byte,1,RO,100,,,,,,,,,,"M5003烟箱类型",
"M5003.Task.Code","DB50.DINT62",Long,1,RO,100,,,,,,,,,,"M5003托盘条码",
"M5003.Task.DestSta","DB50.DBW70",Short,1,RO,100,,,,,,,,,,"M5003目标地址",
"M5003.Task.StartSta","DB50.DBW68",Short,1,RO,100,,,,,,,,,,"M5003起始地址",
"M5003.Task.Task","DB50.DBW60",Short,1,RO,100,,,,,,,,,,"M5003任务号",
"M5003.Task.TpType","DB50.DBW66",Short,1,RO,100,,,,,,,,,,"M5003货物类型",
"M5004.Alarm.B_Fault","DB50.DBX102.4",Boolean,1,RO,100,,,,,,,,,,"M5004后超长",
"M5004.Alarm.DriveFault","DB70.DBX6.2",Boolean,1,RO,100,,,,,,,,,,"M5004驱动器故障",
"M5004.Alarm.EstopFault","DB70.DBX7.3",Boolean,1,RO,100,,,,,,,,,,"M5004急停故障",
"M5004.Alarm.F_Fault","DB50.DBX102.3",Boolean,1,RO,100,,,,,,,,,,"M5004前超长",
"M5004.Alarm.H_Fault","DB50.DBX102.2",Boolean,1,RO,100,,,,,,,,,,"M5004超高",
"M5004.Alarm.L_Fault","DB50.DBX102.5",Boolean,1,RO,100,,,,,,,,,,"M5004左超宽",
"M5004.Alarm.LS_Fault","DB70.DBX7.2",Boolean,1,RO,100,,,,,,,,,,"M5004限位故障",
"M5004.Alarm.NoRead","DB50.DBX103.1",Boolean,1,RO,100,,,,,,,,,,"M5004条码未读出",
"M5004.Alarm.OutSideFault","DB70.DBX7.1",Boolean,1,RO,100,,,,,,,,,,"M5004货物超边故障",
"M5004.Alarm.PH_Fault","DB70.DBX6.6",Boolean,1,RO,100,,,,,,,,,,"M5004光电管异常",
"M5004.Alarm.QF_Fault","DB70.DBX6.4",Boolean,1,RO,100,,,,,,,,,,"M5004空开故障",
"M5004.Alarm.QS_Fault","DB70.DBX6.5",Boolean,1,RO,100,,,,,,,,,,"M5004隔离开关故障",
"M5004.Alarm.R_Fault","DB50.DBX102.6",Boolean,1,RO,100,,,,,,,,,,"M5004右超宽",
"M5004.Alarm.RFID_ReadFault","DB50.DBX103.3",Boolean,1,RO,100,,,,,,,,,,"M5004RFID读取错误",
"M5004.Alarm.RFID_WriteFault","DB50.DBX103.2",Boolean,1,RO,100,,,,,,,,,,"M5004RFID写入错误",
"M5004.Alarm.TimeOutFault","DB70.DBX6.3",Boolean,1,RO,100,,,,,,,,,,"M5004超时故障",
"M5004.Alarm.TM_JY_Fault","DB50.DBX103.0",Boolean,1,RO,100,,,,,,,,,,"M5004条码校验故障",
"M5004.Alarm.TotalFault","DB70.DBX6.1",Boolean,1,RO,100,,,,,,,,,,"M5004总故障",
"M5004.Alarm.WX_Fault","DB50.DBX102.1",Boolean,1,RO,100,,,,,,,,,,"M5004外形故障",
"M5004.Alarm.WX_TM_Fault","DB50.DBX102.0",Boolean,1,RO,100,,,,,,,,,,"M5004外形条码总故障",
"M5004.State.Allow","DB50.DBB109",Byte,1,RO,100,,,,,,,,,,"M5004允许拆盘",
"M5004.State.ForwardRun","DB70.DBX7.6",Boolean,1,RO,100,,,,,,,,,,"M5004正转运行",
"M5004.State.Get_Num","DB50.DBB108",Byte,1,RO,100,,,,,,,,,,"M5004已取数量",
"M5004.State.LastOne","DB50.DBX103.4",Boolean,1,RO,100,,,,,,,,,,"M5004强制推盘",
"M5004.State.Load","DB70.DBX7.5",Boolean,1,RO,100,,,,,,,,,,"M5004负载",
"M5004.State.MD_State1","DB50.DINT110",Long,1,RO,100,,,,,,,,,,"M5004码垛状态1",
"M5004.State.MD_State2","DB50.DBB114",Byte,1,RO,100,,,,,,,,,,"M5004码垛状态2",
"M5004.State.Need_Num","DB50.DBB107",Byte,1,RO,100,,,,,,,,,,"M5004要取数量",
"M5004.State.PH1","I183.2",Boolean,1,RO,100,,,,,,,,,,"5004到位光电1",
"M5004.State.PH2","I183.4",Boolean,1,RO,100,,,,,,,,,,"5004减速光电",
"M5004.State.PH3","I183.6",Boolean,1,RO,100,,,,,,,,,,"5004到位光电2",
"M5004.State.ReversalRun","DB70.DBX7.7",Boolean,1,RO,100,,,,,,,,,,"M5004反转运行",
"M5004.State.Runing","DB70.DBX6.0",Boolean,1,RO,100,,,,,,,,,,"M5004设备运行标志",
"M5004.State.SelectPlace","DB70.DBX6.7",Boolean,1,RO,100,,,,,,,,,,"M5004选中位",
"M5004.State.YX_DX","DB50.DBB105",Byte,1,RO,100,,,,,,,,,,"M5004码垛垛型",
"M5004.State.YX_Num","DB50.DBB106",Byte,1,RO,100,,,,,,,,,,"M5004烟箱数量",
"M5004.State.YX_Type","DB50.DBB104",Byte,1,RO,100,,,,,,,,,,"M5004烟箱类型",
"M5004.Task.Code","DB50.DINT92",Long,1,RO,100,,,,,,,,,,"M5004托盘条码",
"M5004.Task.DestSta","DB50.DBW100",Short,1,RO,100,,,,,,,,,,"M5004目标地址",
"M5004.Task.StartSta","DB50.DBW98",Short,1,RO,100,,,,,,,,,,"M5004起始地址",
"M5004.Task.Task","DB50.DBW90",Short,1,RO,100,,,,,,,,,,"M5004任务号",
"M5004.Task.TpType","DB50.DBW96",Short,1,RO,100,,,,,,,,,,"M5004货物类型",
"M5005.Alarm.B_Fault","DB50.DBX132.4",Boolean,1,RO,100,,,,,,,,,,"M5005后超长",
"M5005.Alarm.DriveFault","DB70.DBX8.2",Boolean,1,RO,100,,,,,,,,,,"M5005驱动器故障",
"M5005.Alarm.EstopFault","DB70.DBX9.3",Boolean,1,RO,100,,,,,,,,,,"M5005急停故障",
"M5005.Alarm.F_Fault","DB50.DBX132.3",Boolean,1,RO,100,,,,,,,,,,"M5005前超长",
"M5005.Alarm.H_Fault","DB50.DBX132.2",Boolean,1,RO,100,,,,,,,,,,"M5005超高",
"M5005.Alarm.L_Fault","DB50.DBX132.5",Boolean,1,RO,100,,,,,,,,,,"M5005左超宽",
"M5005.Alarm.LS_Fault","DB70.DBX9.2",Boolean,1,RO,100,,,,,,,,,,"M5005限位故障",
"M5005.Alarm.NoRead","DB50.DBX133.1",Boolean,1,RO,100,,,,,,,,,,"M5005条码未读出",
"M5005.Alarm.OutSideFault","DB70.DBX9.1",Boolean,1,RO,100,,,,,,,,,,"M5005货物超边故障",
"M5005.Alarm.PH_Fault","DB70.DBX8.6",Boolean,1,RO,100,,,,,,,,,,"M5005光电管异常",
"M5005.Alarm.QF_Fault","DB70.DBX8.4",Boolean,1,RO,100,,,,,,,,,,"M5005空开故障",
"M5005.Alarm.QS_Fault","DB70.DBX8.5",Boolean,1,RO,100,,,,,,,,,,"M5005隔离开关故障",
"M5005.Alarm.R_Fault","DB50.DBX132.6",Boolean,1,RO,100,,,,,,,,,,"M5005右超宽",
"M5005.Alarm.RFID_ReadFault","DB50.DBX133.3",Boolean,1,RO,100,,,,,,,,,,"M5005RFID读取错误",
"M5005.Alarm.RFID_WriteFault","DB50.DBX133.2",Boolean,1,RO,100,,,,,,,,,,"M5005RFID写入错误",
"M5005.Alarm.TimeOutFault","DB70.DBX8.3",Boolean,1,RO,100,,,,,,,,,,"M5005超时故障",
"M5005.Alarm.TM_JY_Fault","DB50.DBX133.0",Boolean,1,RO,100,,,,,,,,,,"M5005条码校验故障",
"M5005.Alarm.TotalFault","DB70.DBX8.1",Boolean,1,RO,100,,,,,,,,,,"M5005总故障",
"M5005.Alarm.WX_Fault","DB50.DBX132.1",Boolean,1,RO,100,,,,,,,,,,"M5005外形故障",
"M5005.Alarm.WX_TM_Fault","DB50.DBX132.0",Boolean,1,RO,100,,,,,,,,,,"M5005外形条码总故障",
"M5005.State.Allow","DB50.DBB139",Byte,1,RO,100,,,,,,,,,,"M5005允许拆盘",
"M5005.State.ForwardRun","DB70.DBX9.6",Boolean,1,RO,100,,,,,,,,,,"M5005正转运行",
"M5005.State.Get_Num","DB50.DBB138",Byte,1,RO,100,,,,,,,,,,"M5005已取数量",
"M5005.State.LastOne","DB50.DBX133.4",Boolean,1,RO,100,,,,,,,,,,"M5005强制推盘",
"M5005.State.Load","DB70.DBX9.5",Boolean,1,RO,100,,,,,,,,,,"M5005负载",
"M5005.State.MD_State1","DB50.DINT140",Long,1,RO,100,,,,,,,,,,"M5005码垛状态1",
"M5005.State.MD_State2","DB50.DBB144",Byte,1,RO,100,,,,,,,,,,"M5005码垛状态2",
"M5005.State.Need_Num","DB50.DBB137",Byte,1,RO,100,,,,,,,,,,"M5005要取数量",
"M5005.State.PH1","I185.1",Boolean,1,RO,100,,,,,,,,,,"5005到位光电1",
"M5005.State.PH2","I185.3",Boolean,1,RO,100,,,,,,,,,,"5005到位光电2",
"M5005.State.ReversalRun","DB70.DBX9.7",Boolean,1,RO,100,,,,,,,,,,"M5005反转运行",
"M5005.State.Runing","DB70.DBX8.0",Boolean,1,RO,100,,,,,,,,,,"M5005设备运行标志",
"M5005.State.SelectPlace","DB70.DBX8.7",Boolean,1,RO,100,,,,,,,,,,"M5005选中位",
"M5005.State.YX_DX","DB50.DBB135",Byte,1,RO,100,,,,,,,,,,"M5005码垛垛型",
"M5005.State.YX_Num","DB50.DBB136",Byte,1,RO,100,,,,,,,,,,"M5005烟箱数量",
"M5005.State.YX_Type","DB50.DBB134",Byte,1,RO,100,,,,,,,,,,"M5005烟箱类型",
"M5005.Task.Code","DB50.DINT122",Long,1,RO,100,,,,,,,,,,"M5005托盘条码",
"M5005.Task.DestSta","DB50.DBW130",Short,1,RO,100,,,,,,,,,,"M5005目标地址",
"M5005.Task.StartSta","DB50.DBW128",Short,1,RO,100,,,,,,,,,,"M5005起始地址",
"M5005.Task.Task","DB50.DBW120",Short,1,RO,100,,,,,,,,,,"M5005任务号",
"M5005.Task.TpType","DB50.DBW126",Short,1,RO,100,,,,,,,,,,"M5005货物类型",
"M5006.Alarm.B_Fault","DB50.DBX162.4",Boolean,1,RO,100,,,,,,,,,,"M5006后超长",
"M5006.Alarm.DriveFault","DB70.DBX10.2",Boolean,1,RO,100,,,,,,,,,,"M5006驱动器故障",
"M5006.Alarm.EstopFault","DB70.DBX11.3",Boolean,1,RO,100,,,,,,,,,,"M5006急停故障",
"M5006.Alarm.F_Fault","DB50.DBX162.3",Boolean,1,RO,100,,,,,,,,,,"M5006前超长",
"M5006.Alarm.H_Fault","DB50.DBX162.2",Boolean,1,RO,100,,,,,,,,,,"M5006超高",
"M5006.Alarm.L_Fault","DB50.DBX162.5",Boolean,1,RO,100,,,,,,,,,,"M5006左超宽",
"M5006.Alarm.LS_Fault","DB70.DBX11.2",Boolean,1,RO,100,,,,,,,,,,"M5006限位故障",
"M5006.Alarm.NoRead","DB50.DBX163.1",Boolean,1,RO,100,,,,,,,,,,"M5006条码未读出",
"M5006.Alarm.OutSideFault","DB70.DBX11.1",Boolean,1,RO,100,,,,,,,,,,"M5006货物超边故障",
"M5006.Alarm.PH_Fault","DB70.DBX10.6",Boolean,1,RO,100,,,,,,,,,,"M5006光电管异常",
"M5006.Alarm.QF_Fault","DB70.DBX10.4",Boolean,1,RO,100,,,,,,,,,,"M5006空开故障",
"M5006.Alarm.QS_Fault","DB70.DBX10.5",Boolean,1,RO,100,,,,,,,,,,"M5006隔离开关故障",
"M5006.Alarm.R_Fault","DB50.DBX162.6",Boolean,1,RO,100,,,,,,,,,,"M5006右超宽",
"M5006.Alarm.RFID_ReadFault","DB50.DBX163.3",Boolean,1,RO,100,,,,,,,,,,"M5006RFID读取错误",
"M5006.Alarm.RFID_WriteFault","DB50.DBX163.2",Boolean,1,RO,100,,,,,,,,,,"M5006RFID写入错误",
"M5006.Alarm.TimeOutFault","DB70.DBX10.3",Boolean,1,RO,100,,,,,,,,,,"M5006超时故障",
"M5006.Alarm.TM_JY_Fault","DB50.DBX163.0",Boolean,1,RO,100,,,,,,,,,,"M5006条码校验故障",
"M5006.Alarm.TotalFault","DB70.DBX10.1",Boolean,1,RO,100,,,,,,,,,,"M5006总故障",
"M5006.Alarm.WX_Fault","DB50.DBX162.1",Boolean,1,RO,100,,,,,,,,,,"M5006外形故障",
"M5006.Alarm.WX_TM_Fault","DB50.DBX162.0",Boolean,1,RO,100,,,,,,,,,,"M5006外形条码总故障",
"M5006.State.Allow","DB50.DBB169",Byte,1,RO,100,,,,,,,,,,"M5006允许拆盘",
"M5006.State.ForwardRun","DB70.DBX11.6",Boolean,1,RO,100,,,,,,,,,,"M5006正转运行",
"M5006.State.Get_Num","DB50.DBB168",Byte,1,RO,100,,,,,,,,,,"M5006已取数量",
"M5006.State.LastOne","DB50.DBX163.4",Boolean,1,RO,100,,,,,,,,,,"M5006强制推盘",
"M5006.State.Load","DB70.DBX11.5",Boolean,1,RO,100,,,,,,,,,,"M5006负载",
"M5006.State.MD_State1","DB50.DINT170",Long,1,RO,100,,,,,,,,,,"M5006码垛状态1",
"M5006.State.MD_State2","DB50.DBB174",Byte,1,RO,100,,,,,,,,,,"M5006码垛状态2",
"M5006.State.Need_Num","DB50.DBB167",Byte,1,RO,100,,,,,,,,,,"M5006要取数量",
"M5006.State.PH1","I183.3",Boolean,1,RO,100,,,,,,,,,,"5006减速光电",
"M5006.State.PH2","I183.5",Boolean,1,RO,100,,,,,,,,,,"5006到位光电1",
"M5006.State.PH3","I183.7",Boolean,1,RO,100,,,,,,,,,,"5006对射保护光电",
"M5006.State.ReversalRun","DB70.DBX11.7",Boolean,1,RO,100,,,,,,,,,,"M5006反转运行",
"M5006.State.Runing","DB70.DBX10.0",Boolean,1,RO,100,,,,,,,,,,"M5006设备运行标志",
"M5006.State.SelectPlace","DB70.DBX10.7",Boolean,1,RO,100,,,,,,,,,,"M5006选中位",
"M5006.State.YX_DX","DB50.DBB165",Byte,1,RO,100,,,,,,,,,,"M5006码垛垛型",
"M5006.State.YX_Num","DB50.DBB166",Byte,1,RO,100,,,,,,,,,,"M5006烟箱数量",
"M5006.State.YX_Type","DB50.DBB164",Byte,1,RO,100,,,,,,,,,,"M5006烟箱类型",
"M5006.Task.Code","DB50.DINT152",Long,1,RO,100,,,,,,,,,,"M5006托盘条码",
"M5006.Task.DestSta","DB50.DBW160",Short,1,RO,100,,,,,,,,,,"M5006目标地址",
"M5006.Task.StartSta","DB50.DBW158",Short,1,RO,100,,,,,,,,,,"M5006起始地址",
"M5006.Task.Task","DB50.DBW150",Short,1,RO,100,,,,,,,,,,"M5006任务号",
"M5006.Task.TpType","DB50.DBW156",Short,1,RO,100,,,,,,,,,,"M5006货物类型",
"M5007.Alarm.B_Fault","DB50.DBX192.4",Boolean,1,RO,100,,,,,,,,,,"M5007后超长",
"M5007.Alarm.DriveFault","DB70.DBX12.2",Boolean,1,RO,100,,,,,,,,,,"M5007驱动器故障",
"M5007.Alarm.EstopFault","DB70.DBX13.3",Boolean,1,RO,100,,,,,,,,,,"M5007急停故障",
"M5007.Alarm.F_Fault","DB50.DBX192.3",Boolean,1,RO,100,,,,,,,,,,"M5007前超长",
"M5007.Alarm.H_Fault","DB50.DBX192.2",Boolean,1,RO,100,,,,,,,,,,"M5007超高",
"M5007.Alarm.L_Fault","DB50.DBX192.5",Boolean,1,RO,100,,,,,,,,,,"M5007左超宽",
"M5007.Alarm.LS_Fault","DB70.DBX13.2",Boolean,1,RO,100,,,,,,,,,,"M5007限位故障",
"M5007.Alarm.NoRead","DB50.DBX193.1",Boolean,1,RO,100,,,,,,,,,,"M5007条码未读出",
"M5007.Alarm.OutSideFault","DB70.DBX13.1",Boolean,1,RO,100,,,,,,,,,,"M5007货物超边故障",
"M5007.Alarm.PH_Fault","DB70.DBX12.6",Boolean,1,RO,100,,,,,,,,,,"M5007光电管异常",
"M5007.Alarm.QF_Fault","DB70.DBX12.4",Boolean,1,RO,100,,,,,,,,,,"M5007空开故障",
"M5007.Alarm.QS_Fault","DB70.DBX12.5",Boolean,1,RO,100,,,,,,,,,,"M5007隔离开关故障",
"M5007.Alarm.R_Fault","DB50.DBX192.6",Boolean,1,RO,100,,,,,,,,,,"M5007右超宽",
"M5007.Alarm.RFID_ReadFault","DB50.DBX193.3",Boolean,1,RO,100,,,,,,,,,,"M5007RFID读取错误",
"M5007.Alarm.RFID_WriteFault","DB50.DBX193.2",Boolean,1,RO,100,,,,,,,,,,"M5007RFID写入错误",
"M5007.Alarm.TimeOutFault","DB70.DBX12.3",Boolean,1,RO,100,,,,,,,,,,"M5007超时故障",
"M5007.Alarm.TM_JY_Fault","DB50.DBX193.0",Boolean,1,RO,100,,,,,,,,,,"M5007条码校验故障",
"M5007.Alarm.TotalFault","DB70.DBX12.1",Boolean,1,RO,100,,,,,,,,,,"M5007总故障",
"M5007.Alarm.WX_Fault","DB50.DBX192.1",Boolean,1,RO,100,,,,,,,,,,"M5007外形故障",
"M5007.Alarm.WX_TM_Fault","DB50.DBX192.0",Boolean,1,RO,100,,,,,,,,,,"M5007外形条码总故障",
"M5007.State.Allow","DB50.DBB199",Byte,1,RO,100,,,,,,,,,,"M5007允许拆盘",
"M5007.State.ForwardRun","DB70.DBX13.6",Boolean,1,RO,100,,,,,,,,,,"M5007正转运行",
"M5007.State.Get_Num","DB50.DBB198",Byte,1,RO,100,,,,,,,,,,"M5007已取数量",
"M5007.State.LastOne","DB50.DBX193.4",Boolean,1,RO,100,,,,,,,,,,"M5007强制推盘",
"M5007.State.Load","DB70.DBX13.5",Boolean,1,RO,100,,,,,,,,,,"M5007负载",
"M5007.State.MD_State1","DB50.DINT200",Long,1,RO,100,,,,,,,,,,"M5007码垛状态1",
"M5007.State.MD_State2","DB50.DBB204",Byte,1,RO,100,,,,,,,,,,"M5007码垛状态2",
"M5007.State.Need_Num","DB50.DBB197",Byte,1,RO,100,,,,,,,,,,"M5007要取数量",
"M5007.State.PH1","I184.2",Boolean,1,RO,100,,,,,,,,,,"5007对射保护光电",
"M5007.State.PH2","I184.4",Boolean,1,RO,100,,,,,,,,,,"5007减速光电",
"M5007.State.PH3","I184.6",Boolean,1,RO,100,,,,,,,,,,"5007到位光电",
"M5007.State.ReversalRun","DB70.DBX13.7",Boolean,1,RO,100,,,,,,,,,,"M5007反转运行",
"M5007.State.Runing","DB70.DBX12.0",Boolean,1,RO,100,,,,,,,,,,"M5007设备运行标志",
"M5007.State.SelectPlace","DB70.DBX12.7",Boolean,1,RO,100,,,,,,,,,,"M5007选中位",
"M5007.State.YX_DX","DB50.DBB195",Byte,1,RO,100,,,,,,,,,,"M5007码垛垛型",
"M5007.State.YX_Num","DB50.DBB196",Byte,1,RO,100,,,,,,,,,,"M5007烟箱数量",
"M5007.State.YX_Type","DB50.DBB194",Byte,1,RO,100,,,,,,,,,,"M5007烟箱类型",
"M5007.Task.Code","DB50.DINT182",Long,1,RO,100,,,,,,,,,,"M5007托盘条码",
"M5007.Task.DestSta","DB50.DBW190",Short,1,RO,100,,,,,,,,,,"M5007目标地址",
"M5007.Task.StartSta","DB50.DBW188",Short,1,RO,100,,,,,,,,,,"M5007起始地址",
"M5007.Task.Task","DB50.DBW180",Short,1,RO,100,,,,,,,,,,"M5007任务号",
"M5007.Task.TpType","DB50.DBW186",Short,1,RO,100,,,,,,,,,,"M5007货物类型",
"M5008.Alarm.B_Fault","DB50.DBX222.4",Boolean,1,RO,100,,,,,,,,,,"M5008后超长",
"M5008.Alarm.DriveFault","DB70.DBX14.2",Boolean,1,RO,100,,,,,,,,,,"M5008驱动器故障",
"M5008.Alarm.EstopFault","DB70.DBX15.3",Boolean,1,RO,100,,,,,,,,,,"M5008急停故障",
"M5008.Alarm.F_Fault","DB50.DBX222.3",Boolean,1,RO,100,,,,,,,,,,"M5008前超长",
"M5008.Alarm.H_Fault","DB50.DBX222.2",Boolean,1,RO,100,,,,,,,,,,"M5008超高",
"M5008.Alarm.L_Fault","DB50.DBX222.5",Boolean,1,RO,100,,,,,,,,,,"M5008左超宽",
"M5008.Alarm.LS_Fault","DB70.DBX15.2",Boolean,1,RO,100,,,,,,,,,,"M5008限位故障",
"M5008.Alarm.NoRead","DB50.DBX223.1",Boolean,1,RO,100,,,,,,,,,,"M5008条码未读出",
"M5008.Alarm.OutSideFault","DB70.DBX15.1",Boolean,1,RO,100,,,,,,,,,,"M5008货物超边故障",
"M5008.Alarm.PH_Fault","DB70.DBX14.6",Boolean,1,RO,100,,,,,,,,,,"M5008光电管异常",
"M5008.Alarm.QF_Fault","DB70.DBX14.4",Boolean,1,RO,100,,,,,,,,,,"M5008空开故障",
"M5008.Alarm.QS_Fault","DB70.DBX14.5",Boolean,1,RO,100,,,,,,,,,,"M5008隔离开关故障",
"M5008.Alarm.R_Fault","DB50.DBX222.6",Boolean,1,RO,100,,,,,,,,,,"M5008右超宽",
"M5008.Alarm.RFID_ReadFault","DB50.DBX223.3",Boolean,1,RO,100,,,,,,,,,,"M5008RFID读取错误",
"M5008.Alarm.RFID_WriteFault","DB50.DBX223.2",Boolean,1,RO,100,,,,,,,,,,"M5008RFID写入错误",
"M5008.Alarm.TimeOutFault","DB70.DBX14.3",Boolean,1,RO,100,,,,,,,,,,"M5008超时故障",
"M5008.Alarm.TM_JY_Fault","DB50.DBX223.0",Boolean,1,RO,100,,,,,,,,,,"M5008条码校验故障",
"M5008.Alarm.TotalFault","DB70.DBX14.1",Boolean,1,RO,100,,,,,,,,,,"M5008总故障",
"M5008.Alarm.WX_Fault","DB50.DBX222.1",Boolean,1,RO,100,,,,,,,,,,"M5008外形故障",
"M5008.Alarm.WX_TM_Fault","DB50.DBX222.0",Boolean,1,RO,100,,,,,,,,,,"M5008外形条码总故障",
"M5008.State.Allow","DB50.DBB229",Byte,1,RO,100,,,,,,,,,,"M5008允许拆盘",
"M5008.State.ForwardRun","DB70.DBX15.6",Boolean,1,RO,100,,,,,,,,,,"M5008正转运行",
"M5008.State.Get_Num","DB50.DBB228",Byte,1,RO,100,,,,,,,,,,"M5008已取数量",
"M5008.State.LastOne","DB50.DBX223.4",Boolean,1,RO,100,,,,,,,,,,"M5008强制推盘",
"M5008.State.Load","DB70.DBX15.5",Boolean,1,RO,100,,,,,,,,,,"M5008负载",
"M5008.State.MD_State1","DB50.DINT230",Long,1,RO,100,,,,,,,,,,"M5008码垛状态1",
"M5008.State.MD_State2","DB50.DBB234",Byte,1,RO,100,,,,,,,,,,"M5008码垛状态2",
"M5008.State.Need_Num","DB50.DBB227",Byte,1,RO,100,,,,,,,,,,"M5008要取数量",
"M5008.State.PH1","I184.3",Boolean,1,RO,100,,,,,,,,,,"5008到位光电1",
"M5008.State.PH2","I184.5",Boolean,1,RO,100,,,,,,,,,,"5008减速光电",
"M5008.State.PH3","I184.7",Boolean,1,RO,100,,,,,,,,,,"5008到位光电2",
"M5008.State.ReversalRun","DB70.DBX15.7",Boolean,1,RO,100,,,,,,,,,,"M5008反转运行",
"M5008.State.Runing","DB70.DBX14.0",Boolean,1,RO,100,,,,,,,,,,"M5008设备运行标志",
"M5008.State.SelectPlace","DB70.DBX14.7",Boolean,1,RO,100,,,,,,,,,,"M5008选中位",
"M5008.State.YX_DX","DB50.DBB225",Byte,1,RO,100,,,,,,,,,,"M5008码垛垛型",
"M5008.State.YX_Num","DB50.DBB226",Byte,1,RO,100,,,,,,,,,,"M5008烟箱数量",
"M5008.State.YX_Type","DB50.DBB224",Byte,1,RO,100,,,,,,,,,,"M5008烟箱类型",
"M5008.Task.Code","DB50.DINT212",Long,1,RO,100,,,,,,,,,,"M5008托盘条码",
"M5008.Task.DestSta","DB50.DBW220",Short,1,RO,100,,,,,,,,,,"M5008目标地址",
"M5008.Task.StartSta","DB50.DBW218",Short,1,RO,100,,,,,,,,,,"M5008起始地址",
"M5008.Task.Task","DB50.DBW210",Short,1,RO,100,,,,,,,,,,"M5008任务号",
"M5008.Task.TpType","DB50.DBW216",Short,1,RO,100,,,,,,,,,,"M5008货物类型",
"M5009.Alarm.B_Fault","DB50.DBX252.4",Boolean,1,RO,100,,,,,,,,,,"M5009后超长",
"M5009.Alarm.DriveFault","DB70.DBX16.2",Boolean,1,RO,100,,,,,,,,,,"M5009驱动器故障",
"M5009.Alarm.EstopFault","DB70.DBX17.3",Boolean,1,RO,100,,,,,,,,,,"M5009急停故障",
"M5009.Alarm.F_Fault","DB50.DBX252.3",Boolean,1,RO,100,,,,,,,,,,"M5009前超长",
"M5009.Alarm.H_Fault","DB50.DBX252.2",Boolean,1,RO,100,,,,,,,,,,"M5009超高",
"M5009.Alarm.L_Fault","DB50.DBX252.5",Boolean,1,RO,100,,,,,,,,,,"M5009左超宽",
"M5009.Alarm.LS_Fault","DB70.DBX17.2",Boolean,1,RO,100,,,,,,,,,,"M5009限位故障",
"M5009.Alarm.NoRead","DB50.DBX253.1",Boolean,1,RO,100,,,,,,,,,,"M5009条码未读出",
"M5009.Alarm.OutSideFault","DB70.DBX17.1",Boolean,1,RO,100,,,,,,,,,,"M5009货物超边故障",
"M5009.Alarm.PH_Fault","DB70.DBX16.6",Boolean,1,RO,100,,,,,,,,,,"M5009光电管异常",
"M5009.Alarm.QF_Fault","DB70.DBX16.4",Boolean,1,RO,100,,,,,,,,,,"M5009空开故障",
"M5009.Alarm.QS_Fault","DB70.DBX16.5",Boolean,1,RO,100,,,,,,,,,,"M5009隔离开关故障",
"M5009.Alarm.R_Fault","DB50.DBX252.6",Boolean,1,RO,100,,,,,,,,,,"M5009右超宽",
"M5009.Alarm.RFID_ReadFault","DB50.DBX253.3",Boolean,1,RO,100,,,,,,,,,,"M5009RFID读取错误",
"M5009.Alarm.RFID_WriteFault","DB50.DBX253.2",Boolean,1,RO,100,,,,,,,,,,"M5009RFID写入错误",
"M5009.Alarm.TimeOutFault","DB70.DBX16.3",Boolean,1,RO,100,,,,,,,,,,"M5009超时故障",
"M5009.Alarm.TM_JY_Fault","DB50.DBX253.0",Boolean,1,RO,100,,,,,,,,,,"M5009条码校验故障",
"M5009.Alarm.TotalFault","DB70.DBX16.1",Boolean,1,RO,100,,,,,,,,,,"M5009总故障",
"M5009.Alarm.WX_Fault","DB50.DBX252.1",Boolean,1,RO,100,,,,,,,,,,"M5009外形故障",
"M5009.Alarm.WX_TM_Fault","DB50.DBX252.0",Boolean,1,RO,100,,,,,,,,,,"M5009外形条码总故障",
"M5009.State.Allow","DB50.DBB259",Byte,1,RO,100,,,,,,,,,,"M5009允许拆盘",
"M5009.State.ForwardRun","DB70.DBX17.6",Boolean,1,RO,100,,,,,,,,,,"M5009正转运行",
"M5009.State.Get_Num","DB50.DBB258",Byte,1,RO,100,,,,,,,,,,"M5009已取数量",
"M5009.State.LastOne","DB50.DBX253.4",Boolean,1,RO,100,,,,,,,,,,"M5009强制推盘",
"M5009.State.Load","DB70.DBX17.5",Boolean,1,RO,100,,,,,,,,,,"M5009负载",
"M5009.State.MD_State1","DB50.DINT260",Long,1,RO,100,,,,,,,,,,"M5009码垛状态1",
"M5009.State.MD_State2","DB50.DBB264",Byte,1,RO,100,,,,,,,,,,"M5009码垛状态2",
"M5009.State.Need_Num","DB50.DBB257",Byte,1,RO,100,,,,,,,,,,"M5009要取数量",
"M5009.State.PH1","I191.2",Boolean,1,RO,100,,,,,,,,,,"5009到位光电1",
"M5009.State.PH2","I191.4",Boolean,1,RO,100,,,,,,,,,,"5009到位光电2",
"M5009.State.ReversalRun","DB70.DBX17.7",Boolean,1,RO,100,,,,,,,,,,"M5009反转运行",
"M5009.State.Runing","DB70.DBX16.0",Boolean,1,RO,100,,,,,,,,,,"M5009设备运行标志",
"M5009.State.SelectPlace","DB70.DBX16.7",Boolean,1,RO,100,,,,,,,,,,"M5009选中位",
"M5009.State.YX_DX","DB50.DBB255",Byte,1,RO,100,,,,,,,,,,"M5009码垛垛型",
"M5009.State.YX_Num","DB50.DBB256",Byte,1,RO,100,,,,,,,,,,"M5009烟箱数量",
"M5009.State.YX_Type","DB50.DBB254",Byte,1,RO,100,,,,,,,,,,"M5009烟箱类型",
"M5009.Task.Code","DB50.DINT242",Long,1,RO,100,,,,,,,,,,"M5009托盘条码",
"M5009.Task.DestSta","DB50.DBW250",Short,1,RO,100,,,,,,,,,,"M5009目标地址",
"M5009.Task.StartSta","DB50.DBW248",Short,1,RO,100,,,,,,,,,,"M5009起始地址",
"M5009.Task.Task","DB50.DBW240",Short,1,RO,100,,,,,,,,,,"M5009任务号",
"M5009.Task.TpType","DB50.DBW246",Short,1,RO,100,,,,,,,,,,"M5009货物类型",
"M5010.Alarm.B_Fault","DB50.DBX282.4",Boolean,1,RO,100,,,,,,,,,,"M5010后超长",
"M5010.Alarm.DriveFault","DB70.DBX18.2",Boolean,1,RO,100,,,,,,,,,,"M5010驱动器故障",
"M5010.Alarm.EstopFault","DB70.DBX19.3",Boolean,1,RO,100,,,,,,,,,,"M5010急停故障",
"M5010.Alarm.F_Fault","DB50.DBX282.3",Boolean,1,RO,100,,,,,,,,,,"M5010前超长",
"M5010.Alarm.H_Fault","DB50.DBX282.2",Boolean,1,RO,100,,,,,,,,,,"M5010超高",
"M5010.Alarm.L_Fault","DB50.DBX282.5",Boolean,1,RO,100,,,,,,,,,,"M5010左超宽",
"M5010.Alarm.LS_Fault","DB70.DBX19.2",Boolean,1,RO,100,,,,,,,,,,"M5010限位故障",
"M5010.Alarm.NoRead","DB50.DBX283.1",Boolean,1,RO,100,,,,,,,,,,"M5010条码未读出",
"M5010.Alarm.OutSideFault","DB70.DBX19.1",Boolean,1,RO,100,,,,,,,,,,"M5010货物超边故障",
"M5010.Alarm.PH_Fault","DB70.DBX18.6",Boolean,1,RO,100,,,,,,,,,,"M5010光电管异常",
"M5010.Alarm.QF_Fault","DB70.DBX18.4",Boolean,1,RO,100,,,,,,,,,,"M5010空开故障",
"M5010.Alarm.QS_Fault","DB70.DBX18.5",Boolean,1,RO,100,,,,,,,,,,"M5010隔离开关故障",
"M5010.Alarm.R_Fault","DB50.DBX282.6",Boolean,1,RO,100,,,,,,,,,,"M5010右超宽",
"M5010.Alarm.RFID_ReadFault","DB50.DBX283.3",Boolean,1,RO,100,,,,,,,,,,"M5010RFID读取错误",
"M5010.Alarm.RFID_WriteFault","DB50.DBX283.2",Boolean,1,RO,100,,,,,,,,,,"M5010RFID写入错误",
"M5010.Alarm.TimeOutFault","DB70.DBX18.3",Boolean,1,RO,100,,,,,,,,,,"M5010超时故障",
"M5010.Alarm.TM_JY_Fault","DB50.DBX283.0",Boolean,1,RO,100,,,,,,,,,,"M5010条码校验故障",
"M5010.Alarm.TotalFault","DB70.DBX18.1",Boolean,1,RO,100,,,,,,,,,,"M5010总故障",
"M5010.Alarm.WX_Fault","DB50.DBX282.1",Boolean,1,RO,100,,,,,,,,,,"M5010外形故障",
"M5010.Alarm.WX_TM_Fault","DB50.DBX282.0",Boolean,1,RO,100,,,,,,,,,,"M5010外形条码总故障",
"M5010.State.Allow","DB50.DBB289",Byte,1,RO,100,,,,,,,,,,"M5010允许拆盘",
"M5010.State.ForwardRun","DB70.DBX19.6",Boolean,1,RO,100,,,,,,,,,,"M5010正转运行",
"M5010.State.Get_Num","DB50.DBB288",Byte,1,RO,100,,,,,,,,,,"M5010已取数量",
"M5010.State.LastOne","DB50.DBX283.4",Boolean,1,RO,100,,,,,,,,,,"M5010强制推盘",
"M5010.State.Load","DB70.DBX19.5",Boolean,1,RO,100,,,,,,,,,,"M5010负载",
"M5010.State.MD_State1","DB50.DINT290",Long,1,RO,100,,,,,,,,,,"M5010码垛状态1",
"M5010.State.MD_State2","DB50.DBB294",Byte,1,RO,100,,,,,,,,,,"M5010码垛状态2",
"M5010.State.Need_Num","DB50.DBB287",Byte,1,RO,100,,,,,,,,,,"M5010要取数量",
"M5010.State.PH1","I188.2",Boolean,1,RO,100,,,,,,,,,,"5010减速光电",
"M5010.State.PH2","I188.4",Boolean,1,RO,100,,,,,,,,,,"5010到位光电",
"M5010.State.PH3","I188.6",Boolean,1,RO,100,,,,,,,,,,"5010对射保护光电",
"M5010.State.ReversalRun","DB70.DBX19.7",Boolean,1,RO,100,,,,,,,,,,"M5010反转运行",
"M5010.State.Runing","DB70.DBX18.0",Boolean,1,RO,100,,,,,,,,,,"M5010设备运行标志",
"M5010.State.SelectPlace","DB70.DBX18.7",Boolean,1,RO,100,,,,,,,,,,"M5010选中位",
"M5010.State.YX_DX","DB50.DBB285",Byte,1,RO,100,,,,,,,,,,"M5010码垛垛型",
"M5010.State.YX_Num","DB50.DBB286",Byte,1,RO,100,,,,,,,,,,"M5010烟箱数量",
"M5010.State.YX_Type","DB50.DBB284",Byte,1,RO,100,,,,,,,,,,"M5010烟箱类型",
"M5010.Task.Code","DB50.DINT272",Long,1,RO,100,,,,,,,,,,"M5010托盘条码",
"M5010.Task.DestSta","DB50.DBW280",Short,1,RO,100,,,,,,,,,,"M5010目标地址",
"M5010.Task.StartSta","DB50.DBW278",Short,1,RO,100,,,,,,,,,,"M5010起始地址",
"M5010.Task.Task","DB50.DBW270",Short,1,RO,100,,,,,,,,,,"M5010任务号",
"M5010.Task.TpType","DB50.DBW276",Short,1,RO,100,,,,,,,,,,"M5010货物类型",
"M5011.Alarm.B_Fault","DB50.DBX312.4",Boolean,1,RO,100,,,,,,,,,,"M5011后超长",
"M5011.Alarm.DriveFault","DB70.DBX20.2",Boolean,1,RO,100,,,,,,,,,,"M5011驱动器故障",
"M5011.Alarm.EstopFault","DB70.DBX21.3",Boolean,1,RO,100,,,,,,,,,,"M5011急停故障",
"M5011.Alarm.F_Fault","DB50.DBX312.3",Boolean,1,RO,100,,,,,,,,,,"M5011前超长",
"M5011.Alarm.H_Fault","DB50.DBX312.2",Boolean,1,RO,100,,,,,,,,,,"M5011超高",
"M5011.Alarm.L_Fault","DB50.DBX312.5",Boolean,1,RO,100,,,,,,,,,,"M5011左超宽",
"M5011.Alarm.LS_Fault","DB70.DBX21.2",Boolean,1,RO,100,,,,,,,,,,"M5011限位故障",
"M5011.Alarm.NoRead","DB50.DBX313.1",Boolean,1,RO,100,,,,,,,,,,"M5011条码未读出",
"M5011.Alarm.OutSideFault","DB70.DBX21.1",Boolean,1,RO,100,,,,,,,,,,"M5011货物超边故障",
"M5011.Alarm.PH_Fault","DB70.DBX20.6",Boolean,1,RO,100,,,,,,,,,,"M5011光电管异常",
"M5011.Alarm.QF_Fault","DB70.DBX20.4",Boolean,1,RO,100,,,,,,,,,,"M5011空开故障",
"M5011.Alarm.QS_Fault","DB70.DBX20.5",Boolean,1,RO,100,,,,,,,,,,"M5011隔离开关故障",
"M5011.Alarm.R_Fault","DB50.DBX312.6",Boolean,1,RO,100,,,,,,,,,,"M5011右超宽",
"M5011.Alarm.RFID_ReadFault","DB50.DBX313.3",Boolean,1,RO,100,,,,,,,,,,"M5011RFID读取错误",
"M5011.Alarm.RFID_WriteFault","DB50.DBX313.2",Boolean,1,RO,100,,,,,,,,,,"M5011RFID写入错误",
"M5011.Alarm.TimeOutFault","DB70.DBX20.3",Boolean,1,RO,100,,,,,,,,,,"M5011超时故障",
"M5011.Alarm.TM_JY_Fault","DB50.DBX313.0",Boolean,1,RO,100,,,,,,,,,,"M5011条码校验故障",
"M5011.Alarm.TotalFault","DB70.DBX20.1",Boolean,1,RO,100,,,,,,,,,,"M5011总故障",
"M5011.Alarm.WX_Fault","DB50.DBX312.1",Boolean,1,RO,100,,,,,,,,,,"M5011外形故障",
"M5011.Alarm.WX_TM_Fault","DB50.DBX312.0",Boolean,1,RO,100,,,,,,,,,,"M5011外形条码总故障",
"M5011.State.Allow","DB50.DBB319",Byte,1,RO,100,,,,,,,,,,"M5011允许拆盘",
"M5011.State.ForwardRun","DB70.DBX21.6",Boolean,1,RO,100,,,,,,,,,,"M5011正转运行",
"M5011.State.Get_Num","DB50.DBB318",Byte,1,RO,100,,,,,,,,,,"M5011已取数量",
"M5011.State.LastOne","DB50.DBX313.4",Boolean,1,RO,100,,,,,,,,,,"M5011强制推盘",
"M5011.State.Load","DB70.DBX21.5",Boolean,1,RO,100,,,,,,,,,,"M5011负载",
"M5011.State.MD_State1","DB50.DINT320",Long,1,RO,100,,,,,,,,,,"M5011码垛状态1",
"M5011.State.MD_State2","DB50.DBB324",Byte,1,RO,100,,,,,,,,,,"M5011码垛状态2",
"M5011.State.Need_Num","DB50.DBB317",Byte,1,RO,100,,,,,,,,,,"M5011要取数量",
"M5011.State.PH1","I188.3",Boolean,1,RO,100,,,,,,,,,,"5011对射保护光电",
"M5011.State.PH2","I188.5",Boolean,1,RO,100,,,,,,,,,,"5011减速光电",
"M5011.State.PH3","I188.7",Boolean,1,RO,100,,,,,,,,,,"5011到位光电",
"M5011.State.ReversalRun","DB70.DBX21.7",Boolean,1,RO,100,,,,,,,,,,"M5011反转运行",
"M5011.State.Runing","DB70.DBX20.0",Boolean,1,RO,100,,,,,,,,,,"M5011设备运行标志",
"M5011.State.SelectPlace","DB70.DBX20.7",Boolean,1,RO,100,,,,,,,,,,"M5011选中位",
"M5011.State.YX_DX","DB50.DBB315",Byte,1,RO,100,,,,,,,,,,"M5011码垛垛型",
"M5011.State.YX_Num","DB50.DBB316",Byte,1,RO,100,,,,,,,,,,"M5011烟箱数量",
"M5011.State.YX_Type","DB50.DBB314",Byte,1,RO,100,,,,,,,,,,"M5011烟箱类型",
"M5011.Task.Code","DB50.DINT302",Long,1,RO,100,,,,,,,,,,"M5011托盘条码",
"M5011.Task.DestSta","DB50.DBW310",Short,1,RO,100,,,,,,,,,,"M5011目标地址",
"M5011.Task.StartSta","DB50.DBW308",Short,1,RO,100,,,,,,,,,,"M5011起始地址",
"M5011.Task.Task","DB50.DBW300",Short,1,RO,100,,,,,,,,,,"M5011任务号",
"M5011.Task.TpType","DB50.DBW306",Short,1,RO,100,,,,,,,,,,"M5011货物类型",
"M5012.Alarm.B_Fault","DB50.DBX342.4",Boolean,1,RO,100,,,,,,,,,,"M5012后超长",
"M5012.Alarm.DriveFault","DB70.DBX22.2",Boolean,1,RO,100,,,,,,,,,,"M5012驱动器故障",
"M5012.Alarm.EstopFault","DB70.DBX23.3",Boolean,1,RO,100,,,,,,,,,,"M5012急停故障",
"M5012.Alarm.F_Fault","DB50.DBX342.3",Boolean,1,RO,100,,,,,,,,,,"M5012前超长",
"M5012.Alarm.H_Fault","DB50.DBX342.2",Boolean,1,RO,100,,,,,,,,,,"M5012超高",
"M5012.Alarm.L_Fault","DB50.DBX342.5",Boolean,1,RO,100,,,,,,,,,,"M5012左超宽",
"M5012.Alarm.LS_Fault","DB70.DBX23.2",Boolean,1,RO,100,,,,,,,,,,"M5012限位故障",
"M5012.Alarm.NoRead","DB50.DBX343.1",Boolean,1,RO,100,,,,,,,,,,"M5012条码未读出",
"M5012.Alarm.OutSideFault","DB70.DBX23.1",Boolean,1,RO,100,,,,,,,,,,"M5012货物超边故障",
"M5012.Alarm.PH_Fault","DB70.DBX22.6",Boolean,1,RO,100,,,,,,,,,,"M5012光电管异常",
"M5012.Alarm.QF_Fault","DB70.DBX22.4",Boolean,1,RO,100,,,,,,,,,,"M5012空开故障",
"M5012.Alarm.QS_Fault","DB70.DBX22.5",Boolean,1,RO,100,,,,,,,,,,"M5012隔离开关故障",
"M5012.Alarm.R_Fault","DB50.DBX342.6",Boolean,1,RO,100,,,,,,,,,,"M5012右超宽",
"M5012.Alarm.RFID_ReadFault","DB50.DBX343.3",Boolean,1,RO,100,,,,,,,,,,"M5012RFID读取错误",
"M5012.Alarm.RFID_WriteFault","DB50.DBX343.2",Boolean,1,RO,100,,,,,,,,,,"M5012RFID写入错误",
"M5012.Alarm.TimeOutFault","DB70.DBX22.3",Boolean,1,RO,100,,,,,,,,,,"M5012超时故障",
"M5012.Alarm.TM_JY_Fault","DB50.DBX343.0",Boolean,1,RO,100,,,,,,,,,,"M5012条码校验故障",
"M5012.Alarm.TotalFault","DB70.DBX22.1",Boolean,1,RO,100,,,,,,,,,,"M5012总故障",
"M5012.Alarm.WX_Fault","DB50.DBX342.1",Boolean,1,RO,100,,,,,,,,,,"M5012外形故障",
"M5012.Alarm.WX_TM_Fault","DB50.DBX342.0",Boolean,1,RO,100,,,,,,,,,,"M5012外形条码总故障",
"M5012.State.Allow","DB50.DBB349",Byte,1,RO,100,,,,,,,,,,"M5012允许拆盘",
"M5012.State.ForwardRun","DB70.DBX23.6",Boolean,1,RO,100,,,,,,,,,,"M5012正转运行",
"M5012.State.Get_Num","DB50.DBB348",Byte,1,RO,100,,,,,,,,,,"M5012已取数量",
"M5012.State.LastOne","DB50.DBX343.4",Boolean,1,RO,100,,,,,,,,,,"M5012强制推盘",
"M5012.State.Load","DB70.DBX23.5",Boolean,1,RO,100,,,,,,,,,,"M5012负载",
"M5012.State.MD_State1","DB50.DINT350",Long,1,RO,100,,,,,,,,,,"M5012码垛状态1",
"M5012.State.MD_State2","DB50.DBB354",Byte,1,RO,100,,,,,,,,,,"M5012码垛状态2",
"M5012.State.Need_Num","DB50.DBB347",Byte,1,RO,100,,,,,,,,,,"M5012要取数量",
"M5012.State.PH1","I189.2",Boolean,1,RO,100,,,,,,,,,,"5012到位光电1",
"M5012.State.PH2","I189.4",Boolean,1,RO,100,,,,,,,,,,"5012减速光电",
"M5012.State.PH3","I189.6",Boolean,1,RO,100,,,,,,,,,,"5012到位光电2",
"M5012.State.ReversalRun","DB70.DBX23.7",Boolean,1,RO,100,,,,,,,,,,"M5012反转运行",
"M5012.State.Runing","DB70.DBX22.0",Boolean,1,RO,100,,,,,,,,,,"M5012设备运行标志",
"M5012.State.SelectPlace","DB70.DBX22.7",Boolean,1,RO,100,,,,,,,,,,"M5012选中位",
"M5012.State.YX_DX","DB50.DBB345",Byte,1,RO,100,,,,,,,,,,"M5012码垛垛型",
"M5012.State.YX_Num","DB50.DBB346",Byte,1,RO,100,,,,,,,,,,"M5012烟箱数量",
"M5012.State.YX_Type","DB50.DBB344",Byte,1,RO,100,,,,,,,,,,"M5012烟箱类型",
"M5012.Task.Code","DB50.DINT332",Long,1,RO,100,,,,,,,,,,"M5012托盘条码",
"M5012.Task.DestSta","DB50.DBW340",Short,1,RO,100,,,,,,,,,,"M5012目标地址",
"M5012.Task.StartSta","DB50.DBW338",Short,1,RO,100,,,,,,,,,,"M5012起始地址",
"M5012.Task.Task","DB50.DBW330",Short,1,RO,100,,,,,,,,,,"M5012任务号",
"M5012.Task.TpType","DB50.DBW336",Short,1,RO,100,,,,,,,,,,"M5012货物类型",
"M5013.Alarm.B_Fault","DB50.DBX372.4",Boolean,1,RO,100,,,,,,,,,,"M5013后超长",
"M5013.Alarm.DriveFault","DB70.DBX24.2",Boolean,1,RO,100,,,,,,,,,,"M5013驱动器故障",
"M5013.Alarm.EstopFault","DB70.DBX25.3",Boolean,1,RO,100,,,,,,,,,,"M5013急停故障",
"M5013.Alarm.F_Fault","DB50.DBX372.3",Boolean,1,RO,100,,,,,,,,,,"M5013前超长",
"M5013.Alarm.H_Fault","DB50.DBX372.2",Boolean,1,RO,100,,,,,,,,,,"M5013超高",
"M5013.Alarm.L_Fault","DB50.DBX372.5",Boolean,1,RO,100,,,,,,,,,,"M5013左超宽",
"M5013.Alarm.LS_Fault","DB70.DBX25.2",Boolean,1,RO,100,,,,,,,,,,"M5013限位故障",
"M5013.Alarm.NoRead","DB50.DBX373.1",Boolean,1,RO,100,,,,,,,,,,"M5013条码未读出",
"M5013.Alarm.OutSideFault","DB70.DBX25.1",Boolean,1,RO,100,,,,,,,,,,"M5013货物超边故障",
"M5013.Alarm.PH_Fault","DB70.DBX24.6",Boolean,1,RO,100,,,,,,,,,,"M5013光电管异常",
"M5013.Alarm.QF_Fault","DB70.DBX24.4",Boolean,1,RO,100,,,,,,,,,,"M5013空开故障",
"M5013.Alarm.QS_Fault","DB70.DBX24.5",Boolean,1,RO,100,,,,,,,,,,"M5013隔离开关故障",
"M5013.Alarm.R_Fault","DB50.DBX372.6",Boolean,1,RO,100,,,,,,,,,,"M5013右超宽",
"M5013.Alarm.RFID_ReadFault","DB50.DBX373.3",Boolean,1,RO,100,,,,,,,,,,"M5013RFID读取错误",
"M5013.Alarm.RFID_WriteFault","DB50.DBX373.2",Boolean,1,RO,100,,,,,,,,,,"M5013RFID写入错误",
"M5013.Alarm.TimeOutFault","DB70.DBX24.3",Boolean,1,RO,100,,,,,,,,,,"M5013超时故障",
"M5013.Alarm.TM_JY_Fault","DB50.DBX373.0",Boolean,1,RO,100,,,,,,,,,,"M5013条码校验故障",
"M5013.Alarm.TotalFault","DB70.DBX24.1",Boolean,1,RO,100,,,,,,,,,,"M5013总故障",
"M5013.Alarm.WX_Fault","DB50.DBX372.1",Boolean,1,RO,100,,,,,,,,,,"M5013外形故障",
"M5013.Alarm.WX_TM_Fault","DB50.DBX372.0",Boolean,1,RO,100,,,,,,,,,,"M5013外形条码总故障",
"M5013.State.Allow","DB50.DBB379",Byte,1,RO,100,,,,,,,,,,"M5013允许拆盘",
"M5013.State.ForwardRun","DB70.DBX25.6",Boolean,1,RO,100,,,,,,,,,,"M5013正转运行",
"M5013.State.Get_Num","DB50.DBB378",Byte,1,RO,100,,,,,,,,,,"M5013已取数量",
"M5013.State.LastOne","DB50.DBX373.4",Boolean,1,RO,100,,,,,,,,,,"M5013强制推盘",
"M5013.State.Load","DB70.DBX25.5",Boolean,1,RO,100,,,,,,,,,,"M5013负载",
"M5013.State.MD_State1","DB50.DINT380",Long,1,RO,100,,,,,,,,,,"M5013码垛状态1",
"M5013.State.MD_State2","DB50.DBB384",Byte,1,RO,100,,,,,,,,,,"M5013码垛状态2",
"M5013.State.Need_Num","DB50.DBB377",Byte,1,RO,100,,,,,,,,,,"M5013要取数量",
"M5013.State.PH1","I189.3",Boolean,1,RO,100,,,,,,,,,,"5013对射保护光电",
"M5013.State.PH2","I189.5",Boolean,1,RO,100,,,,,,,,,,"5013到位光电1",
"M5013.State.PH3","I189.7",Boolean,1,RO,100,,,,,,,,,,"5013到位光电2",
"M5013.State.ReversalRun","DB70.DBX25.7",Boolean,1,RO,100,,,,,,,,,,"M5013反转运行",
"M5013.State.Runing","DB70.DBX24.0",Boolean,1,RO,100,,,,,,,,,,"M5013设备运行标志",
"M5013.State.SelectPlace","DB70.DBX24.7",Boolean,1,RO,100,,,,,,,,,,"M5013选中位",
"M5013.State.YX_DX","DB50.DBB375",Byte,1,RO,100,,,,,,,,,,"M5013码垛垛型",
"M5013.State.YX_Num","DB50.DBB376",Byte,1,RO,100,,,,,,,,,,"M5013烟箱数量",
"M5013.State.YX_Type","DB50.DBB374",Byte,1,RO,100,,,,,,,,,,"M5013烟箱类型",
"M5013.Task.Code","DB50.DINT362",Long,1,RO,100,,,,,,,,,,"M5013托盘条码",
"M5013.Task.DestSta","DB50.DBW370",Short,1,RO,100,,,,,,,,,,"M5013目标地址",
"M5013.Task.StartSta","DB50.DBW368",Short,1,RO,100,,,,,,,,,,"M5013起始地址",
"M5013.Task.Task","DB50.DBW360",Short,1,RO,100,,,,,,,,,,"M5013任务号",
"M5013.Task.TpType","DB50.DBW366",Short,1,RO,100,,,,,,,,,,"M5013货物类型",
"M5014.Alarm.B_Fault","DB50.DBX402.4",Boolean,1,RO,100,,,,,,,,,,"M5014后超长",
"M5014.Alarm.DriveFault","DB70.DBX26.2",Boolean,1,RO,100,,,,,,,,,,"M5014驱动器故障",
"M5014.Alarm.EstopFault","DB70.DBX27.3",Boolean,1,RO,100,,,,,,,,,,"M5014急停故障",
"M5014.Alarm.F_Fault","DB50.DBX402.3",Boolean,1,RO,100,,,,,,,,,,"M5014前超长",
"M5014.Alarm.H_Fault","DB50.DBX402.2",Boolean,1,RO,100,,,,,,,,,,"M5014超高",
"M5014.Alarm.L_Fault","DB50.DBX402.5",Boolean,1,RO,100,,,,,,,,,,"M5014左超宽",
"M5014.Alarm.LS_Fault","DB70.DBX27.2",Boolean,1,RO,100,,,,,,,,,,"M5014限位故障",
"M5014.Alarm.NoRead","DB50.DBX403.1",Boolean,1,RO,100,,,,,,,,,,"M5014条码未读出",
"M5014.Alarm.OutSideFault","DB70.DBX27.1",Boolean,1,RO,100,,,,,,,,,,"M5014货物超边故障",
"M5014.Alarm.PH_Fault","DB70.DBX26.6",Boolean,1,RO,100,,,,,,,,,,"M5014光电管异常",
"M5014.Alarm.QF_Fault","DB70.DBX26.4",Boolean,1,RO,100,,,,,,,,,,"M5014空开故障",
"M5014.Alarm.QS_Fault","DB70.DBX26.5",Boolean,1,RO,100,,,,,,,,,,"M5014隔离开关故障",
"M5014.Alarm.R_Fault","DB50.DBX402.6",Boolean,1,RO,100,,,,,,,,,,"M5014右超宽",
"M5014.Alarm.RFID_ReadFault","DB50.DBX403.3",Boolean,1,RO,100,,,,,,,,,,"M5014RFID读取错误",
"M5014.Alarm.RFID_WriteFault","DB50.DBX403.2",Boolean,1,RO,100,,,,,,,,,,"M5014RFID写入错误",
"M5014.Alarm.TimeOutFault","DB70.DBX26.3",Boolean,1,RO,100,,,,,,,,,,"M5014超时故障",
"M5014.Alarm.TM_JY_Fault","DB50.DBX403.0",Boolean,1,RO,100,,,,,,,,,,"M5014条码校验故障",
"M5014.Alarm.TotalFault","DB70.DBX26.1",Boolean,1,RO,100,,,,,,,,,,"M5014总故障",
"M5014.Alarm.WX_Fault","DB50.DBX402.1",Boolean,1,RO,100,,,,,,,,,,"M5014外形故障",
"M5014.Alarm.WX_TM_Fault","DB50.DBX402.0",Boolean,1,RO,100,,,,,,,,,,"M5014外形条码总故障",
"M5014.State.Allow","DB50.DBB409",Byte,1,RO,100,,,,,,,,,,"M5014允许拆盘",
"M5014.State.ForwardRun","DB70.DBX27.6",Boolean,1,RO,100,,,,,,,,,,"M5014正转运行",
"M5014.State.Get_Num","DB50.DBB408",Byte,1,RO,100,,,,,,,,,,"M5014已取数量",
"M5014.State.LastOne","DB50.DBX403.4",Boolean,1,RO,100,,,,,,,,,,"M5014强制推盘",
"M5014.State.Load","DB70.DBX27.5",Boolean,1,RO,100,,,,,,,,,,"M5014负载",
"M5014.State.MD_State1","DB50.DINT410",Long,1,RO,100,,,,,,,,,,"M5014码垛状态1",
"M5014.State.MD_State2","DB50.DBB414",Byte,1,RO,100,,,,,,,,,,"M5014码垛状态2",
"M5014.State.Need_Num","DB50.DBB407",Byte,1,RO,100,,,,,,,,,,"M5014要取数量",
"M5014.State.PH1","I190.2",Boolean,1,RO,100,,,,,,,,,,"5014到位光电1",
"M5014.State.PH2","I190.4",Boolean,1,RO,100,,,,,,,,,,"5014减速光电",
"M5014.State.PH3","I190.6",Boolean,1,RO,100,,,,,,,,,,"5014到位光电2",
"M5014.State.ReversalRun","DB70.DBX27.7",Boolean,1,RO,100,,,,,,,,,,"M5014反转运行",
"M5014.State.Runing","DB70.DBX26.0",Boolean,1,RO,100,,,,,,,,,,"M5014设备运行标志",
"M5014.State.SelectPlace","DB70.DBX26.7",Boolean,1,RO,100,,,,,,,,,,"M5014选中位",
"M5014.State.YX_DX","DB50.DBB405",Byte,1,RO,100,,,,,,,,,,"M5014码垛垛型",
"M5014.State.YX_Num","DB50.DBB406",Byte,1,RO,100,,,,,,,,,,"M5014烟箱数量",
"M5014.State.YX_Type","DB50.DBB404",Byte,1,RO,100,,,,,,,,,,"M5014烟箱类型",
"M5014.Task.Code","DB50.DINT392",Long,1,RO,100,,,,,,,,,,"M5014托盘条码",
"M5014.Task.DestSta","DB50.DBW400",Short,1,RO,100,,,,,,,,,,"M5014目标地址",
"M5014.Task.StartSta","DB50.DBW398",Short,1,RO,100,,,,,,,,,,"M5014起始地址",
"M5014.Task.Task","DB50.DBW390",Short,1,RO,100,,,,,,,,,,"M5014任务号",
"M5014.Task.TpType","DB50.DBW396",Short,1,RO,100,,,,,,,,,,"M5014货物类型",
"M5015.Alarm.B_Fault","DB50.DBX432.4",Boolean,1,RO,100,,,,,,,,,,"M5015后超长",
"M5015.Alarm.DriveFault","DB70.DBX28.2",Boolean,1,RO,100,,,,,,,,,,"M5015驱动器故障",
"M5015.Alarm.EstopFault","DB70.DBX29.3",Boolean,1,RO,100,,,,,,,,,,"M5015急停故障",
"M5015.Alarm.F_Fault","DB50.DBX432.3",Boolean,1,RO,100,,,,,,,,,,"M5015前超长",
"M5015.Alarm.H_Fault","DB50.DBX432.2",Boolean,1,RO,100,,,,,,,,,,"M5015超高",
"M5015.Alarm.L_Fault","DB50.DBX432.5",Boolean,1,RO,100,,,,,,,,,,"M5015左超宽",
"M5015.Alarm.LS_Fault","DB70.DBX29.2",Boolean,1,RO,100,,,,,,,,,,"M5015限位故障",
"M5015.Alarm.NoRead","DB50.DBX433.1",Boolean,1,RO,100,,,,,,,,,,"M5015条码未读出",
"M5015.Alarm.OutSideFault","DB70.DBX29.1",Boolean,1,RO,100,,,,,,,,,,"M5015货物超边故障",
"M5015.Alarm.PH_Fault","DB70.DBX28.6",Boolean,1,RO,100,,,,,,,,,,"M5015光电管异常",
"M5015.Alarm.QF_Fault","DB70.DBX28.4",Boolean,1,RO,100,,,,,,,,,,"M5015空开故障",
"M5015.Alarm.QS_Fault","DB70.DBX28.5",Boolean,1,RO,100,,,,,,,,,,"M5015隔离开关故障",
"M5015.Alarm.R_Fault","DB50.DBX432.6",Boolean,1,RO,100,,,,,,,,,,"M5015右超宽",
"M5015.Alarm.RFID_ReadFault","DB50.DBX433.3",Boolean,1,RO,100,,,,,,,,,,"M5015RFID读取错误",
"M5015.Alarm.RFID_WriteFault","DB50.DBX433.2",Boolean,1,RO,100,,,,,,,,,,"M5015RFID写入错误",
"M5015.Alarm.TimeOutFault","DB70.DBX28.3",Boolean,1,RO,100,,,,,,,,,,"M5015超时故障",
"M5015.Alarm.TM_JY_Fault","DB50.DBX433.0",Boolean,1,RO,100,,,,,,,,,,"M5015条码校验故障",
"M5015.Alarm.TotalFault","DB70.DBX28.1",Boolean,1,RO,100,,,,,,,,,,"M5015总故障",
"M5015.Alarm.WX_Fault","DB50.DBX432.1",Boolean,1,RO,100,,,,,,,,,,"M5015外形故障",
"M5015.Alarm.WX_TM_Fault","DB50.DBX432.0",Boolean,1,RO,100,,,,,,,,,,"M5015外形条码总故障",
"M5015.State.Allow","DB50.DBB439",Byte,1,RO,100,,,,,,,,,,"M5015允许拆盘",
"M5015.State.ForwardRun","DB70.DBX29.6",Boolean,1,RO,100,,,,,,,,,,"M5015正转运行",
"M5015.State.Get_Num","DB50.DBB438",Byte,1,RO,100,,,,,,,,,,"M5015已取数量",
"M5015.State.LastOne","DB50.DBX433.4",Boolean,1,RO,100,,,,,,,,,,"M5015强制推盘",
"M5015.State.Load","DB70.DBX29.5",Boolean,1,RO,100,,,,,,,,,,"M5015负载",
"M5015.State.MD_State1","DB50.DINT440",Long,1,RO,100,,,,,,,,,,"M5015码垛状态1",
"M5015.State.MD_State2","DB50.DBB444",Byte,1,RO,100,,,,,,,,,,"M5015码垛状态2",
"M5015.State.Need_Num","DB50.DBB437",Byte,1,RO,100,,,,,,,,,,"M5015要取数量",
"M5015.State.PH1","I191.1",Boolean,1,RO,100,,,,,,,,,,"5015到位光电1",
"M5015.State.PH2","I191.3",Boolean,1,RO,100,,,,,,,,,,"5015到位光电2",
"M5015.State.ReversalRun","DB70.DBX29.7",Boolean,1,RO,100,,,,,,,,,,"M5015反转运行",
"M5015.State.Runing","DB70.DBX28.0",Boolean,1,RO,100,,,,,,,,,,"M5015设备运行标志",
"M5015.State.SelectPlace","DB70.DBX28.7",Boolean,1,RO,100,,,,,,,,,,"M5015选中位",
"M5015.State.YX_DX","DB50.DBB435",Byte,1,RO,100,,,,,,,,,,"M5015码垛垛型",
"M5015.State.YX_Num","DB50.DBB436",Byte,1,RO,100,,,,,,,,,,"M5015烟箱数量",
"M5015.State.YX_Type","DB50.DBB434",Byte,1,RO,100,,,,,,,,,,"M5015烟箱类型",
"M5015.Task.Code","DB50.DINT422",Long,1,RO,100,,,,,,,,,,"M5015托盘条码",
"M5015.Task.DestSta","DB50.DBW430",Short,1,RO,100,,,,,,,,,,"M5015目标地址",
"M5015.Task.StartSta","DB50.DBW428",Short,1,RO,100,,,,,,,,,,"M5015起始地址",
"M5015.Task.Task","DB50.DBW420",Short,1,RO,100,,,,,,,,,,"M5015任务号",
"M5015.Task.TpType","DB50.DBW426",Short,1,RO,100,,,,,,,,,,"M5015货物类型",
"M5016.Alarm.B_Fault","DB50.DBX462.4",Boolean,1,RO,100,,,,,,,,,,"M5016后超长",
"M5016.Alarm.DriveFault","DB70.DBX30.2",Boolean,1,RO,100,,,,,,,,,,"M5016驱动器故障",
"M5016.Alarm.EstopFault","DB70.DBX31.3",Boolean,1,RO,100,,,,,,,,,,"M5016急停故障",
"M5016.Alarm.F_Fault","DB50.DBX462.3",Boolean,1,RO,100,,,,,,,,,,"M5016前超长",
"M5016.Alarm.H_Fault","DB50.DBX462.2",Boolean,1,RO,100,,,,,,,,,,"M5016超高",
"M5016.Alarm.L_Fault","DB50.DBX462.5",Boolean,1,RO,100,,,,,,,,,,"M5016左超宽",
"M5016.Alarm.LS_Fault","DB70.DBX31.2",Boolean,1,RO,100,,,,,,,,,,"M5016限位故障",
"M5016.Alarm.NoRead","DB50.DBX463.1",Boolean,1,RO,100,,,,,,,,,,"M5016条码未读出",
"M5016.Alarm.OutSideFault","DB70.DBX31.1",Boolean,1,RO,100,,,,,,,,,,"M5016货物超边故障",
"M5016.Alarm.PH_Fault","DB70.DBX30.6",Boolean,1,RO,100,,,,,,,,,,"M5016光电管异常",
"M5016.Alarm.QF_Fault","DB70.DBX30.4",Boolean,1,RO,100,,,,,,,,,,"M5016空开故障",
"M5016.Alarm.QS_Fault","DB70.DBX30.5",Boolean,1,RO,100,,,,,,,,,,"M5016隔离开关故障",
"M5016.Alarm.R_Fault","DB50.DBX462.6",Boolean,1,RO,100,,,,,,,,,,"M5016右超宽",
"M5016.Alarm.RFID_ReadFault","DB50.DBX463.3",Boolean,1,RO,100,,,,,,,,,,"M5016RFID读取错误",
"M5016.Alarm.RFID_WriteFault","DB50.DBX463.2",Boolean,1,RO,100,,,,,,,,,,"M5016RFID写入错误",
"M5016.Alarm.TimeOutFault","DB70.DBX30.3",Boolean,1,RO,100,,,,,,,,,,"M5016超时故障",
"M5016.Alarm.TM_JY_Fault","DB50.DBX463.0",Boolean,1,RO,100,,,,,,,,,,"M5016条码校验故障",
"M5016.Alarm.TotalFault","DB70.DBX30.1",Boolean,1,RO,100,,,,,,,,,,"M5016总故障",
"M5016.Alarm.WX_Fault","DB50.DBX462.1",Boolean,1,RO,100,,,,,,,,,,"M5016外形故障",
"M5016.Alarm.WX_TM_Fault","DB50.DBX462.0",Boolean,1,RO,100,,,,,,,,,,"M5016外形条码总故障",
"M5016.State.Allow","DB50.DBB469",Byte,1,RO,100,,,,,,,,,,"M5016允许拆盘",
"M5016.State.ForwardRun","DB70.DBX31.6",Boolean,1,RO,100,,,,,,,,,,"M5016正转运行",
"M5016.State.Get_Num","DB50.DBB468",Byte,1,RO,100,,,,,,,,,,"M5016已取数量",
"M5016.State.LastOne","DB50.DBX463.4",Boolean,1,RO,100,,,,,,,,,,"M5016强制推盘",
"M5016.State.Load","DB70.DBX31.5",Boolean,1,RO,100,,,,,,,,,,"M5016负载",
"M5016.State.MD_State1","DB50.DINT470",Long,1,RO,100,,,,,,,,,,"M5016码垛状态1",
"M5016.State.MD_State2","DB50.DBB474",Byte,1,RO,100,,,,,,,,,,"M5016码垛状态2",
"M5016.State.Need_Num","DB50.DBB467",Byte,1,RO,100,,,,,,,,,,"M5016要取数量",
"M5016.State.PH1","I190.3",Boolean,1,RO,100,,,,,,,,,,"5016减速光电",
"M5016.State.PH2","I190.5",Boolean,1,RO,100,,,,,,,,,,"5016到位光电",
"M5016.State.PH3","I190.7",Boolean,1,RO,100,,,,,,,,,,"5016对射保护光电",
"M5016.State.ReversalRun","DB70.DBX31.7",Boolean,1,RO,100,,,,,,,,,,"M5016反转运行",
"M5016.State.Runing","DB70.DBX30.0",Boolean,1,RO,100,,,,,,,,,,"M5016设备运行标志",
"M5016.State.SelectPlace","DB70.DBX30.7",Boolean,1,RO,100,,,,,,,,,,"M5016选中位",
"M5016.State.YX_DX","DB50.DBB465",Byte,1,RO,100,,,,,,,,,,"M5016码垛垛型",
"M5016.State.YX_Num","DB50.DBB466",Byte,1,RO,100,,,,,,,,,,"M5016烟箱数量",
"M5016.State.YX_Type","DB50.DBB464",Byte,1,RO,100,,,,,,,,,,"M5016烟箱类型",
"M5016.Task.Code","DB50.DINT452",Long,1,RO,100,,,,,,,,,,"M5016托盘条码",
"M5016.Task.DestSta","DB50.DBW460",Short,1,RO,100,,,,,,,,,,"M5016目标地址",
"M5016.Task.StartSta","DB50.DBW458",Short,1,RO,100,,,,,,,,,,"M5016起始地址",
"M5016.Task.Task","DB50.DBW450",Short,1,RO,100,,,,,,,,,,"M5016任务号",
"M5016.Task.TpType","DB50.DBW456",Short,1,RO,100,,,,,,,,,,"M5016货物类型",
"M5017.Alarm.B_Fault","DB50.DBX492.4",Boolean,1,RO,100,,,,,,,,,,"M5017后超长",
"M5017.Alarm.DriveFault","DB70.DBX32.2",Boolean,1,RO,100,,,,,,,,,,"M5017驱动器故障",
"M5017.Alarm.EstopFault","DB70.DBX33.3",Boolean,1,RO,100,,,,,,,,,,"M5017急停故障",
"M5017.Alarm.F_Fault","DB50.DBX492.3",Boolean,1,RO,100,,,,,,,,,,"M5017前超长",
"M5017.Alarm.H_Fault","DB50.DBX492.2",Boolean,1,RO,100,,,,,,,,,,"M5017超高",
"M5017.Alarm.L_Fault","DB50.DBX492.5",Boolean,1,RO,100,,,,,,,,,,"M5017左超宽",
"M5017.Alarm.LS_Fault","DB70.DBX33.2",Boolean,1,RO,100,,,,,,,,,,"M5017限位故障",
"M5017.Alarm.NoRead","DB50.DBX493.1",Boolean,1,RO,100,,,,,,,,,,"M5017条码未读出",
"M5017.Alarm.OutSideFault","DB70.DBX33.1",Boolean,1,RO,100,,,,,,,,,,"M5017货物超边故障",
"M5017.Alarm.PH_Fault","DB70.DBX32.6",Boolean,1,RO,100,,,,,,,,,,"M5017光电管异常",
"M5017.Alarm.QF_Fault","DB70.DBX32.4",Boolean,1,RO,100,,,,,,,,,,"M5017空开故障",
"M5017.Alarm.QS_Fault","DB70.DBX32.5",Boolean,1,RO,100,,,,,,,,,,"M5017隔离开关故障",
"M5017.Alarm.R_Fault","DB50.DBX492.6",Boolean,1,RO,100,,,,,,,,,,"M5017右超宽",
"M5017.Alarm.RFID_ReadFault","DB50.DBX493.3",Boolean,1,RO,100,,,,,,,,,,"M5017RFID读取错误",
"M5017.Alarm.RFID_WriteFault","DB50.DBX493.2",Boolean,1,RO,100,,,,,,,,,,"M5017RFID写入错误",
"M5017.Alarm.TimeOutFault","DB70.DBX32.3",Boolean,1,RO,100,,,,,,,,,,"M5017超时故障",
"M5017.Alarm.TM_JY_Fault","DB50.DBX493.0",Boolean,1,RO,100,,,,,,,,,,"M5017条码校验故障",
"M5017.Alarm.TotalFault","DB70.DBX32.1",Boolean,1,RO,100,,,,,,,,,,"M5017总故障",
"M5017.Alarm.WX_Fault","DB50.DBX492.1",Boolean,1,RO,100,,,,,,,,,,"M5017外形故障",
"M5017.Alarm.WX_TM_Fault","DB50.DBX492.0",Boolean,1,RO,100,,,,,,,,,,"M5017外形条码总故障",
"M5017.State.Allow","DB50.DBB499",Byte,1,RO,100,,,,,,,,,,"M5017允许拆盘",
"M5017.State.ForwardRun","DB70.DBX33.6",Boolean,1,RO,100,,,,,,,,,,"M5017正转运行",
"M5017.State.Get_Num","DB50.DBB498",Byte,1,RO,100,,,,,,,,,,"M5017已取数量",
"M5017.State.LastOne","DB50.DBX493.4",Boolean,1,RO,100,,,,,,,,,,"M5017强制推盘",
"M5017.State.Load","DB70.DBX33.5",Boolean,1,RO,100,,,,,,,,,,"M5017负载",
"M5017.State.MD_State1","DB50.DINT500",Long,1,RO,100,,,,,,,,,,"M5017码垛状态1",
"M5017.State.MD_State2","DB50.DBB504",Byte,1,RO,100,,,,,,,,,,"M5017码垛状态2",
"M5017.State.Need_Num","DB50.DBB497",Byte,1,RO,100,,,,,,,,,,"M5017要取数量",
"M5017.State.PH1","I194.2",Boolean,1,RO,100,,,,,,,,,,"5017对射保护光电",
"M5017.State.PH2","I194.4",Boolean,1,RO,100,,,,,,,,,,"5017到位光电1",
"M5017.State.PH3","I194.6",Boolean,1,RO,100,,,,,,,,,,"5017到位光电2",
"M5017.State.ReversalRun","DB70.DBX33.7",Boolean,1,RO,100,,,,,,,,,,"M5017反转运行",
"M5017.State.Runing","DB70.DBX32.0",Boolean,1,RO,100,,,,,,,,,,"M5017设备运行标志",
"M5017.State.SelectPlace","DB70.DBX32.7",Boolean,1,RO,100,,,,,,,,,,"M5017选中位",
"M5017.State.YX_DX","DB50.DBB495",Byte,1,RO,100,,,,,,,,,,"M5017码垛垛型",
"M5017.State.YX_Num","DB50.DBB496",Byte,1,RO,100,,,,,,,,,,"M5017烟箱数量",
"M5017.State.YX_Type","DB50.DBB494",Byte,1,RO,100,,,,,,,,,,"M5017烟箱类型",
"M5017.Task.Code","DB50.DINT482",Long,1,RO,100,,,,,,,,,,"M5017托盘条码",
"M5017.Task.DestSta","DB50.DBW490",Short,1,RO,100,,,,,,,,,,"M5017目标地址",
"M5017.Task.StartSta","DB50.DBW488",Short,1,RO,100,,,,,,,,,,"M5017起始地址",
"M5017.Task.Task","DB50.DBW480",Short,1,RO,100,,,,,,,,,,"M5017任务号",
"M5017.Task.TpType","DB50.DBW486",Short,1,RO,100,,,,,,,,,,"M5017货物类型",
"M5018.Alarm.B_Fault","DB50.DBX522.4",Boolean,1,RO,100,,,,,,,,,,"M5018后超长",
"M5018.Alarm.DriveFault","DB70.DBX34.2",Boolean,1,RO,100,,,,,,,,,,"M5018驱动器故障",
"M5018.Alarm.EstopFault","DB70.DBX35.3",Boolean,1,RO,100,,,,,,,,,,"M5018急停故障",
"M5018.Alarm.F_Fault","DB50.DBX522.3",Boolean,1,RO,100,,,,,,,,,,"M5018前超长",
"M5018.Alarm.H_Fault","DB50.DBX522.2",Boolean,1,RO,100,,,,,,,,,,"M5018超高",
"M5018.Alarm.L_Fault","DB50.DBX522.5",Boolean,1,RO,100,,,,,,,,,,"M5018左超宽",
"M5018.Alarm.LS_Fault","DB70.DBX35.2",Boolean,1,RO,100,,,,,,,,,,"M5018限位故障",
"M5018.Alarm.NoRead","DB50.DBX523.1",Boolean,1,RO,100,,,,,,,,,,"M5018条码未读出",
"M5018.Alarm.OutSideFault","DB70.DBX35.1",Boolean,1,RO,100,,,,,,,,,,"M5018货物超边故障",
"M5018.Alarm.PH_Fault","DB70.DBX34.6",Boolean,1,RO,100,,,,,,,,,,"M5018光电管异常",
"M5018.Alarm.QF_Fault","DB70.DBX34.4",Boolean,1,RO,100,,,,,,,,,,"M5018空开故障",
"M5018.Alarm.QS_Fault","DB70.DBX34.5",Boolean,1,RO,100,,,,,,,,,,"M5018隔离开关故障",
"M5018.Alarm.R_Fault","DB50.DBX522.6",Boolean,1,RO,100,,,,,,,,,,"M5018右超宽",
"M5018.Alarm.RFID_ReadFault","DB50.DBX523.3",Boolean,1,RO,100,,,,,,,,,,"M5018RFID读取错误",
"M5018.Alarm.RFID_WriteFault","DB50.DBX523.2",Boolean,1,RO,100,,,,,,,,,,"M5018RFID写入错误",
"M5018.Alarm.TimeOutFault","DB70.DBX34.3",Boolean,1,RO,100,,,,,,,,,,"M5018超时故障",
"M5018.Alarm.TM_JY_Fault","DB50.DBX523.0",Boolean,1,RO,100,,,,,,,,,,"M5018条码校验故障",
"M5018.Alarm.TotalFault","DB70.DBX34.1",Boolean,1,RO,100,,,,,,,,,,"M5018总故障",
"M5018.Alarm.WX_Fault","DB50.DBX522.1",Boolean,1,RO,100,,,,,,,,,,"M5018外形故障",
"M5018.Alarm.WX_TM_Fault","DB50.DBX522.0",Boolean,1,RO,100,,,,,,,,,,"M5018外形条码总故障",
"M5018.State.Allow","DB50.DBB529",Byte,1,RO,100,,,,,,,,,,"M5018允许拆盘",
"M5018.State.ForwardRun","DB70.DBX35.6",Boolean,1,RO,100,,,,,,,,,,"M5018正转运行",
"M5018.State.Get_Num","DB50.DBB528",Byte,1,RO,100,,,,,,,,,,"M5018已取数量",
"M5018.State.LastOne","DB50.DBX523.4",Boolean,1,RO,100,,,,,,,,,,"M5018强制推盘",
"M5018.State.Load","DB70.DBX35.5",Boolean,1,RO,100,,,,,,,,,,"M5018负载",
"M5018.State.MD_State1","DB50.DINT530",Long,1,RO,100,,,,,,,,,,"M5018码垛状态1",
"M5018.State.MD_State2","DB50.DBB534",Byte,1,RO,100,,,,,,,,,,"M5018码垛状态2",
"M5018.State.Need_Num","DB50.DBB527",Byte,1,RO,100,,,,,,,,,,"M5018要取数量",
"M5018.State.PH1","I194.3",Boolean,1,RO,100,,,,,,,,,,"5018到位光电1",
"M5018.State.PH2","I194.5",Boolean,1,RO,100,,,,,,,,,,"5018减速光电",
"M5018.State.PH3","I194.7",Boolean,1,RO,100,,,,,,,,,,"5018到位光电2",
"M5018.State.ReversalRun","DB70.DBX35.7",Boolean,1,RO,100,,,,,,,,,,"M5018反转运行",
"M5018.State.Runing","DB70.DBX34.0",Boolean,1,RO,100,,,,,,,,,,"M5018设备运行标志",
"M5018.State.SelectPlace","DB70.DBX34.7",Boolean,1,RO,100,,,,,,,,,,"M5018选中位",
"M5018.State.YX_DX","DB50.DBB525",Byte,1,RO,100,,,,,,,,,,"M5018码垛垛型",
"M5018.State.YX_Num","DB50.DBB526",Byte,1,RO,100,,,,,,,,,,"M5018烟箱数量",
"M5018.State.YX_Type","DB50.DBB524",Byte,1,RO,100,,,,,,,,,,"M5018烟箱类型",
"M5018.Task.Code","DB50.DINT512",Long,1,RO,100,,,,,,,,,,"M5018托盘条码",
"M5018.Task.DestSta","DB50.DBW520",Short,1,RO,100,,,,,,,,,,"M5018目标地址",
"M5018.Task.StartSta","DB50.DBW518",Short,1,RO,100,,,,,,,,,,"M5018起始地址",
"M5018.Task.Task","DB50.DBW510",Short,1,RO,100,,,,,,,,,,"M5018任务号",
"M5018.Task.TpType","DB50.DBW516",Short,1,RO,100,,,,,,,,,,"M5018货物类型",
"M5019.Alarm.B_Fault","DB50.DBX552.4",Boolean,1,RO,100,,,,,,,,,,"M5019后超长",
"M5019.Alarm.DriveFault","DB70.DBX36.2",Boolean,1,RO,100,,,,,,,,,,"M5019驱动器故障",
"M5019.Alarm.EstopFault","DB70.DBX37.3",Boolean,1,RO,100,,,,,,,,,,"M5019急停故障",
"M5019.Alarm.F_Fault","DB50.DBX552.3",Boolean,1,RO,100,,,,,,,,,,"M5019前超长",
"M5019.Alarm.H_Fault","DB50.DBX552.2",Boolean,1,RO,100,,,,,,,,,,"M5019超高",
"M5019.Alarm.L_Fault","DB50.DBX552.5",Boolean,1,RO,100,,,,,,,,,,"M5019左超宽",
"M5019.Alarm.LS_Fault","DB70.DBX37.2",Boolean,1,RO,100,,,,,,,,,,"M5019限位故障",
"M5019.Alarm.NoRead","DB50.DBX553.1",Boolean,1,RO,100,,,,,,,,,,"M5019条码未读出",
"M5019.Alarm.OutSideFault","DB70.DBX37.1",Boolean,1,RO,100,,,,,,,,,,"M5019货物超边故障",
"M5019.Alarm.PH_Fault","DB70.DBX36.6",Boolean,1,RO,100,,,,,,,,,,"M5019光电管异常",
"M5019.Alarm.QF_Fault","DB70.DBX36.4",Boolean,1,RO,100,,,,,,,,,,"M5019空开故障",
"M5019.Alarm.QS_Fault","DB70.DBX36.5",Boolean,1,RO,100,,,,,,,,,,"M5019隔离开关故障",
"M5019.Alarm.R_Fault","DB50.DBX552.6",Boolean,1,RO,100,,,,,,,,,,"M5019右超宽",
"M5019.Alarm.RFID_ReadFault","DB50.DBX553.3",Boolean,1,RO,100,,,,,,,,,,"M5019RFID读取错误",
"M5019.Alarm.RFID_WriteFault","DB50.DBX553.2",Boolean,1,RO,100,,,,,,,,,,"M5019RFID写入错误",
"M5019.Alarm.TimeOutFault","DB70.DBX36.3",Boolean,1,RO,100,,,,,,,,,,"M5019超时故障",
"M5019.Alarm.TM_JY_Fault","DB50.DBX553.0",Boolean,1,RO,100,,,,,,,,,,"M5019条码校验故障",
"M5019.Alarm.TotalFault","DB70.DBX36.1",Boolean,1,RO,100,,,,,,,,,,"M5019总故障",
"M5019.Alarm.WX_Fault","DB50.DBX552.1",Boolean,1,RO,100,,,,,,,,,,"M5019外形故障",
"M5019.Alarm.WX_TM_Fault","DB50.DBX552.0",Boolean,1,RO,100,,,,,,,,,,"M5019外形条码总故障",
"M5019.State.Allow","DB50.DBB559",Byte,1,RO,100,,,,,,,,,,"M5019允许拆盘",
"M5019.State.ForwardRun","DB70.DBX37.6",Boolean,1,RO,100,,,,,,,,,,"M5019正转运行",
"M5019.State.Get_Num","DB50.DBB558",Byte,1,RO,100,,,,,,,,,,"M5019已取数量",
"M5019.State.LastOne","DB50.DBX553.4",Boolean,1,RO,100,,,,,,,,,,"M5019强制推盘",
"M5019.State.Load","DB70.DBX37.5",Boolean,1,RO,100,,,,,,,,,,"M5019负载",
"M5019.State.MD_State1","DB50.DINT560",Long,1,RO,100,,,,,,,,,,"M5019码垛状态1",
"M5019.State.MD_State2","DB50.DBB564",Byte,1,RO,100,,,,,,,,,,"M5019码垛状态2",
"M5019.State.Need_Num","DB50.DBB557",Byte,1,RO,100,,,,,,,,,,"M5019要取数量",
"M5019.State.PH1","I197.2",Boolean,1,RO,100,,,,,,,,,,"5019到位光电1",
"M5019.State.PH2","I197.4",Boolean,1,RO,100,,,,,,,,,,"5019到位光电2",
"M5019.State.ReversalRun","DB70.DBX37.7",Boolean,1,RO,100,,,,,,,,,,"M5019反转运行",
"M5019.State.Runing","DB70.DBX36.0",Boolean,1,RO,100,,,,,,,,,,"M5019设备运行标志",
"M5019.State.SelectPlace","DB70.DBX36.7",Boolean,1,RO,100,,,,,,,,,,"M5019选中位",
"M5019.State.YX_DX","DB50.DBB555",Byte,1,RO,100,,,,,,,,,,"M5019码垛垛型",
"M5019.State.YX_Num","DB50.DBB556",Byte,1,RO,100,,,,,,,,,,"M5019烟箱数量",
"M5019.State.YX_Type","DB50.DBB554",Byte,1,RO,100,,,,,,,,,,"M5019烟箱类型",
"M5019.Task.Code","DB50.DINT542",Long,1,RO,100,,,,,,,,,,"M5019托盘条码",
"M5019.Task.DestSta","DB50.DBW550",Short,1,RO,100,,,,,,,,,,"M5019目标地址",
"M5019.Task.StartSta","DB50.DBW548",Short,1,RO,100,,,,,,,,,,"M5019起始地址",
"M5019.Task.Task","DB50.DBW540",Short,1,RO,100,,,,,,,,,,"M5019任务号",
"M5019.Task.TpType","DB50.DBW546",Short,1,RO,100,,,,,,,,,,"M5019货物类型",
"M5020.Alarm.B_Fault","DB50.DBX582.4",Boolean,1,RO,100,,,,,,,,,,"M5020后超长",
"M5020.Alarm.DriveFault","DB70.DBX38.2",Boolean,1,RO,100,,,,,,,,,,"M5020驱动器故障",
"M5020.Alarm.EstopFault","DB70.DBX39.3",Boolean,1,RO,100,,,,,,,,,,"M5020急停故障",
"M5020.Alarm.F_Fault","DB50.DBX582.3",Boolean,1,RO,100,,,,,,,,,,"M5020前超长",
"M5020.Alarm.H_Fault","DB50.DBX582.2",Boolean,1,RO,100,,,,,,,,,,"M5020超高",
"M5020.Alarm.L_Fault","DB50.DBX582.5",Boolean,1,RO,100,,,,,,,,,,"M5020左超宽",
"M5020.Alarm.LS_Fault","DB70.DBX39.2",Boolean,1,RO,100,,,,,,,,,,"M5020限位故障",
"M5020.Alarm.NoRead","DB50.DBX583.1",Boolean,1,RO,100,,,,,,,,,,"M5020条码未读出",
"M5020.Alarm.OutSideFault","DB70.DBX39.1",Boolean,1,RO,100,,,,,,,,,,"M5020货物超边故障",
"M5020.Alarm.PH_Fault","DB70.DBX38.6",Boolean,1,RO,100,,,,,,,,,,"M5020光电管异常",
"M5020.Alarm.QF_Fault","DB70.DBX38.4",Boolean,1,RO,100,,,,,,,,,,"M5020空开故障",
"M5020.Alarm.QS_Fault","DB70.DBX38.5",Boolean,1,RO,100,,,,,,,,,,"M5020隔离开关故障",
"M5020.Alarm.R_Fault","DB50.DBX582.6",Boolean,1,RO,100,,,,,,,,,,"M5020右超宽",
"M5020.Alarm.RFID_ReadFault","DB50.DBX583.3",Boolean,1,RO,100,,,,,,,,,,"M5020RFID读取错误",
"M5020.Alarm.RFID_WriteFault","DB50.DBX583.2",Boolean,1,RO,100,,,,,,,,,,"M5020RFID写入错误",
"M5020.Alarm.TimeOutFault","DB70.DBX38.3",Boolean,1,RO,100,,,,,,,,,,"M5020超时故障",
"M5020.Alarm.TM_JY_Fault","DB50.DBX583.0",Boolean,1,RO,100,,,,,,,,,,"M5020条码校验故障",
"M5020.Alarm.TotalFault","DB70.DBX38.1",Boolean,1,RO,100,,,,,,,,,,"M5020总故障",
"M5020.Alarm.WX_Fault","DB50.DBX582.1",Boolean,1,RO,100,,,,,,,,,,"M5020外形故障",
"M5020.Alarm.WX_TM_Fault","DB50.DBX582.0",Boolean,1,RO,100,,,,,,,,,,"M5020外形条码总故障",
"M5020.State.Allow","DB50.DBB589",Byte,1,RO,100,,,,,,,,,,"M5020允许拆盘",
"M5020.State.ForwardRun","DB70.DBX39.6",Boolean,1,RO,100,,,,,,,,,,"M5020正转运行",
"M5020.State.Get_Num","DB50.DBB588",Byte,1,RO,100,,,,,,,,,,"M5020已取数量",
"M5020.State.LastOne","DB50.DBX583.4",Boolean,1,RO,100,,,,,,,,,,"M5020强制推盘",
"M5020.State.Load","DB70.DBX39.5",Boolean,1,RO,100,,,,,,,,,,"M5020负载",
"M5020.State.MD_State1","DB50.DINT590",Long,1,RO,100,,,,,,,,,,"M5020码垛状态1",
"M5020.State.MD_State2","DB50.DBB594",Byte,1,RO,100,,,,,,,,,,"M5020码垛状态2",
"M5020.State.Need_Num","DB50.DBB587",Byte,1,RO,100,,,,,,,,,,"M5020要取数量",
"M5020.State.PH1","I195.2",Boolean,1,RO,100,,,,,,,,,,"5020减速光电",
"M5020.State.PH2","I195.4",Boolean,1,RO,100,,,,,,,,,,"5020到位光电",
"M5020.State.PH3","I195.6",Boolean,1,RO,100,,,,,,,,,,"5020对射保护光电",
"M5020.State.ReversalRun","DB70.DBX39.7",Boolean,1,RO,100,,,,,,,,,,"M5020反转运行",
"M5020.State.Runing","DB70.DBX38.0",Boolean,1,RO,100,,,,,,,,,,"M5020设备运行标志",
"M5020.State.SelectPlace","DB70.DBX38.7",Boolean,1,RO,100,,,,,,,,,,"M5020选中位",
"M5020.State.YX_DX","DB50.DBB585",Byte,1,RO,100,,,,,,,,,,"M5020码垛垛型",
"M5020.State.YX_Num","DB50.DBB586",Byte,1,RO,100,,,,,,,,,,"M5020烟箱数量",
"M5020.State.YX_Type","DB50.DBB584",Byte,1,RO,100,,,,,,,,,,"M5020烟箱类型",
"M5020.Task.Code","DB50.DINT572",Long,1,RO,100,,,,,,,,,,"M5020托盘条码",
"M5020.Task.DestSta","DB50.DBW580",Short,1,RO,100,,,,,,,,,,"M5020目标地址",
"M5020.Task.StartSta","DB50.DBW578",Short,1,RO,100,,,,,,,,,,"M5020起始地址",
"M5020.Task.Task","DB50.DBW570",Short,1,RO,100,,,,,,,,,,"M5020任务号",
"M5020.Task.TpType","DB50.DBW576",Short,1,RO,100,,,,,,,,,,"M5020货物类型",
"M5021.Alarm.B_Fault","DB50.DBX612.4",Boolean,1,RO,100,,,,,,,,,,"M5021后超长",
"M5021.Alarm.DriveFault","DB70.DBX40.2",Boolean,1,RO,100,,,,,,,,,,"M5021驱动器故障",
"M5021.Alarm.EstopFault","DB70.DBX41.3",Boolean,1,RO,100,,,,,,,,,,"M5021急停故障",
"M5021.Alarm.F_Fault","DB50.DBX612.3",Boolean,1,RO,100,,,,,,,,,,"M5021前超长",
"M5021.Alarm.H_Fault","DB50.DBX612.2",Boolean,1,RO,100,,,,,,,,,,"M5021超高",
"M5021.Alarm.L_Fault","DB50.DBX612.5",Boolean,1,RO,100,,,,,,,,,,"M5021左超宽",
"M5021.Alarm.LS_Fault","DB70.DBX41.2",Boolean,1,RO,100,,,,,,,,,,"M5021限位故障",
"M5021.Alarm.NoRead","DB50.DBX613.1",Boolean,1,RO,100,,,,,,,,,,"M5021条码未读出",
"M5021.Alarm.OutSideFault","DB70.DBX41.1",Boolean,1,RO,100,,,,,,,,,,"M5021货物超边故障",
"M5021.Alarm.PH_Fault","DB70.DBX40.6",Boolean,1,RO,100,,,,,,,,,,"M5021光电管异常",
"M5021.Alarm.QF_Fault","DB70.DBX40.4",Boolean,1,RO,100,,,,,,,,,,"M5021空开故障",
"M5021.Alarm.QS_Fault","DB70.DBX40.5",Boolean,1,RO,100,,,,,,,,,,"M5021隔离开关故障",
"M5021.Alarm.R_Fault","DB50.DBX612.6",Boolean,1,RO,100,,,,,,,,,,"M5021右超宽",
"M5021.Alarm.RFID_ReadFault","DB50.DBX613.3",Boolean,1,RO,100,,,,,,,,,,"M5021RFID读取错误",
"M5021.Alarm.RFID_WriteFault","DB50.DBX613.2",Boolean,1,RO,100,,,,,,,,,,"M5021RFID写入错误",
"M5021.Alarm.TimeOutFault","DB70.DBX40.3",Boolean,1,RO,100,,,,,,,,,,"M5021超时故障",
"M5021.Alarm.TM_JY_Fault","DB50.DBX613.0",Boolean,1,RO,100,,,,,,,,,,"M5021条码校验故障",
"M5021.Alarm.TotalFault","DB70.DBX40.1",Boolean,1,RO,100,,,,,,,,,,"M5021总故障",
"M5021.Alarm.WX_Fault","DB50.DBX612.1",Boolean,1,RO,100,,,,,,,,,,"M5021外形故障",
"M5021.Alarm.WX_TM_Fault","DB50.DBX612.0",Boolean,1,RO,100,,,,,,,,,,"M5021外形条码总故障",
"M5021.State.Allow","DB50.DBB619",Byte,1,RO,100,,,,,,,,,,"M5021允许拆盘",
"M5021.State.ForwardRun","DB70.DBX41.6",Boolean,1,RO,100,,,,,,,,,,"M5021正转运行",
"M5021.State.Get_Num","DB50.DBB618",Byte,1,RO,100,,,,,,,,,,"M5021已取数量",
"M5021.State.LastOne","DB50.DBX613.4",Boolean,1,RO,100,,,,,,,,,,"M5021强制推盘",
"M5021.State.Load","DB70.DBX41.5",Boolean,1,RO,100,,,,,,,,,,"M5021负载",
"M5021.State.MD_State1","DB50.DINT620",Long,1,RO,100,,,,,,,,,,"M5021码垛状态1",
"M5021.State.MD_State2","DB50.DBB624",Byte,1,RO,100,,,,,,,,,,"M5021码垛状态2",
"M5021.State.Need_Num","DB50.DBB617",Byte,1,RO,100,,,,,,,,,,"M5021要取数量",
"M5021.State.PH1","I195.3",Boolean,1,RO,100,,,,,,,,,,"5021对射保护光电",
"M5021.State.PH2","I195.5",Boolean,1,RO,100,,,,,,,,,,"5021减速光电",
"M5021.State.PH3","I195.7",Boolean,1,RO,100,,,,,,,,,,"5021到位光电",
"M5021.State.ReversalRun","DB70.DBX41.7",Boolean,1,RO,100,,,,,,,,,,"M5021反转运行",
"M5021.State.Runing","DB70.DBX40.0",Boolean,1,RO,100,,,,,,,,,,"M5021设备运行标志",
"M5021.State.SelectPlace","DB70.DBX40.7",Boolean,1,RO,100,,,,,,,,,,"M5021选中位",
"M5021.State.YX_DX","DB50.DBB615",Byte,1,RO,100,,,,,,,,,,"M5021码垛垛型",
"M5021.State.YX_Num","DB50.DBB616",Byte,1,RO,100,,,,,,,,,,"M5021烟箱数量",
"M5021.State.YX_Type","DB50.DBB614",Byte,1,RO,100,,,,,,,,,,"M5021烟箱类型",
"M5021.Task.Code","DB50.DINT602",Long,1,RO,100,,,,,,,,,,"M5021托盘条码",
"M5021.Task.DestSta","DB50.DBW610",Short,1,RO,100,,,,,,,,,,"M5021目标地址",
"M5021.Task.StartSta","DB50.DBW608",Short,1,RO,100,,,,,,,,,,"M5021起始地址",
"M5021.Task.Task","DB50.DBW600",Short,1,RO,100,,,,,,,,,,"M5021任务号",
"M5021.Task.TpType","DB50.DBW606",Short,1,RO,100,,,,,,,,,,"M5021货物类型",
"M5022.Alarm.B_Fault","DB50.DBX642.4",Boolean,1,RO,100,,,,,,,,,,"M5022后超长",
"M5022.Alarm.DriveFault","DB70.DBX42.2",Boolean,1,RO,100,,,,,,,,,,"M5022驱动器故障",
"M5022.Alarm.EstopFault","DB70.DBX43.3",Boolean,1,RO,100,,,,,,,,,,"M5022急停故障",
"M5022.Alarm.F_Fault","DB50.DBX642.3",Boolean,1,RO,100,,,,,,,,,,"M5022前超长",
"M5022.Alarm.H_Fault","DB50.DBX642.2",Boolean,1,RO,100,,,,,,,,,,"M5022超高",
"M5022.Alarm.L_Fault","DB50.DBX642.5",Boolean,1,RO,100,,,,,,,,,,"M5022左超宽",
"M5022.Alarm.LS_Fault","DB70.DBX43.2",Boolean,1,RO,100,,,,,,,,,,"M5022限位故障",
"M5022.Alarm.NoRead","DB50.DBX643.1",Boolean,1,RO,100,,,,,,,,,,"M5022条码未读出",
"M5022.Alarm.OutSideFault","DB70.DBX43.1",Boolean,1,RO,100,,,,,,,,,,"M5022货物超边故障",
"M5022.Alarm.PH_Fault","DB70.DBX42.6",Boolean,1,RO,100,,,,,,,,,,"M5022光电管异常",
"M5022.Alarm.QF_Fault","DB70.DBX42.4",Boolean,1,RO,100,,,,,,,,,,"M5022空开故障",
"M5022.Alarm.QS_Fault","DB70.DBX42.5",Boolean,1,RO,100,,,,,,,,,,"M5022隔离开关故障",
"M5022.Alarm.R_Fault","DB50.DBX642.6",Boolean,1,RO,100,,,,,,,,,,"M5022右超宽",
"M5022.Alarm.RFID_ReadFault","DB50.DBX643.3",Boolean,1,RO,100,,,,,,,,,,"M5022RFID读取错误",
"M5022.Alarm.RFID_WriteFault","DB50.DBX643.2",Boolean,1,RO,100,,,,,,,,,,"M5022RFID写入错误",
"M5022.Alarm.TimeOutFault","DB70.DBX42.3",Boolean,1,RO,100,,,,,,,,,,"M5022超时故障",
"M5022.Alarm.TM_JY_Fault","DB50.DBX643.0",Boolean,1,RO,100,,,,,,,,,,"M5022条码校验故障",
"M5022.Alarm.TotalFault","DB70.DBX42.1",Boolean,1,RO,100,,,,,,,,,,"M5022总故障",
"M5022.Alarm.WX_Fault","DB50.DBX642.1",Boolean,1,RO,100,,,,,,,,,,"M5022外形故障",
"M5022.Alarm.WX_TM_Fault","DB50.DBX642.0",Boolean,1,RO,100,,,,,,,,,,"M5022外形条码总故障",
"M5022.State.Allow","DB50.DBB649",Byte,1,RO,100,,,,,,,,,,"M5022允许拆盘",
"M5022.State.ForwardRun","DB70.DBX43.6",Boolean,1,RO,100,,,,,,,,,,"M5022正转运行",
"M5022.State.Get_Num","DB50.DBB648",Byte,1,RO,100,,,,,,,,,,"M5022已取数量",
"M5022.State.LastOne","DB50.DBX643.4",Boolean,1,RO,100,,,,,,,,,,"M5022强制推盘",
"M5022.State.Load","DB70.DBX43.5",Boolean,1,RO,100,,,,,,,,,,"M5022负载",
"M5022.State.MD_State1","DB50.DINT650",Long,1,RO,100,,,,,,,,,,"M5022码垛状态1",
"M5022.State.MD_State2","DB50.DBB654",Byte,1,RO,100,,,,,,,,,,"M5022码垛状态2",
"M5022.State.Need_Num","DB50.DBB647",Byte,1,RO,100,,,,,,,,,,"M5022要取数量",
"M5022.State.PH1","I196.2",Boolean,1,RO,100,,,,,,,,,,"5022到位光电1",
"M5022.State.PH2","I196.4",Boolean,1,RO,100,,,,,,,,,,"5022减速光电",
"M5022.State.PH3","I196.6",Boolean,1,RO,100,,,,,,,,,,"5022到位光电2",
"M5022.State.ReversalRun","DB70.DBX43.7",Boolean,1,RO,100,,,,,,,,,,"M5022反转运行",
"M5022.State.Runing","DB70.DBX42.0",Boolean,1,RO,100,,,,,,,,,,"M5022设备运行标志",
"M5022.State.SelectPlace","DB70.DBX42.7",Boolean,1,RO,100,,,,,,,,,,"M5022选中位",
"M5022.State.YX_DX","DB50.DBB645",Byte,1,RO,100,,,,,,,,,,"M5022码垛垛型",
"M5022.State.YX_Num","DB50.DBB646",Byte,1,RO,100,,,,,,,,,,"M5022烟箱数量",
"M5022.State.YX_Type","DB50.DBB644",Byte,1,RO,100,,,,,,,,,,"M5022烟箱类型",
"M5022.Task.Code","DB50.DINT632",Long,1,RO,100,,,,,,,,,,"M5022托盘条码",
"M5022.Task.DestSta","DB50.DBW640",Short,1,RO,100,,,,,,,,,,"M5022目标地址",
"M5022.Task.StartSta","DB50.DBW638",Short,1,RO,100,,,,,,,,,,"M5022起始地址",
"M5022.Task.Task","DB50.DBW630",Short,1,RO,100,,,,,,,,,,"M5022任务号",
"M5022.Task.TpType","DB50.DBW636",Short,1,RO,100,,,,,,,,,,"M5022货物类型",
"M5023.Alarm.B_Fault","DB50.DBX672.4",Boolean,1,RO,100,,,,,,,,,,"M5023后超长",
"M5023.Alarm.DriveFault","DB70.DBX44.2",Boolean,1,RO,100,,,,,,,,,,"M5023驱动器故障",
"M5023.Alarm.EstopFault","DB70.DBX45.3",Boolean,1,RO,100,,,,,,,,,,"M5023急停故障",
"M5023.Alarm.F_Fault","DB50.DBX672.3",Boolean,1,RO,100,,,,,,,,,,"M5023前超长",
"M5023.Alarm.H_Fault","DB50.DBX672.2",Boolean,1,RO,100,,,,,,,,,,"M5023超高",
"M5023.Alarm.L_Fault","DB50.DBX672.5",Boolean,1,RO,100,,,,,,,,,,"M5023左超宽",
"M5023.Alarm.LS_Fault","DB70.DBX45.2",Boolean,1,RO,100,,,,,,,,,,"M5023限位故障",
"M5023.Alarm.NoRead","DB50.DBX673.1",Boolean,1,RO,100,,,,,,,,,,"M5023条码未读出",
"M5023.Alarm.OutSideFault","DB70.DBX45.1",Boolean,1,RO,100,,,,,,,,,,"M5023货物超边故障",
"M5023.Alarm.PH_Fault","DB70.DBX44.6",Boolean,1,RO,100,,,,,,,,,,"M5023光电管异常",
"M5023.Alarm.QF_Fault","DB70.DBX44.4",Boolean,1,RO,100,,,,,,,,,,"M5023空开故障",
"M5023.Alarm.QS_Fault","DB70.DBX44.5",Boolean,1,RO,100,,,,,,,,,,"M5023隔离开关故障",
"M5023.Alarm.R_Fault","DB50.DBX672.6",Boolean,1,RO,100,,,,,,,,,,"M5023右超宽",
"M5023.Alarm.RFID_ReadFault","DB50.DBX673.3",Boolean,1,RO,100,,,,,,,,,,"M5023RFID读取错误",
"M5023.Alarm.RFID_WriteFault","DB50.DBX673.2",Boolean,1,RO,100,,,,,,,,,,"M5023RFID写入错误",
"M5023.Alarm.TimeOutFault","DB70.DBX44.3",Boolean,1,RO,100,,,,,,,,,,"M5023超时故障",
"M5023.Alarm.TM_JY_Fault","DB50.DBX673.0",Boolean,1,RO,100,,,,,,,,,,"M5023条码校验故障",
"M5023.Alarm.TotalFault","DB70.DBX44.1",Boolean,1,RO,100,,,,,,,,,,"M5023总故障",
"M5023.Alarm.WX_Fault","DB50.DBX672.1",Boolean,1,RO,100,,,,,,,,,,"M5023外形故障",
"M5023.Alarm.WX_TM_Fault","DB50.DBX672.0",Boolean,1,RO,100,,,,,,,,,,"M5023外形条码总故障",
"M5023.State.Allow","DB50.DBB679",Byte,1,RO,100,,,,,,,,,,"M5023允许拆盘",
"M5023.State.ForwardRun","DB70.DBX45.6",Boolean,1,RO,100,,,,,,,,,,"M5023正转运行",
"M5023.State.Get_Num","DB50.DBB678",Byte,1,RO,100,,,,,,,,,,"M5023已取数量",
"M5023.State.LastOne","DB50.DBX673.4",Boolean,1,RO,100,,,,,,,,,,"M5023强制推盘",
"M5023.State.Load","DB70.DBX45.5",Boolean,1,RO,100,,,,,,,,,,"M5023负载",
"M5023.State.MD_State1","DB50.DINT680",Long,1,RO,100,,,,,,,,,,"M5023码垛状态1",
"M5023.State.MD_State2","DB50.DBB684",Byte,1,RO,100,,,,,,,,,,"M5023码垛状态2",
"M5023.State.Need_Num","DB50.DBB677",Byte,1,RO,100,,,,,,,,,,"M5023要取数量",
"M5023.State.PH1","I197.1",Boolean,1,RO,100,,,,,,,,,,"5023到位光电1",
"M5023.State.PH2","I197.3",Boolean,1,RO,100,,,,,,,,,,"5023到位光电2",
"M5023.State.ReversalRun","DB70.DBX45.7",Boolean,1,RO,100,,,,,,,,,,"M5023反转运行",
"M5023.State.Runing","DB70.DBX44.0",Boolean,1,RO,100,,,,,,,,,,"M5023设备运行标志",
"M5023.State.SelectPlace","DB70.DBX44.7",Boolean,1,RO,100,,,,,,,,,,"M5023选中位",
"M5023.State.YX_DX","DB50.DBB675",Byte,1,RO,100,,,,,,,,,,"M5023码垛垛型",
"M5023.State.YX_Num","DB50.DBB676",Byte,1,RO,100,,,,,,,,,,"M5023烟箱数量",
"M5023.State.YX_Type","DB50.DBB674",Byte,1,RO,100,,,,,,,,,,"M5023烟箱类型",
"M5023.Task.Code","DB50.DINT662",Long,1,RO,100,,,,,,,,,,"M5023托盘条码",
"M5023.Task.DestSta","DB50.DBW670",Short,1,RO,100,,,,,,,,,,"M5023目标地址",
"M5023.Task.StartSta","DB50.DBW668",Short,1,RO,100,,,,,,,,,,"M5023起始地址",
"M5023.Task.Task","DB50.DBW660",Short,1,RO,100,,,,,,,,,,"M5023任务号",
"M5023.Task.TpType","DB50.DBW666",Short,1,RO,100,,,,,,,,,,"M5023货物类型",
"M5024.Alarm.B_Fault","DB50.DBX702.4",Boolean,1,RO,100,,,,,,,,,,"M5024后超长",
"M5024.Alarm.DriveFault","DB70.DBX46.2",Boolean,1,RO,100,,,,,,,,,,"M5024驱动器故障",
"M5024.Alarm.EstopFault","DB70.DBX47.3",Boolean,1,RO,100,,,,,,,,,,"M5024急停故障",
"M5024.Alarm.F_Fault","DB50.DBX702.3",Boolean,1,RO,100,,,,,,,,,,"M5024前超长",
"M5024.Alarm.H_Fault","DB50.DBX702.2",Boolean,1,RO,100,,,,,,,,,,"M5024超高",
"M5024.Alarm.L_Fault","DB50.DBX702.5",Boolean,1,RO,100,,,,,,,,,,"M5024左超宽",
"M5024.Alarm.LS_Fault","DB70.DBX47.2",Boolean,1,RO,100,,,,,,,,,,"M5024限位故障",
"M5024.Alarm.NoRead","DB50.DBX703.1",Boolean,1,RO,100,,,,,,,,,,"M5024条码未读出",
"M5024.Alarm.OutSideFault","DB70.DBX47.1",Boolean,1,RO,100,,,,,,,,,,"M5024货物超边故障",
"M5024.Alarm.PH_Fault","DB70.DBX46.6",Boolean,1,RO,100,,,,,,,,,,"M5024光电管异常",
"M5024.Alarm.QF_Fault","DB70.DBX46.4",Boolean,1,RO,100,,,,,,,,,,"M5024空开故障",
"M5024.Alarm.QS_Fault","DB70.DBX46.5",Boolean,1,RO,100,,,,,,,,,,"M5024隔离开关故障",
"M5024.Alarm.R_Fault","DB50.DBX702.6",Boolean,1,RO,100,,,,,,,,,,"M5024右超宽",
"M5024.Alarm.RFID_ReadFault","DB50.DBX703.3",Boolean,1,RO,100,,,,,,,,,,"M5024RFID读取错误",
"M5024.Alarm.RFID_WriteFault","DB50.DBX703.2",Boolean,1,RO,100,,,,,,,,,,"M5024RFID写入错误",
"M5024.Alarm.TimeOutFault","DB70.DBX46.3",Boolean,1,RO,100,,,,,,,,,,"M5024超时故障",
"M5024.Alarm.TM_JY_Fault","DB50.DBX703.0",Boolean,1,RO,100,,,,,,,,,,"M5024条码校验故障",
"M5024.Alarm.TotalFault","DB70.DBX46.1",Boolean,1,RO,100,,,,,,,,,,"M5024总故障",
"M5024.Alarm.WX_Fault","DB50.DBX702.1",Boolean,1,RO,100,,,,,,,,,,"M5024外形故障",
"M5024.Alarm.WX_TM_Fault","DB50.DBX702.0",Boolean,1,RO,100,,,,,,,,,,"M5024外形条码总故障",
"M5024.State.Allow","DB50.DBB709",Byte,1,RO,100,,,,,,,,,,"M5024允许拆盘",
"M5024.State.ForwardRun","DB70.DBX47.6",Boolean,1,RO,100,,,,,,,,,,"M5024正转运行",
"M5024.State.Get_Num","DB50.DBB708",Byte,1,RO,100,,,,,,,,,,"M5024已取数量",
"M5024.State.LastOne","DB50.DBX703.4",Boolean,1,RO,100,,,,,,,,,,"M5024强制推盘",
"M5024.State.Load","DB70.DBX47.5",Boolean,1,RO,100,,,,,,,,,,"M5024负载",
"M5024.State.MD_State1","DB50.DINT710",Long,1,RO,100,,,,,,,,,,"M5024码垛状态1",
"M5024.State.MD_State2","DB50.DBB714",Byte,1,RO,100,,,,,,,,,,"M5024码垛状态2",
"M5024.State.Need_Num","DB50.DBB707",Byte,1,RO,100,,,,,,,,,,"M5024要取数量",
"M5024.State.PH1","I196.3",Boolean,1,RO,100,,,,,,,,,,"5024减速光电",
"M5024.State.PH2","I196.5",Boolean,1,RO,100,,,,,,,,,,"5024到位光电",
"M5024.State.PH3","I196.7",Boolean,1,RO,100,,,,,,,,,,"5024对射保护光电",
"M5024.State.ReversalRun","DB70.DBX47.7",Boolean,1,RO,100,,,,,,,,,,"M5024反转运行",
"M5024.State.Runing","DB70.DBX46.0",Boolean,1,RO,100,,,,,,,,,,"M5024设备运行标志",
"M5024.State.SelectPlace","DB70.DBX46.7",Boolean,1,RO,100,,,,,,,,,,"M5024选中位",
"M5024.State.YX_DX","DB50.DBB705",Byte,1,RO,100,,,,,,,,,,"M5024码垛垛型",
"M5024.State.YX_Num","DB50.DBB706",Byte,1,RO,100,,,,,,,,,,"M5024烟箱数量",
"M5024.State.YX_Type","DB50.DBB704",Byte,1,RO,100,,,,,,,,,,"M5024烟箱类型",
"M5024.Task.Code","DB50.DINT692",Long,1,RO,100,,,,,,,,,,"M5024托盘条码",
"M5024.Task.DestSta","DB50.DBW700",Short,1,RO,100,,,,,,,,,,"M5024目标地址",
"M5024.Task.StartSta","DB50.DBW698",Short,1,RO,100,,,,,,,,,,"M5024起始地址",
"M5024.Task.Task","DB50.DBW690",Short,1,RO,100,,,,,,,,,,"M5024任务号",
"M5024.Task.TpType","DB50.DBW696",Short,1,RO,100,,,,,,,,,,"M5024货物类型",
"M5025.Alarm.B_Fault","DB50.DBX732.4",Boolean,1,RO,100,,,,,,,,,,"M5025后超长",
"M5025.Alarm.DriveFault","DB70.DBX48.2",Boolean,1,RO,100,,,,,,,,,,"M5025驱动器故障",
"M5025.Alarm.EstopFault","DB70.DBX49.3",Boolean,1,RO,100,,,,,,,,,,"M5025急停故障",
"M5025.Alarm.F_Fault","DB50.DBX732.3",Boolean,1,RO,100,,,,,,,,,,"M5025前超长",
"M5025.Alarm.H_Fault","DB50.DBX732.2",Boolean,1,RO,100,,,,,,,,,,"M5025超高",
"M5025.Alarm.L_Fault","DB50.DBX732.5",Boolean,1,RO,100,,,,,,,,,,"M5025左超宽",
"M5025.Alarm.LS_Fault","DB70.DBX49.2",Boolean,1,RO,100,,,,,,,,,,"M5025限位故障",
"M5025.Alarm.NoRead","DB50.DBX733.1",Boolean,1,RO,100,,,,,,,,,,"M5025条码未读出",
"M5025.Alarm.OutSideFault","DB70.DBX49.1",Boolean,1,RO,100,,,,,,,,,,"M5025货物超边故障",
"M5025.Alarm.PH_Fault","DB70.DBX48.6",Boolean,1,RO,100,,,,,,,,,,"M5025光电管异常",
"M5025.Alarm.QF_Fault","DB70.DBX48.4",Boolean,1,RO,100,,,,,,,,,,"M5025空开故障",
"M5025.Alarm.QS_Fault","DB70.DBX48.5",Boolean,1,RO,100,,,,,,,,,,"M5025隔离开关故障",
"M5025.Alarm.R_Fault","DB50.DBX732.6",Boolean,1,RO,100,,,,,,,,,,"M5025右超宽",
"M5025.Alarm.RFID_ReadFault","DB50.DBX733.3",Boolean,1,RO,100,,,,,,,,,,"M5025RFID读取错误",
"M5025.Alarm.RFID_WriteFault","DB50.DBX733.2",Boolean,1,RO,100,,,,,,,,,,"M5025RFID写入错误",
"M5025.Alarm.STV_TimeOut","MX1101.0",Boolean,1,RO,100,,,,,,,,,,"M5025环穿任务超时",
"M5025.Alarm.TimeOutFault","DB70.DBX48.3",Boolean,1,RO,100,,,,,,,,,,"M5025超时故障",
"M5025.Alarm.TM_JY_Fault","DB50.DBX733.0",Boolean,1,RO,100,,,,,,,,,,"M5025条码校验故障",
"M5025.Alarm.TotalFault","DB70.DBX48.1",Boolean,1,RO,100,,,,,,,,,,"M5025总故障",
"M5025.Alarm.WX_Fault","DB50.DBX732.1",Boolean,1,RO,100,,,,,,,,,,"M5025外形故障",
"M5025.Alarm.WX_TM_Fault","DB50.DBX732.0",Boolean,1,RO,100,,,,,,,,,,"M5025外形条码总故障",
"M5025.State.Allow","DB50.DBB739",Byte,1,RO,100,,,,,,,,,,"M5025允许拆盘",
"M5025.State.ForwardRun","DB70.DBX49.6",Boolean,1,RO,100,,,,,,,,,,"M5025正转运行",
"M5025.State.Get_Num","DB50.DBB738",Byte,1,RO,100,,,,,,,,,,"M5025已取数量",
"M5025.State.LastOne","DB50.DBX733.4",Boolean,1,RO,100,,,,,,,,,,"M5025强制推盘",
"M5025.State.Load","DB70.DBX49.5",Boolean,1,RO,100,,,,,,,,,,"M5025负载",
"M5025.State.MD_State1","DB50.DINT740",Long,1,RO,100,,,,,,,,,,"M5025码垛状态1",
"M5025.State.MD_State2","DB50.DBB744",Byte,1,RO,100,,,,,,,,,,"M5025码垛状态2",
"M5025.State.Need_Num","DB50.DBB737",Byte,1,RO,100,,,,,,,,,,"M5025要取数量",
"M5025.State.PH1","I100.2",Boolean,1,RO,100,,,,,,,,,,"5025对射保护光电",
"M5025.State.PH2","I100.4",Boolean,1,RO,100,,,,,,,,,,"5025到位光电2",
"M5025.State.PH3","I100.6",Boolean,1,RO,100,,,,,,,,,,"5025到位光电3",
"M5025.State.PH4","I100.1",Boolean,1,RO,100,,,,,,,,,,"5025到位光电4",
"M5025.State.PH5","I100.3",Boolean,1,RO,100,,,,,,,,,,"5025反向到位光电5",
"M5025.State.ReversalRun","DB70.DBX49.7",Boolean,1,RO,100,,,,,,,,,,"M5025反转运行",
"M5025.State.Runing","DB70.DBX48.0",Boolean,1,RO,100,,,,,,,,,,"M5025设备运行标志",
"M5025.State.SelectPlace","DB70.DBX48.7",Boolean,1,RO,100,,,,,,,,,,"M5025选中位",
"M5025.State.YX_DX","DB50.DBB735",Byte,1,RO,100,,,,,,,,,,"M5025码垛垛型",
"M5025.State.YX_Num","DB50.DBB736",Byte,1,RO,100,,,,,,,,,,"M5025烟箱数量",
"M5025.State.YX_Type","DB50.DBB734",Byte,1,RO,100,,,,,,,,,,"M5025烟箱类型",
"M5025.Task.Code","DB50.DINT722",Long,1,RO,100,,,,,,,,,,"M5025托盘条码",
"M5025.Task.DestSta","DB50.DBW730",Short,1,RO,100,,,,,,,,,,"M5025目标地址",
"M5025.Task.StartSta","DB50.DBW728",Short,1,RO,100,,,,,,,,,,"M5025起始地址",
"M5025.Task.Task","DB50.DBW720",Short,1,RO,100,,,,,,,,,,"M5025任务号",
"M5025.Task.TpType","DB50.DBW726",Short,1,RO,100,,,,,,,,,,"M5025货物类型",
"M5026.Alarm.B_Fault","DB50.DBX762.4",Boolean,1,RO,100,,,,,,,,,,"M5026后超长",
"M5026.Alarm.DriveFault","DB70.DBX50.2",Boolean,1,RO,100,,,,,,,,,,"M5026驱动器故障",
"M5026.Alarm.EstopFault","DB70.DBX51.3",Boolean,1,RO,100,,,,,,,,,,"M5026急停故障",
"M5026.Alarm.F_Fault","DB50.DBX762.3",Boolean,1,RO,100,,,,,,,,,,"M5026前超长",
"M5026.Alarm.H_Fault","DB50.DBX762.2",Boolean,1,RO,100,,,,,,,,,,"M5026超高",
"M5026.Alarm.L_Fault","DB50.DBX762.5",Boolean,1,RO,100,,,,,,,,,,"M5026左超宽",
"M5026.Alarm.LS_Fault","DB70.DBX51.2",Boolean,1,RO,100,,,,,,,,,,"M5026限位故障",
"M5026.Alarm.NoRead","DB50.DBX763.1",Boolean,1,RO,100,,,,,,,,,,"M5026条码未读出",
"M5026.Alarm.OutSideFault","DB70.DBX51.1",Boolean,1,RO,100,,,,,,,,,,"M5026货物超边故障",
"M5026.Alarm.PH_Fault","DB70.DBX50.6",Boolean,1,RO,100,,,,,,,,,,"M5026光电管异常",
"M5026.Alarm.QF_Fault","DB70.DBX50.4",Boolean,1,RO,100,,,,,,,,,,"M5026空开故障",
"M5026.Alarm.QS_Fault","DB70.DBX50.5",Boolean,1,RO,100,,,,,,,,,,"M5026隔离开关故障",
"M5026.Alarm.R_Fault","DB50.DBX762.6",Boolean,1,RO,100,,,,,,,,,,"M5026右超宽",
"M5026.Alarm.RFID_ReadFault","DB50.DBX763.3",Boolean,1,RO,100,,,,,,,,,,"M5026RFID读取错误",
"M5026.Alarm.RFID_WriteFault","DB50.DBX763.2",Boolean,1,RO,100,,,,,,,,,,"M5026RFID写入错误",
"M5026.Alarm.TimeOutFault","DB70.DBX50.3",Boolean,1,RO,100,,,,,,,,,,"M5026超时故障",
"M5026.Alarm.TM_JY_Fault","DB50.DBX763.0",Boolean,1,RO,100,,,,,,,,,,"M5026条码校验故障",
"M5026.Alarm.TotalFault","DB70.DBX50.1",Boolean,1,RO,100,,,,,,,,,,"M5026总故障",
"M5026.Alarm.WX_Fault","DB50.DBX762.1",Boolean,1,RO,100,,,,,,,,,,"M5026外形故障",
"M5026.Alarm.WX_TM_Fault","DB50.DBX762.0",Boolean,1,RO,100,,,,,,,,,,"M5026外形条码总故障",
"M5026.State.Allow","DB50.DBB769",Byte,1,RO,100,,,,,,,,,,"M5026允许拆盘",
"M5026.State.ForwardRun","DB70.DBX51.6",Boolean,1,RO,100,,,,,,,,,,"M5026正转运行",
"M5026.State.Get_Num","DB50.DBB768",Byte,1,RO,100,,,,,,,,,,"M5026已取数量",
"M5026.State.LastOne","DB50.DBX763.4",Boolean,1,RO,100,,,,,,,,,,"M5026强制推盘",
"M5026.State.Load","DB70.DBX51.5",Boolean,1,RO,100,,,,,,,,,,"M5026负载",
"M5026.State.MD_State1","DB50.DINT770",Long,1,RO,100,,,,,,,,,,"M5026码垛状态1",
"M5026.State.MD_State2","DB50.DBB774",Byte,1,RO,100,,,,,,,,,,"M5026码垛状态2",
"M5026.State.Need_Num","DB50.DBB767",Byte,1,RO,100,,,,,,,,,,"M5026要取数量",
"M5026.State.PH1","I101.3",Boolean,1,RO,100,,,,,,,,,,"5026减速光电",
"M5026.State.PH2","I101.1",Boolean,1,RO,100,,,,,,,,,,"5026到位光电",
"M5026.State.PK1","I101.5",Boolean,1,RO,100,,,,,,,,,,"5026超声波光电",
"M5026.State.ReversalRun","DB70.DBX51.7",Boolean,1,RO,100,,,,,,,,,,"M5026反转运行",
"M5026.State.Runing","DB70.DBX50.0",Boolean,1,RO,100,,,,,,,,,,"M5026设备运行标志",
"M5026.State.SelectPlace","DB70.DBX50.7",Boolean,1,RO,100,,,,,,,,,,"M5026选中位",
"M5026.State.YX_DX","DB50.DBB765",Byte,1,RO,100,,,,,,,,,,"M5026码垛垛型",
"M5026.State.YX_Num","DB50.DBB766",Byte,1,RO,100,,,,,,,,,,"M5026烟箱数量",
"M5026.State.YX_Type","DB50.DBB764",Byte,1,RO,100,,,,,,,,,,"M5026烟箱类型",
"M5026.Task.Code","DB50.DINT752",Long,1,RO,100,,,,,,,,,,"M5026托盘条码",
"M5026.Task.DestSta","DB50.DBW760",Short,1,RO,100,,,,,,,,,,"M5026目标地址",
"M5026.Task.StartSta","DB50.DBW758",Short,1,RO,100,,,,,,,,,,"M5026起始地址",
"M5026.Task.Task","DB50.DBW750",Short,1,RO,100,,,,,,,,,,"M5026任务号",
"M5026.Task.TpType","DB50.DBW756",Short,1,RO,100,,,,,,,,,,"M5026货物类型",
"M5027.Alarm.B_Fault","DB50.DBX792.4",Boolean,1,RO,100,,,,,,,,,,"M5027后超长",
"M5027.Alarm.DriveFault","DB70.DBX52.2",Boolean,1,RO,100,,,,,,,,,,"M5027驱动器故障",
"M5027.Alarm.EstopFault","DB70.DBX53.3",Boolean,1,RO,100,,,,,,,,,,"M5027急停故障",
"M5027.Alarm.F_Fault","DB50.DBX792.3",Boolean,1,RO,100,,,,,,,,,,"M5027前超长",
"M5027.Alarm.H_Fault","DB50.DBX792.2",Boolean,1,RO,100,,,,,,,,,,"M5027超高",
"M5027.Alarm.L_Fault","DB50.DBX792.5",Boolean,1,RO,100,,,,,,,,,,"M5027左超宽",
"M5027.Alarm.LS_Fault","DB70.DBX53.2",Boolean,1,RO,100,,,,,,,,,,"M5027限位故障",
"M5027.Alarm.NoRead","DB50.DBX793.1",Boolean,1,RO,100,,,,,,,,,,"M5027条码未读出",
"M5027.Alarm.OutSideFault","DB70.DBX53.1",Boolean,1,RO,100,,,,,,,,,,"M5027货物超边故障",
"M5027.Alarm.PH_Fault","DB70.DBX52.6",Boolean,1,RO,100,,,,,,,,,,"M5027光电管异常",
"M5027.Alarm.QF_Fault","DB70.DBX52.4",Boolean,1,RO,100,,,,,,,,,,"M5027空开故障",
"M5027.Alarm.QS_Fault","DB70.DBX52.5",Boolean,1,RO,100,,,,,,,,,,"M5027隔离开关故障",
"M5027.Alarm.R_Fault","DB50.DBX792.6",Boolean,1,RO,100,,,,,,,,,,"M5027右超宽",
"M5027.Alarm.RFID_ReadFault","DB50.DBX793.3",Boolean,1,RO,100,,,,,,,,,,"M5027RFID读取错误",
"M5027.Alarm.RFID_WriteFault","DB50.DBX793.2",Boolean,1,RO,100,,,,,,,,,,"M5027RFID写入错误",
"M5027.Alarm.STV_TimeOut","MX1101.1",Boolean,1,RO,100,,,,,,,,,,"M5027环穿任务超时",
"M5027.Alarm.TimeOutFault","DB70.DBX52.3",Boolean,1,RO,100,,,,,,,,,,"M5027超时故障",
"M5027.Alarm.TM_JY_Fault","DB50.DBX793.0",Boolean,1,RO,100,,,,,,,,,,"M5027条码校验故障",
"M5027.Alarm.TotalFault","DB70.DBX52.1",Boolean,1,RO,100,,,,,,,,,,"M5027总故障",
"M5027.Alarm.WX_Fault","DB50.DBX792.1",Boolean,1,RO,100,,,,,,,,,,"M5027外形故障",
"M5027.Alarm.WX_TM_Fault","DB50.DBX792.0",Boolean,1,RO,100,,,,,,,,,,"M5027外形条码总故障",
"M5027.State.Allow","DB50.DBB799",Byte,1,RO,100,,,,,,,,,,"M5027允许拆盘",
"M5027.State.ForwardRun","DB70.DBX53.6",Boolean,1,RO,100,,,,,,,,,,"M5027正转运行",
"M5027.State.Get_Num","DB50.DBB798",Byte,1,RO,100,,,,,,,,,,"M5027已取数量",
"M5027.State.LastOne","DB50.DBX793.4",Boolean,1,RO,100,,,,,,,,,,"M5027强制推盘",
"M5027.State.Load","DB70.DBX53.5",Boolean,1,RO,100,,,,,,,,,,"M5027负载",
"M5027.State.MD_State1","DB50.DINT800",Long,1,RO,100,,,,,,,,,,"M5027码垛状态1",
"M5027.State.MD_State2","DB50.DBB804",Byte,1,RO,100,,,,,,,,,,"M5027码垛状态2",
"M5027.State.MS_RUN2","Q121.5",Boolean,1,RO,100,,,,,,,,,,"5027MS可以行走",
"M5027.State.Need_Num","DB50.DBB797",Byte,1,RO,100,,,,,,,,,,"M5027要取数量",
"M5027.State.PH1","I102.2",Boolean,1,RO,100,,,,,,,,,,"5027对射保护光电",
"M5027.State.PH2","I102.4",Boolean,1,RO,100,,,,,,,,,,"5027到位光电",
"M5027.State.PUT_REQ","I107.1",Boolean,1,RO,100,,,,,,,,,,"5027环穿请求放货",
"M5027.State.PUTT_OK1","Q121.3",Boolean,1,RO,100,,,,,,,,,,"5027取货OK",
"M5027.State.ReversalRun","DB70.DBX53.7",Boolean,1,RO,100,,,,,,,,,,"M5027反转运行",
"M5027.State.Runing","DB70.DBX52.0",Boolean,1,RO,100,,,,,,,,,,"M5027设备运行标志",
"M5027.State.SelectPlace","DB70.DBX52.7",Boolean,1,RO,100,,,,,,,,,,"M5027选中位",
"M5027.State.YX_DX","DB50.DBB795",Byte,1,RO,100,,,,,,,,,,"M5027码垛垛型",
"M5027.State.YX_Num","DB50.DBB796",Byte,1,RO,100,,,,,,,,,,"M5027烟箱数量",
"M5027.State.YX_Type","DB50.DBB794",Byte,1,RO,100,,,,,,,,,,"M5027烟箱类型",
"M5027.State.YZ_OK3","Q121.7",Boolean,1,RO,100,,,,,,,,,,"5027移栽OK",
"M5027.Task.Code","DB50.DINT782",Long,1,RO,100,,,,,,,,,,"M5027托盘条码",
"M5027.Task.DestSta","DB50.DBW790",Short,1,RO,100,,,,,,,,,,"M5027目标地址",
"M5027.Task.StartSta","DB50.DBW788",Short,1,RO,100,,,,,,,,,,"M5027起始地址",
"M5027.Task.Task","DB50.DBW780",Short,1,RO,100,,,,,,,,,,"M5027任务号",
"M5027.Task.TpType","DB50.DBW786",Short,1,RO,100,,,,,,,,,,"M5027货物类型",
"M5028.Alarm.B_Fault","DB50.DBX822.4",Boolean,1,RO,100,,,,,,,,,,"M5028后超长",
"M5028.Alarm.DriveFault","DB70.DBX54.2",Boolean,1,RO,100,,,,,,,,,,"M5028驱动器故障",
"M5028.Alarm.EstopFault","DB70.DBX55.3",Boolean,1,RO,100,,,,,,,,,,"M5028急停故障",
"M5028.Alarm.F_Fault","DB50.DBX822.3",Boolean,1,RO,100,,,,,,,,,,"M5028前超长",
"M5028.Alarm.H_Fault","DB50.DBX822.2",Boolean,1,RO,100,,,,,,,,,,"M5028超高",
"M5028.Alarm.L_Fault","DB50.DBX822.5",Boolean,1,RO,100,,,,,,,,,,"M5028左超宽",
"M5028.Alarm.LS_Fault","DB70.DBX55.2",Boolean,1,RO,100,,,,,,,,,,"M5028限位故障",
"M5028.Alarm.NoRead","DB50.DBX823.1",Boolean,1,RO,100,,,,,,,,,,"M5028条码未读出",
"M5028.Alarm.OutSideFault","DB70.DBX55.1",Boolean,1,RO,100,,,,,,,,,,"M5028货物超边故障",
"M5028.Alarm.PH_Fault","DB70.DBX54.6",Boolean,1,RO,100,,,,,,,,,,"M5028光电管异常",
"M5028.Alarm.QF_Fault","DB70.DBX54.4",Boolean,1,RO,100,,,,,,,,,,"M5028空开故障",
"M5028.Alarm.QS_Fault","DB70.DBX54.5",Boolean,1,RO,100,,,,,,,,,,"M5028隔离开关故障",
"M5028.Alarm.R_Fault","DB50.DBX822.6",Boolean,1,RO,100,,,,,,,,,,"M5028右超宽",
"M5028.Alarm.RFID_ReadFault","DB50.DBX823.3",Boolean,1,RO,100,,,,,,,,,,"M5028RFID读取错误",
"M5028.Alarm.RFID_WriteFault","DB50.DBX823.2",Boolean,1,RO,100,,,,,,,,,,"M5028RFID写入错误",
"M5028.Alarm.TimeOutFault","DB70.DBX54.3",Boolean,1,RO,100,,,,,,,,,,"M5028超时故障",
"M5028.Alarm.TM_JY_Fault","DB50.DBX823.0",Boolean,1,RO,100,,,,,,,,,,"M5028条码校验故障",
"M5028.Alarm.TotalFault","DB70.DBX54.1",Boolean,1,RO,100,,,,,,,,,,"M5028总故障",
"M5028.Alarm.WX_Fault","DB50.DBX822.1",Boolean,1,RO,100,,,,,,,,,,"M5028外形故障",
"M5028.Alarm.WX_TM_Fault","DB50.DBX822.0",Boolean,1,RO,100,,,,,,,,,,"M5028外形条码总故障",
"M5028.State.Allow","DB50.DBB829",Byte,1,RO,100,,,,,,,,,,"M5028允许拆盘",
"M5028.State.ForwardRun","DB70.DBX55.6",Boolean,1,RO,100,,,,,,,,,,"M5028正转运行",
"M5028.State.Get_Num","DB50.DBB828",Byte,1,RO,100,,,,,,,,,,"M5028已取数量",
"M5028.State.LastOne","DB50.DBX823.4",Boolean,1,RO,100,,,,,,,,,,"M5028强制推盘",
"M5028.State.Load","DB70.DBX55.5",Boolean,1,RO,100,,,,,,,,,,"M5028负载",
"M5028.State.MD_State1","DB50.DINT830",Long,1,RO,100,,,,,,,,,,"M5028码垛状态1",
"M5028.State.MD_State2","DB50.DBB834",Byte,1,RO,100,,,,,,,,,,"M5028码垛状态2",
"M5028.State.Need_Num","DB50.DBB827",Byte,1,RO,100,,,,,,,,,,"M5028要取数量",
"M5028.State.PH1","I102.1",Boolean,1,RO,100,,,,,,,,,,"5028减速光电",
"M5028.State.PH2","I102.3",Boolean,1,RO,100,,,,,,,,,,"5028到位光电1",
"M5028.State.PH3","I102.5",Boolean,1,RO,100,,,,,,,,,,"5028到位光电2",
"M5028.State.ReversalRun","DB70.DBX55.7",Boolean,1,RO,100,,,,,,,,,,"M5028反转运行",
"M5028.State.Runing","DB70.DBX54.0",Boolean,1,RO,100,,,,,,,,,,"M5028设备运行标志",
"M5028.State.SelectPlace","DB70.DBX54.7",Boolean,1,RO,100,,,,,,,,,,"M5028选中位",
"M5028.State.YX_DX","DB50.DBB825",Byte,1,RO,100,,,,,,,,,,"M5028码垛垛型",
"M5028.State.YX_Num","DB50.DBB826",Byte,1,RO,100,,,,,,,,,,"M5028烟箱数量",
"M5028.State.YX_Type","DB50.DBB824",Byte,1,RO,100,,,,,,,,,,"M5028烟箱类型",
"M5028.Task.Code","DB50.DINT812",Long,1,RO,100,,,,,,,,,,"M5028托盘条码",
"M5028.Task.DestSta","DB50.DBW820",Short,1,RO,100,,,,,,,,,,"M5028目标地址",
"M5028.Task.StartSta","DB50.DBW818",Short,1,RO,100,,,,,,,,,,"M5028起始地址",
"M5028.Task.Task","DB50.DBW810",Short,1,RO,100,,,,,,,,,,"M5028任务号",
"M5028.Task.TpType","DB50.DBW816",Short,1,RO,100,,,,,,,,,,"M5028货物类型",
"M5029.Alarm.B_Fault","DB50.DBX852.4",Boolean,1,RO,100,,,,,,,,,,"M5029后超长",
"M5029.Alarm.DriveFault","DB70.DBX56.2",Boolean,1,RO,100,,,,,,,,,,"M5029驱动器故障",
"M5029.Alarm.EstopFault","DB70.DBX57.3",Boolean,1,RO,100,,,,,,,,,,"M5029急停故障",
"M5029.Alarm.F_Fault","DB50.DBX852.3",Boolean,1,RO,100,,,,,,,,,,"M5029前超长",
"M5029.Alarm.H_Fault","DB50.DBX852.2",Boolean,1,RO,100,,,,,,,,,,"M5029超高",
"M5029.Alarm.L_Fault","DB50.DBX852.5",Boolean,1,RO,100,,,,,,,,,,"M5029左超宽",
"M5029.Alarm.LS_Fault","DB70.DBX57.2",Boolean,1,RO,100,,,,,,,,,,"M5029限位故障",
"M5029.Alarm.NoRead","DB50.DBX853.1",Boolean,1,RO,100,,,,,,,,,,"M5029条码未读出",
"M5029.Alarm.OutSideFault","DB70.DBX57.1",Boolean,1,RO,100,,,,,,,,,,"M5029货物超边故障",
"M5029.Alarm.PH_Fault","DB70.DBX56.6",Boolean,1,RO,100,,,,,,,,,,"M5029光电管异常",
"M5029.Alarm.QF_Fault","DB70.DBX56.4",Boolean,1,RO,100,,,,,,,,,,"M5029空开故障",
"M5029.Alarm.QS_Fault","DB70.DBX56.5",Boolean,1,RO,100,,,,,,,,,,"M5029隔离开关故障",
"M5029.Alarm.R_Fault","DB50.DBX852.6",Boolean,1,RO,100,,,,,,,,,,"M5029右超宽",
"M5029.Alarm.RFID_ReadFault","DB50.DBX853.3",Boolean,1,RO,100,,,,,,,,,,"M5029RFID读取错误",
"M5029.Alarm.RFID_WriteFault","DB50.DBX853.2",Boolean,1,RO,100,,,,,,,,,,"M5029RFID写入错误",
"M5029.Alarm.TimeOutFault","DB70.DBX56.3",Boolean,1,RO,100,,,,,,,,,,"M5029超时故障",
"M5029.Alarm.TM_JY_Fault","DB50.DBX853.0",Boolean,1,RO,100,,,,,,,,,,"M5029条码校验故障",
"M5029.Alarm.TotalFault","DB70.DBX56.1",Boolean,1,RO,100,,,,,,,,,,"M5029总故障",
"M5029.Alarm.WX_Fault","DB50.DBX852.1",Boolean,1,RO,100,,,,,,,,,,"M5029外形故障",
"M5029.Alarm.WX_TM_Fault","DB50.DBX852.0",Boolean,1,RO,100,,,,,,,,,,"M5029外形条码总故障",
"M5029.State.Allow","DB50.DBB859",Byte,1,RO,100,,,,,,,,,,"M5029允许拆盘",
"M5029.State.ForwardRun","DB70.DBX57.6",Boolean,1,RO,100,,,,,,,,,,"M5029正转运行",
"M5029.State.Get_Num","DB50.DBB858",Byte,1,RO,100,,,,,,,,,,"M5029已取数量",
"M5029.State.LastOne","DB50.DBX853.4",Boolean,1,RO,100,,,,,,,,,,"M5029强制推盘",
"M5029.State.Load","DB70.DBX57.5",Boolean,1,RO,100,,,,,,,,,,"M5029负载",
"M5029.State.M5029_1_FZ","Q359.1",Boolean,1,RO,100,,,,,,,,,,"5029.1反转",
"M5029.State.M5029_1_ZZ","Q359.0",Boolean,1,RO,100,,,,,,,,,,"5029.1正转",
"M5029.State.M5029_2_RF","Q355.0",Boolean,1,RO,100,,,,,,,,,,"5029.2上升",
"M5029.State.MD_State1","DB50.DINT860",Long,1,RO,100,,,,,,,,,,"M5029码垛状态1",
"M5029.State.MD_State2","DB50.DBB864",Byte,1,RO,100,,,,,,,,,,"M5029码垛状态2",
"M5029.State.Need_Num","DB50.DBB857",Byte,1,RO,100,,,,,,,,,,"M5029要取数量",
"M5029.State.PR1","I103.4",Boolean,1,RO,100,,,,,,,,,,"5029高位",
"M5029.State.PR2","I103.6",Boolean,1,RO,100,,,,,,,,,,"5029低位",
"M5029.State.ReversalRun","DB70.DBX57.7",Boolean,1,RO,100,,,,,,,,,,"M5029反转运行",
"M5029.State.Runing","DB70.DBX56.0",Boolean,1,RO,100,,,,,,,,,,"M5029设备运行标志",
"M5029.State.SelectPlace","DB70.DBX56.7",Boolean,1,RO,100,,,,,,,,,,"M5029选中位",
"M5029.State.YX_DX","DB50.DBB855",Byte,1,RO,100,,,,,,,,,,"M5029码垛垛型",
"M5029.State.YX_Num","DB50.DBB856",Byte,1,RO,100,,,,,,,,,,"M5029烟箱数量",
"M5029.State.YX_Type","DB50.DBB854",Byte,1,RO,100,,,,,,,,,,"M5029烟箱类型",
"M5029.Task.Code","DB50.DINT842",Long,1,RO,100,,,,,,,,,,"M5029托盘条码",
"M5029.Task.DestSta","DB50.DBW850",Short,1,RO,100,,,,,,,,,,"M5029目标地址",
"M5029.Task.StartSta","DB50.DBW848",Short,1,RO,100,,,,,,,,,,"M5029起始地址",
"M5029.Task.Task","DB50.DBW840",Short,1,RO,100,,,,,,,,,,"M5029任务号",
"M5029.Task.TpType","DB50.DBW846",Short,1,RO,100,,,,,,,,,,"M5029货物类型",
"M5030.Alarm.B_Fault","DB50.DBX882.4",Boolean,1,RO,100,,,,,,,,,,"M5030后超长",
"M5030.Alarm.DriveFault","DB70.DBX58.2",Boolean,1,RO,100,,,,,,,,,,"M5030驱动器故障",
"M5030.Alarm.EstopFault","DB70.DBX59.3",Boolean,1,RO,100,,,,,,,,,,"M5030急停故障",
"M5030.Alarm.F_Fault","DB50.DBX882.3",Boolean,1,RO,100,,,,,,,,,,"M5030前超长",
"M5030.Alarm.H_Fault","DB50.DBX882.2",Boolean,1,RO,100,,,,,,,,,,"M5030超高",
"M5030.Alarm.L_Fault","DB50.DBX882.5",Boolean,1,RO,100,,,,,,,,,,"M5030左超宽",
"M5030.Alarm.LS_Fault","DB70.DBX59.2",Boolean,1,RO,100,,,,,,,,,,"M5030限位故障",
"M5030.Alarm.NoRead","DB50.DBX883.1",Boolean,1,RO,100,,,,,,,,,,"M5030条码未读出",
"M5030.Alarm.OutSideFault","DB70.DBX59.1",Boolean,1,RO,100,,,,,,,,,,"M5030货物超边故障",
"M5030.Alarm.PH_Fault","DB70.DBX58.6",Boolean,1,RO,100,,,,,,,,,,"M5030光电管异常",
"M5030.Alarm.QF_Fault","DB70.DBX58.4",Boolean,1,RO,100,,,,,,,,,,"M5030空开故障",
"M5030.Alarm.QS_Fault","DB70.DBX58.5",Boolean,1,RO,100,,,,,,,,,,"M5030隔离开关故障",
"M5030.Alarm.R_Fault","DB50.DBX882.6",Boolean,1,RO,100,,,,,,,,,,"M5030右超宽",
"M5030.Alarm.RFID_ReadFault","DB50.DBX883.3",Boolean,1,RO,100,,,,,,,,,,"M5030RFID读取错误",
"M5030.Alarm.RFID_WriteFault","DB50.DBX883.2",Boolean,1,RO,100,,,,,,,,,,"M5030RFID写入错误",
"M5030.Alarm.TimeOutFault","DB70.DBX58.3",Boolean,1,RO,100,,,,,,,,,,"M5030超时故障",
"M5030.Alarm.TM_JY_Fault","DB50.DBX883.0",Boolean,1,RO,100,,,,,,,,,,"M5030条码校验故障",
"M5030.Alarm.TotalFault","DB70.DBX58.1",Boolean,1,RO,100,,,,,,,,,,"M5030总故障",
"M5030.Alarm.WX_Fault","DB50.DBX882.1",Boolean,1,RO,100,,,,,,,,,,"M5030外形故障",
"M5030.Alarm.WX_TM_Fault","DB50.DBX882.0",Boolean,1,RO,100,,,,,,,,,,"M5030外形条码总故障",
"M5030.State.Allow","DB50.DBB889",Byte,1,RO,100,,,,,,,,,,"M5030允许拆盘",
"M5030.State.ForwardRun","DB70.DBX59.6",Boolean,1,RO,100,,,,,,,,,,"M5030正转运行",
"M5030.State.Get_Num","DB50.DBB888",Byte,1,RO,100,,,,,,,,,,"M5030已取数量",
"M5030.State.LastOne","DB50.DBX883.4",Boolean,1,RO,100,,,,,,,,,,"M5030强制推盘",
"M5030.State.Load","DB70.DBX59.5",Boolean,1,RO,100,,,,,,,,,,"M5030负载",
"M5030.State.MD_State1","DB50.DINT890",Long,1,RO,100,,,,,,,,,,"M5030码垛状态1",
"M5030.State.MD_State2","DB50.DBB894",Byte,1,RO,100,,,,,,,,,,"M5030码垛状态2",
"M5030.State.Need_Num","DB50.DBB887",Byte,1,RO,100,,,,,,,,,,"M5030要取数量",
"M5030.State.PH1","I107.2",Boolean,1,RO,100,,,,,,,,,,"5030到位光电",
"M5030.State.ReversalRun","DB70.DBX59.7",Boolean,1,RO,100,,,,,,,,,,"M5030反转运行",
"M5030.State.Runing","DB70.DBX58.0",Boolean,1,RO,100,,,,,,,,,,"M5030设备运行标志",
"M5030.State.SelectPlace","DB70.DBX58.7",Boolean,1,RO,100,,,,,,,,,,"M5030选中位",
"M5030.State.YX_DX","DB50.DBB885",Byte,1,RO,100,,,,,,,,,,"M5030码垛垛型",
"M5030.State.YX_Num","DB50.DBB886",Byte,1,RO,100,,,,,,,,,,"M5030烟箱数量",
"M5030.State.YX_Type","DB50.DBB884",Byte,1,RO,100,,,,,,,,,,"M5030烟箱类型",
"M5030.Task.Code","DB50.DINT872",Long,1,RO,100,,,,,,,,,,"M5030托盘条码",
"M5030.Task.DestSta","DB50.DBW880",Short,1,RO,100,,,,,,,,,,"M5030目标地址",
"M5030.Task.StartSta","DB50.DBW878",Short,1,RO,100,,,,,,,,,,"M5030起始地址",
"M5030.Task.Task","DB50.DBW870",Short,1,RO,100,,,,,,,,,,"M5030任务号",
"M5030.Task.TpType","DB50.DBW876",Short,1,RO,100,,,,,,,,,,"M5030货物类型",
"M5031.Alarm.B_Fault","DB50.DBX912.4",Boolean,1,RO,100,,,,,,,,,,"M5031后超长",
"M5031.Alarm.DriveFault","DB70.DBX60.2",Boolean,1,RO,100,,,,,,,,,,"M5031驱动器故障",
"M5031.Alarm.EstopFault","DB70.DBX61.3",Boolean,1,RO,100,,,,,,,,,,"M5031急停故障",
"M5031.Alarm.F_Fault","DB50.DBX912.3",Boolean,1,RO,100,,,,,,,,,,"M5031前超长",
"M5031.Alarm.H_Fault","DB50.DBX912.2",Boolean,1,RO,100,,,,,,,,,,"M5031超高",
"M5031.Alarm.L_Fault","DB50.DBX912.5",Boolean,1,RO,100,,,,,,,,,,"M5031左超宽",
"M5031.Alarm.LS_Fault","DB70.DBX61.2",Boolean,1,RO,100,,,,,,,,,,"M5031限位故障",
"M5031.Alarm.NoRead","DB50.DBX913.1",Boolean,1,RO,100,,,,,,,,,,"M5031条码未读出",
"M5031.Alarm.OutSideFault","DB70.DBX61.1",Boolean,1,RO,100,,,,,,,,,,"M5031货物超边故障",
"M5031.Alarm.PH_Fault","DB70.DBX60.6",Boolean,1,RO,100,,,,,,,,,,"M5031光电管异常",
"M5031.Alarm.QF_Fault","DB70.DBX60.4",Boolean,1,RO,100,,,,,,,,,,"M5031空开故障",
"M5031.Alarm.QS_Fault","DB70.DBX60.5",Boolean,1,RO,100,,,,,,,,,,"M5031隔离开关故障",
"M5031.Alarm.R_Fault","DB50.DBX912.6",Boolean,1,RO,100,,,,,,,,,,"M5031右超宽",
"M5031.Alarm.RFID_ReadFault","DB50.DBX913.3",Boolean,1,RO,100,,,,,,,,,,"M5031RFID读取错误",
"M5031.Alarm.RFID_WriteFault","DB50.DBX913.2",Boolean,1,RO,100,,,,,,,,,,"M5031RFID写入错误",
"M5031.Alarm.TimeOutFault","DB70.DBX60.3",Boolean,1,RO,100,,,,,,,,,,"M5031超时故障",
"M5031.Alarm.TM_JY_Fault","DB50.DBX913.0",Boolean,1,RO,100,,,,,,,,,,"M5031条码校验故障",
"M5031.Alarm.TotalFault","DB70.DBX60.1",Boolean,1,RO,100,,,,,,,,,,"M5031总故障",
"M5031.Alarm.WX_Fault","DB50.DBX912.1",Boolean,1,RO,100,,,,,,,,,,"M5031外形故障",
"M5031.Alarm.WX_TM_Fault","DB50.DBX912.0",Boolean,1,RO,100,,,,,,,,,,"M5031外形条码总故障",
"M5031.State.Allow","DB50.DBB919",Byte,1,RO,100,,,,,,,,,,"M5031允许拆盘",
"M5031.State.ForwardRun","DB70.DBX61.6",Boolean,1,RO,100,,,,,,,,,,"M5031正转运行",
"M5031.State.Get_Num","DB50.DBB918",Byte,1,RO,100,,,,,,,,,,"M5031已取数量",
"M5031.State.LastOne","DB50.DBX913.4",Boolean,1,RO,100,,,,,,,,,,"M5031强制推盘",
"M5031.State.Load","DB70.DBX61.5",Boolean,1,RO,100,,,,,,,,,,"M5031负载",
"M5031.State.M5031_2_RF","Q357.0",Boolean,1,RO,100,,,,,,,,,,"5031.2上升",
"M5031.State.MD_State1","DB50.DINT920",Long,1,RO,100,,,,,,,,,,"M5031码垛状态1",
"M5031.State.MD_State2","DB50.DBB924",Byte,1,RO,100,,,,,,,,,,"M5031码垛状态2",
"M5031.State.Need_Num","DB50.DBB917",Byte,1,RO,100,,,,,,,,,,"M5031要取数量",
"M5031.State.PR1","I103.5",Boolean,1,RO,100,,,,,,,,,,"5031高位",
"M5031.State.PR2","I103.7",Boolean,1,RO,100,,,,,,,,,,"5031低位",
"M5031.State.ReversalRun","DB70.DBX61.7",Boolean,1,RO,100,,,,,,,,,,"M5031反转运行",
"M5031.State.Runing","DB70.DBX60.0",Boolean,1,RO,100,,,,,,,,,,"M5031设备运行标志",
"M5031.State.SelectPlace","DB70.DBX60.7",Boolean,1,RO,100,,,,,,,,,,"M5031选中位",
"M5031.State.YX_DX","DB50.DBB915",Byte,1,RO,100,,,,,,,,,,"M5031码垛垛型",
"M5031.State.YX_Num","DB50.DBB916",Byte,1,RO,100,,,,,,,,,,"M5031烟箱数量",
"M5031.State.YX_Type","DB50.DBB914",Byte,1,RO,100,,,,,,,,,,"M5031烟箱类型",
"M5031.Task.Code","DB50.DINT902",Long,1,RO,100,,,,,,,,,,"M5031托盘条码",
"M5031.Task.DestSta","DB50.DBW910",Short,1,RO,100,,,,,,,,,,"M5031目标地址",
"M5031.Task.StartSta","DB50.DBW908",Short,1,RO,100,,,,,,,,,,"M5031起始地址",
"M5031.Task.Task","DB50.DBW900",Short,1,RO,100,,,,,,,,,,"M5031任务号",
"M5031.Task.TpType","DB50.DBW906",Short,1,RO,100,,,,,,,,,,"M5031货物类型",
"M5032.Alarm.B_Fault","DB50.DBX942.4",Boolean,1,RO,100,,,,,,,,,,"M5032后超长",
"M5032.Alarm.DriveFault","DB70.DBX62.2",Boolean,1,RO,100,,,,,,,,,,"M5032驱动器故障",
"M5032.Alarm.EstopFault","DB70.DBX63.3",Boolean,1,RO,100,,,,,,,,,,"M5032急停故障",
"M5032.Alarm.F_Fault","DB50.DBX942.3",Boolean,1,RO,100,,,,,,,,,,"M5032前超长",
"M5032.Alarm.H_Fault","DB50.DBX942.2",Boolean,1,RO,100,,,,,,,,,,"M5032超高",
"M5032.Alarm.L_Fault","DB50.DBX942.5",Boolean,1,RO,100,,,,,,,,,,"M5032左超宽",
"M5032.Alarm.LS_Fault","DB70.DBX63.2",Boolean,1,RO,100,,,,,,,,,,"M5032限位故障",
"M5032.Alarm.NoRead","DB50.DBX943.1",Boolean,1,RO,100,,,,,,,,,,"M5032条码未读出",
"M5032.Alarm.OutSideFault","DB70.DBX63.1",Boolean,1,RO,100,,,,,,,,,,"M5032货物超边故障",
"M5032.Alarm.PH_Fault","DB70.DBX62.6",Boolean,1,RO,100,,,,,,,,,,"M5032光电管异常",
"M5032.Alarm.QF_Fault","DB70.DBX62.4",Boolean,1,RO,100,,,,,,,,,,"M5032空开故障",
"M5032.Alarm.QS_Fault","DB70.DBX62.5",Boolean,1,RO,100,,,,,,,,,,"M5032隔离开关故障",
"M5032.Alarm.R_Fault","DB50.DBX942.6",Boolean,1,RO,100,,,,,,,,,,"M5032右超宽",
"M5032.Alarm.RFID_ReadFault","DB50.DBX943.3",Boolean,1,RO,100,,,,,,,,,,"M5032RFID读取错误",
"M5032.Alarm.RFID_WriteFault","DB50.DBX943.2",Boolean,1,RO,100,,,,,,,,,,"M5032RFID写入错误",
"M5032.Alarm.TimeOutFault","DB70.DBX62.3",Boolean,1,RO,100,,,,,,,,,,"M5032超时故障",
"M5032.Alarm.TM_JY_Fault","DB50.DBX943.0",Boolean,1,RO,100,,,,,,,,,,"M5032条码校验故障",
"M5032.Alarm.TotalFault","DB70.DBX62.1",Boolean,1,RO,100,,,,,,,,,,"M5032总故障",
"M5032.Alarm.WX_Fault","DB50.DBX942.1",Boolean,1,RO,100,,,,,,,,,,"M5032外形故障",
"M5032.Alarm.WX_TM_Fault","DB50.DBX942.0",Boolean,1,RO,100,,,,,,,,,,"M5032外形条码总故障",
"M5032.State.Allow","DB50.DBB949",Byte,1,RO,100,,,,,,,,,,"M5032允许拆盘",
"M5032.State.ForwardRun","DB70.DBX63.6",Boolean,1,RO,100,,,,,,,,,,"M5032正转运行",
"M5032.State.Get_Num","DB50.DBB948",Byte,1,RO,100,,,,,,,,,,"M5032已取数量",
"M5032.State.LastOne","DB50.DBX943.4",Boolean,1,RO,100,,,,,,,,,,"M5032强制推盘",
"M5032.State.Load","DB70.DBX63.5",Boolean,1,RO,100,,,,,,,,,,"M5032负载",
"M5032.State.M5032_DOWN","Q34.2",Boolean,1,RO,100,,,,,,,,,,"5032气缸下降",
"M5032.State.M5032_UP","Q34.0",Boolean,1,RO,100,,,,,,,,,,"5032气缸上升",
"M5032.State.MD_State1","DB50.DINT950",Long,1,RO,100,,,,,,,,,,"M5032码垛状态1",
"M5032.State.MD_State2","DB50.DBB954",Byte,1,RO,100,,,,,,,,,,"M5032码垛状态2",
"M5032.State.MS5032_1","I111.3",Boolean,1,RO,100,,,,,,,,,,"5032气缸高位",
"M5032.State.MS5032_2","I111.5",Boolean,1,RO,100,,,,,,,,,,"5032气缸低位",
"M5032.State.Need_Num","DB50.DBB947",Byte,1,RO,100,,,,,,,,,,"M5032要取数量",
"M5032.State.PH1","I111.2",Boolean,1,RO,100,,,,,,,,,,"5032减速光电1",
"M5032.State.PH2","I111.4",Boolean,1,RO,100,,,,,,,,,,"5032到位光电1",
"M5032.State.PH3","I111.6",Boolean,1,RO,100,,,,,,,,,,"5032减速光电2",
"M5032.State.PH4","I111.1",Boolean,1,RO,100,,,,,,,,,,"5032到位光电2",
"M5032.State.ReversalRun","DB70.DBX63.7",Boolean,1,RO,100,,,,,,,,,,"M5032反转运行",
"M5032.State.Runing","DB70.DBX62.0",Boolean,1,RO,100,,,,,,,,,,"M5032设备运行标志",
"M5032.State.SelectPlace","DB70.DBX62.7",Boolean,1,RO,100,,,,,,,,,,"M5032选中位",
"M5032.State.YX_DX","DB50.DBB945",Byte,1,RO,100,,,,,,,,,,"M5032码垛垛型",
"M5032.State.YX_Num","DB50.DBB946",Byte,1,RO,100,,,,,,,,,,"M5032烟箱数量",
"M5032.State.YX_Type","DB50.DBB944",Byte,1,RO,100,,,,,,,,,,"M5032烟箱类型",
"M5032.Task.Code","DB50.DINT932",Long,1,RO,100,,,,,,,,,,"M5032托盘条码",
"M5032.Task.DestSta","DB50.DBW940",Short,1,RO,100,,,,,,,,,,"M5032目标地址",
"M5032.Task.StartSta","DB50.DBW938",Short,1,RO,100,,,,,,,,,,"M5032起始地址",
"M5032.Task.Task","DB50.DBW930",Short,1,RO,100,,,,,,,,,,"M5032任务号",
"M5032.Task.TpType","DB50.DBW936",Short,1,RO,100,,,,,,,,,,"M5032货物类型",
"M5033.Alarm.B_Fault","DB50.DBX972.4",Boolean,1,RO,100,,,,,,,,,,"M5033后超长",
"M5033.Alarm.DriveFault","DB70.DBX64.2",Boolean,1,RO,100,,,,,,,,,,"M5033驱动器故障",
"M5033.Alarm.EstopFault","DB70.DBX65.3",Boolean,1,RO,100,,,,,,,,,,"M5033急停故障",
"M5033.Alarm.F_Fault","DB50.DBX972.3",Boolean,1,RO,100,,,,,,,,,,"M5033前超长",
"M5033.Alarm.H_Fault","DB50.DBX972.2",Boolean,1,RO,100,,,,,,,,,,"M5033超高",
"M5033.Alarm.L_Fault","DB50.DBX972.5",Boolean,1,RO,100,,,,,,,,,,"M5033左超宽",
"M5033.Alarm.LS_Fault","DB70.DBX65.2",Boolean,1,RO,100,,,,,,,,,,"M5033限位故障",
"M5033.Alarm.NoRead","DB50.DBX973.1",Boolean,1,RO,100,,,,,,,,,,"M5033条码未读出",
"M5033.Alarm.OutSideFault","DB70.DBX65.1",Boolean,1,RO,100,,,,,,,,,,"M5033货物超边故障",
"M5033.Alarm.PH_Fault","DB70.DBX64.6",Boolean,1,RO,100,,,,,,,,,,"M5033光电管异常",
"M5033.Alarm.QF_Fault","DB70.DBX64.4",Boolean,1,RO,100,,,,,,,,,,"M5033空开故障",
"M5033.Alarm.QS_Fault","DB70.DBX64.5",Boolean,1,RO,100,,,,,,,,,,"M5033隔离开关故障",
"M5033.Alarm.R_Fault","DB50.DBX972.6",Boolean,1,RO,100,,,,,,,,,,"M5033右超宽",
"M5033.Alarm.RFID_ReadFault","DB50.DBX973.3",Boolean,1,RO,100,,,,,,,,,,"M5033RFID读取错误",
"M5033.Alarm.RFID_WriteFault","DB50.DBX973.2",Boolean,1,RO,100,,,,,,,,,,"M5033RFID写入错误",
"M5033.Alarm.STV_TimeOut","MX1101.2",Boolean,1,RO,100,,,,,,,,,,"M5033环穿任务超时",
"M5033.Alarm.TimeOutFault","DB70.DBX64.3",Boolean,1,RO,100,,,,,,,,,,"M5033超时故障",
"M5033.Alarm.TM_JY_Fault","DB50.DBX973.0",Boolean,1,RO,100,,,,,,,,,,"M5033条码校验故障",
"M5033.Alarm.TotalFault","DB70.DBX64.1",Boolean,1,RO,100,,,,,,,,,,"M5033总故障",
"M5033.Alarm.WX_Fault","DB50.DBX972.1",Boolean,1,RO,100,,,,,,,,,,"M5033外形故障",
"M5033.Alarm.WX_TM_Fault","DB50.DBX972.0",Boolean,1,RO,100,,,,,,,,,,"M5033外形条码总故障",
"M5033.State.Allow","DB50.DBB979",Byte,1,RO,100,,,,,,,,,,"M5033允许拆盘",
"M5033.State.ForwardRun","DB70.DBX65.6",Boolean,1,RO,100,,,,,,,,,,"M5033正转运行",
"M5033.State.Get_Num","DB50.DBB978",Byte,1,RO,100,,,,,,,,,,"M5033已取数量",
"M5033.State.GET_OK1","Q121.4",Boolean,1,RO,100,,,,,,,,,,"5033取货OK",
"M5033.State.GET_REQ","I134.0",Boolean,1,RO,100,,,,,,,,,,"5033环穿请求取货",
"M5033.State.LastOne","DB50.DBX973.4",Boolean,1,RO,100,,,,,,,,,,"M5033强制推盘",
"M5033.State.Load","DB70.DBX65.5",Boolean,1,RO,100,,,,,,,,,,"M5033负载",
"M5033.State.MD_State1","DB50.DINT980",Long,1,RO,100,,,,,,,,,,"M5033码垛状态1",
"M5033.State.MD_State2","DB50.DBB984",Byte,1,RO,100,,,,,,,,,,"M5033码垛状态2",
"M5033.State.MS_RUN2","Q121.6",Boolean,1,RO,100,,,,,,,,,,"5033MS可以行走",
"M5033.State.Need_Num","DB50.DBB977",Byte,1,RO,100,,,,,,,,,,"M5033要取数量",
"M5033.State.PH1","I124.2",Boolean,1,RO,100,,,,,,,,,,"5033减速光电",
"M5033.State.PH2","I124.4",Boolean,1,RO,100,,,,,,,,,,"5033到位光电",
"M5033.State.PH3","I124.6",Boolean,1,RO,100,,,,,,,,,,"5033对射保护光电",
"M5033.State.READY","Q35.2",Boolean,1,RO,100,,,,,,,,,,"5033准备好",
"M5033.State.ReversalRun","DB70.DBX65.7",Boolean,1,RO,100,,,,,,,,,,"M5033反转运行",
"M5033.State.Runing","DB70.DBX64.0",Boolean,1,RO,100,,,,,,,,,,"M5033设备运行标志",
"M5033.State.RUNNING","Q35.0",Boolean,1,RO,100,,,,,,,,,,"5033移栽中",
"M5033.State.SelectPlace","DB70.DBX64.7",Boolean,1,RO,100,,,,,,,,,,"M5033选中位",
"M5033.State.YX_DX","DB50.DBB975",Byte,1,RO,100,,,,,,,,,,"M5033码垛垛型",
"M5033.State.YX_Num","DB50.DBB976",Byte,1,RO,100,,,,,,,,,,"M5033烟箱数量",
"M5033.State.YX_Type","DB50.DBB974",Byte,1,RO,100,,,,,,,,,,"M5033烟箱类型",
"M5033.State.YZ_OK3","Q121.1",Boolean,1,RO,100,,,,,,,,,,"5033移栽OK",
"M5033.Task.Code","DB50.DINT962",Long,1,RO,100,,,,,,,,,,"M5033托盘条码",
"M5033.Task.DestSta","DB50.DBW970",Short,1,RO,100,,,,,,,,,,"M5033目标地址",
"M5033.Task.StartSta","DB50.DBW968",Short,1,RO,100,,,,,,,,,,"M5033起始地址",
"M5033.Task.Task","DB50.DBW960",Short,1,RO,100,,,,,,,,,,"M5033任务号",
"M5033.Task.TpType","DB50.DBW966",Short,1,RO,100,,,,,,,,,,"M5033货物类型",
"M5034.Alarm.B_Fault","DB50.DBX1002.4",Boolean,1,RO,100,,,,,,,,,,"M5034后超长",
"M5034.Alarm.DriveFault","DB70.DBX66.2",Boolean,1,RO,100,,,,,,,,,,"M5034驱动器故障",
"M5034.Alarm.EstopFault","DB70.DBX67.3",Boolean,1,RO,100,,,,,,,,,,"M5034急停故障",
"M5034.Alarm.F_Fault","DB50.DBX1002.3",Boolean,1,RO,100,,,,,,,,,,"M5034前超长",
"M5034.Alarm.H_Fault","DB50.DBX1002.2",Boolean,1,RO,100,,,,,,,,,,"M5034超高",
"M5034.Alarm.L_Fault","DB50.DBX1002.5",Boolean,1,RO,100,,,,,,,,,,"M5034左超宽",
"M5034.Alarm.LS_Fault","DB70.DBX67.2",Boolean,1,RO,100,,,,,,,,,,"M5034限位故障",
"M5034.Alarm.NoRead","DB50.DBX1003.1",Boolean,1,RO,100,,,,,,,,,,"M5034条码未读出",
"M5034.Alarm.OutSideFault","DB70.DBX67.1",Boolean,1,RO,100,,,,,,,,,,"M5034货物超边故障",
"M5034.Alarm.PH_Fault","DB70.DBX66.6",Boolean,1,RO,100,,,,,,,,,,"M5034光电管异常",
"M5034.Alarm.QF_Fault","DB70.DBX66.4",Boolean,1,RO,100,,,,,,,,,,"M5034空开故障",
"M5034.Alarm.QS_Fault","DB70.DBX66.5",Boolean,1,RO,100,,,,,,,,,,"M5034隔离开关故障",
"M5034.Alarm.R_Fault","DB50.DBX1002.6",Boolean,1,RO,100,,,,,,,,,,"M5034右超宽",
"M5034.Alarm.RFID_ReadFault","DB50.DBX1003.3",Boolean,1,RO,100,,,,,,,,,,"M5034RFID读取错误",
"M5034.Alarm.RFID_WriteFault","DB50.DBX1003.2",Boolean,1,RO,100,,,,,,,,,,"M5034RFID写入错误",
"M5034.Alarm.TimeOutFault","DB70.DBX66.3",Boolean,1,RO,100,,,,,,,,,,"M5034超时故障",
"M5034.Alarm.TM_JY_Fault","DB50.DBX1003.0",Boolean,1,RO,100,,,,,,,,,,"M5034条码校验故障",
"M5034.Alarm.TotalFault","DB70.DBX66.1",Boolean,1,RO,100,,,,,,,,,,"M5034总故障",
"M5034.Alarm.WX_Fault","DB50.DBX1002.1",Boolean,1,RO,100,,,,,,,,,,"M5034外形故障",
"M5034.Alarm.WX_TM_Fault","DB50.DBX1002.0",Boolean,1,RO,100,,,,,,,,,,"M5034外形条码总故障",
"M5034.State.Allow","DB50.DBB1009",Byte,1,RO,100,,,,,,,,,,"M5034允许拆盘",
"M5034.State.ForwardRun","DB70.DBX67.6",Boolean,1,RO,100,,,,,,,,,,"M5034正转运行",
"M5034.State.Get_Num","DB50.DBB1008",Byte,1,RO,100,,,,,,,,,,"M5034已取数量",
"M5034.State.LastOne","DB50.DBX1003.4",Boolean,1,RO,100,,,,,,,,,,"M5034强制推盘",
"M5034.State.Load","DB70.DBX67.5",Boolean,1,RO,100,,,,,,,,,,"M5034负载",
"M5034.State.M5034_2_RF","Q365.0",Boolean,1,RO,100,,,,,,,,,,"5034.2上升",
"M5034.State.MD_State1","DB50.DINT1010",Long,1,RO,100,,,,,,,,,,"M5034码垛状态1",
"M5034.State.MD_State2","DB50.DBB1014",Byte,1,RO,100,,,,,,,,,,"M5034码垛状态2",
"M5034.State.Need_Num","DB50.DBB1007",Byte,1,RO,100,,,,,,,,,,"M5034要取数量",
"M5034.State.PR5034_1","I124.5",Boolean,1,RO,100,,,,,,,,,,"5034高位",
"M5034.State.PR5034_2","I124.7",Boolean,1,RO,100,,,,,,,,,,"5034低位",
"M5034.State.ReversalRun","DB70.DBX67.7",Boolean,1,RO,100,,,,,,,,,,"M5034反转运行",
"M5034.State.Runing","DB70.DBX66.0",Boolean,1,RO,100,,,,,,,,,,"M5034设备运行标志",
"M5034.State.SelectPlace","DB70.DBX66.7",Boolean,1,RO,100,,,,,,,,,,"M5034选中位",
"M5034.State.YX_DX","DB50.DBB1005",Byte,1,RO,100,,,,,,,,,,"M5034码垛垛型",
"M5034.State.YX_Num","DB50.DBB1006",Byte,1,RO,100,,,,,,,,,,"M5034烟箱数量",
"M5034.State.YX_Type","DB50.DBB1004",Byte,1,RO,100,,,,,,,,,,"M5034烟箱类型",
"M5034.Task.Code","DB50.DINT992",Long,1,RO,100,,,,,,,,,,"M5034托盘条码",
"M5034.Task.DestSta","DB50.DBW1000",Short,1,RO,100,,,,,,,,,,"M5034目标地址",
"M5034.Task.StartSta","DB50.DBW998",Short,1,RO,100,,,,,,,,,,"M5034起始地址",
"M5034.Task.Task","DB50.DBW990",Short,1,RO,100,,,,,,,,,,"M5034任务号",
"M5034.Task.TpType","DB50.DBW996",Short,1,RO,100,,,,,,,,,,"M5034货物类型",
"M5035.Alarm.B_Fault","DB50.DBX1032.4",Boolean,1,RO,100,,,,,,,,,,"M5035后超长",
"M5035.Alarm.DriveFault","DB70.DBX68.2",Boolean,1,RO,100,,,,,,,,,,"M5035驱动器故障",
"M5035.Alarm.EstopFault","DB70.DBX69.3",Boolean,1,RO,100,,,,,,,,,,"M5035急停故障",
"M5035.Alarm.F_Fault","DB50.DBX1032.3",Boolean,1,RO,100,,,,,,,,,,"M5035前超长",
"M5035.Alarm.H_Fault","DB50.DBX1032.2",Boolean,1,RO,100,,,,,,,,,,"M5035超高",
"M5035.Alarm.L_Fault","DB50.DBX1032.5",Boolean,1,RO,100,,,,,,,,,,"M5035左超宽",
"M5035.Alarm.LS_Fault","DB70.DBX69.2",Boolean,1,RO,100,,,,,,,,,,"M5035限位故障",
"M5035.Alarm.NoRead","DB50.DBX1033.1",Boolean,1,RO,100,,,,,,,,,,"M5035条码未读出",
"M5035.Alarm.OutSideFault","DB70.DBX69.1",Boolean,1,RO,100,,,,,,,,,,"M5035货物超边故障",
"M5035.Alarm.PH_Fault","DB70.DBX68.6",Boolean,1,RO,100,,,,,,,,,,"M5035光电管异常",
"M5035.Alarm.QF_Fault","DB70.DBX68.4",Boolean,1,RO,100,,,,,,,,,,"M5035空开故障",
"M5035.Alarm.QS_Fault","DB70.DBX68.5",Boolean,1,RO,100,,,,,,,,,,"M5035隔离开关故障",
"M5035.Alarm.R_Fault","DB50.DBX1032.6",Boolean,1,RO,100,,,,,,,,,,"M5035右超宽",
"M5035.Alarm.RFID_ReadFault","DB50.DBX1033.3",Boolean,1,RO,100,,,,,,,,,,"M5035RFID读取错误",
"M5035.Alarm.RFID_WriteFault","DB50.DBX1033.2",Boolean,1,RO,100,,,,,,,,,,"M5035RFID写入错误",
"M5035.Alarm.TimeOutFault","DB70.DBX68.3",Boolean,1,RO,100,,,,,,,,,,"M5035超时故障",
"M5035.Alarm.TM_JY_Fault","DB50.DBX1033.0",Boolean,1,RO,100,,,,,,,,,,"M5035条码校验故障",
"M5035.Alarm.TotalFault","DB70.DBX68.1",Boolean,1,RO,100,,,,,,,,,,"M5035总故障",
"M5035.Alarm.WX_Fault","DB50.DBX1032.1",Boolean,1,RO,100,,,,,,,,,,"M5035外形故障",
"M5035.Alarm.WX_TM_Fault","DB50.DBX1032.0",Boolean,1,RO,100,,,,,,,,,,"M5035外形条码总故障",
"M5035.State.Allow","DB50.DBB1039",Byte,1,RO,100,,,,,,,,,,"M5035允许拆盘",
"M5035.State.ForwardRun","DB70.DBX69.6",Boolean,1,RO,100,,,,,,,,,,"M5035正转运行",
"M5035.State.Get_Num","DB50.DBB1038",Byte,1,RO,100,,,,,,,,,,"M5035已取数量",
"M5035.State.LastOne","DB50.DBX1033.4",Boolean,1,RO,100,,,,,,,,,,"M5035强制推盘",
"M5035.State.Load","DB70.DBX69.5",Boolean,1,RO,100,,,,,,,,,,"M5035负载",
"M5035.State.M5035_ZZ","Q369.0",Boolean,1,RO,100,,,,,,,,,,"5035正转",
"M5035.State.M5035-FZ","Q369.1",Boolean,1,RO,100,,,,,,,,,,"5035反转",
"M5035.State.MD_State1","DB50.DINT1040",Long,1,RO,100,,,,,,,,,,"M5035码垛状态1",
"M5035.State.MD_State2","DB50.DBB1044",Byte,1,RO,100,,,,,,,,,,"M5035码垛状态2",
"M5035.State.Need_Num","DB50.DBB1037",Byte,1,RO,100,,,,,,,,,,"M5035要取数量",
"M5035.State.PH1","I125.2",Boolean,1,RO,100,,,,,,,,,,"5035减速光电",
"M5035.State.PH2","I125.4",Boolean,1,RO,100,,,,,,,,,,"5035到位光电1",
"M5035.State.PH3","I125.6",Boolean,1,RO,100,,,,,,,,,,"5035到位光电2",
"M5035.State.ReversalRun","DB70.DBX69.7",Boolean,1,RO,100,,,,,,,,,,"M5035反转运行",
"M5035.State.Runing","DB70.DBX68.0",Boolean,1,RO,100,,,,,,,,,,"M5035设备运行标志",
"M5035.State.SelectPlace","DB70.DBX68.7",Boolean,1,RO,100,,,,,,,,,,"M5035选中位",
"M5035.State.YX_DX","DB50.DBB1035",Byte,1,RO,100,,,,,,,,,,"M5035码垛垛型",
"M5035.State.YX_Num","DB50.DBB1036",Byte,1,RO,100,,,,,,,,,,"M5035烟箱数量",
"M5035.State.YX_Type","DB50.DBB1034",Byte,1,RO,100,,,,,,,,,,"M5035烟箱类型",
"M5035.Task.Code","DB50.DINT1022",Long,1,RO,100,,,,,,,,,,"M5035托盘条码",
"M5035.Task.DestSta","DB50.DBW1030",Short,1,RO,100,,,,,,,,,,"M5035目标地址",
"M5035.Task.StartSta","DB50.DBW1028",Short,1,RO,100,,,,,,,,,,"M5035起始地址",
"M5035.Task.Task","DB50.DBW1020",Short,1,RO,100,,,,,,,,,,"M5035任务号",
"M5035.Task.TpType","DB50.DBW1026",Short,1,RO,100,,,,,,,,,,"M5035货物类型",
"M5036.Alarm.B_Fault","DB50.DBX1062.4",Boolean,1,RO,100,,,,,,,,,,"M5036后超长",
"M5036.Alarm.DriveFault","DB70.DBX70.2",Boolean,1,RO,100,,,,,,,,,,"M5036驱动器故障",
"M5036.Alarm.EstopFault","DB70.DBX71.3",Boolean,1,RO,100,,,,,,,,,,"M5036急停故障",
"M5036.Alarm.F_Fault","DB50.DBX1062.3",Boolean,1,RO,100,,,,,,,,,,"M5036前超长",
"M5036.Alarm.H_Fault","DB50.DBX1062.2",Boolean,1,RO,100,,,,,,,,,,"M5036超高",
"M5036.Alarm.L_Fault","DB50.DBX1062.5",Boolean,1,RO,100,,,,,,,,,,"M5036左超宽",
"M5036.Alarm.LS_Fault","DB70.DBX71.2",Boolean,1,RO,100,,,,,,,,,,"M5036限位故障",
"M5036.Alarm.NoRead","DB50.DBX1063.1",Boolean,1,RO,100,,,,,,,,,,"M5036条码未读出",
"M5036.Alarm.OutSideFault","DB70.DBX71.1",Boolean,1,RO,100,,,,,,,,,,"M5036货物超边故障",
"M5036.Alarm.PH_Fault","DB70.DBX70.6",Boolean,1,RO,100,,,,,,,,,,"M5036光电管异常",
"M5036.Alarm.QF_Fault","DB70.DBX70.4",Boolean,1,RO,100,,,,,,,,,,"M5036空开故障",
"M5036.Alarm.QS_Fault","DB70.DBX70.5",Boolean,1,RO,100,,,,,,,,,,"M5036隔离开关故障",
"M5036.Alarm.R_Fault","DB50.DBX1062.6",Boolean,1,RO,100,,,,,,,,,,"M5036右超宽",
"M5036.Alarm.RFID_ReadFault","DB50.DBX1063.3",Boolean,1,RO,100,,,,,,,,,,"M5036RFID读取错误",
"M5036.Alarm.RFID_WriteFault","DB50.DBX1063.2",Boolean,1,RO,100,,,,,,,,,,"M5036RFID写入错误",
"M5036.Alarm.STV_TimeOut","MX1101.3",Boolean,1,RO,100,,,,,,,,,,"M5036环穿任务超时",
"M5036.Alarm.TimeOutFault","DB70.DBX70.3",Boolean,1,RO,100,,,,,,,,,,"M5036超时故障",
"M5036.Alarm.TM_JY_Fault","DB50.DBX1063.0",Boolean,1,RO,100,,,,,,,,,,"M5036条码校验故障",
"M5036.Alarm.TotalFault","DB70.DBX70.1",Boolean,1,RO,100,,,,,,,,,,"M5036总故障",
"M5036.Alarm.WX_Fault","DB50.DBX1062.1",Boolean,1,RO,100,,,,,,,,,,"M5036外形故障",
"M5036.Alarm.WX_TM_Fault","DB50.DBX1062.0",Boolean,1,RO,100,,,,,,,,,,"M5036外形条码总故障",
"M5036.State.Allow","DB50.DBB1069",Byte,1,RO,100,,,,,,,,,,"M5036允许拆盘",
"M5036.State.ForwardRun","DB70.DBX71.6",Boolean,1,RO,100,,,,,,,,,,"M5036正转运行",
"M5036.State.Get_Num","DB50.DBB1068",Byte,1,RO,100,,,,,,,,,,"M5036已取数量",
"M5036.State.GET_OK1","Q120.7",Boolean,1,RO,100,,,,,,,,,,"5036取货OK",
"M5036.State.GET_REQ","I134.2",Boolean,1,RO,100,,,,,,,,,,"5036环穿请求取货",
"M5036.State.LastOne","DB50.DBX1063.4",Boolean,1,RO,100,,,,,,,,,,"M5036强制推盘",
"M5036.State.Load","DB70.DBX71.5",Boolean,1,RO,100,,,,,,,,,,"M5036负载",
"M5036.State.M5036_DOWN","Q34.6",Boolean,1,RO,100,,,,,,,,,,"5036气缸下降",
"M5036.State.M5036_RUNNING","Q35.4",Boolean,1,RO,100,,,,,,,,,,"5036移栽中",
"M5036.State.M5036_UP","Q34.4",Boolean,1,RO,100,,,,,,,,,,"5036气缸上升",
"M5036.State.M5036-READY","Q35.6",Boolean,1,RO,100,,,,,,,,,,"5036准备好",
"M5036.State.MD_State1","DB50.DINT1070",Long,1,RO,100,,,,,,,,,,"M5036码垛状态1",
"M5036.State.MD_State2","DB50.DBB1074",Byte,1,RO,100,,,,,,,,,,"M5036码垛状态2",
"M5036.State.MS_RUN2","Q121.0",Boolean,1,RO,100,,,,,,,,,,"5036MS可以行走",
"M5036.State.MS5036_1","I130.1",Boolean,1,RO,100,,,,,,,,,,"5036气缸高位",
"M5036.State.MS5036_2","I130.3",Boolean,1,RO,100,,,,,,,,,,"5036气缸低位",
"M5036.State.Need_Num","DB50.DBB1067",Byte,1,RO,100,,,,,,,,,,"M5036要取数量",
"M5036.State.PH1","I130.2",Boolean,1,RO,100,,,,,,,,,,"5036减速光电",
"M5036.State.PH2","I130.4",Boolean,1,RO,100,,,,,,,,,,"5036到位光电",
"M5036.State.PH3","I130.6",Boolean,1,RO,100,,,,,,,,,,"5036对射保护光电",
"M5036.State.ReversalRun","DB70.DBX71.7",Boolean,1,RO,100,,,,,,,,,,"M5036反转运行",
"M5036.State.Runing","DB70.DBX70.0",Boolean,1,RO,100,,,,,,,,,,"M5036设备运行标志",
"M5036.State.SelectPlace","DB70.DBX70.7",Boolean,1,RO,100,,,,,,,,,,"M5036选中位",
"M5036.State.YX_DX","DB50.DBB1065",Byte,1,RO,100,,,,,,,,,,"M5036码垛垛型",
"M5036.State.YX_Num","DB50.DBB1066",Byte,1,RO,100,,,,,,,,,,"M5036烟箱数量",
"M5036.State.YX_Type","DB50.DBB1064",Byte,1,RO,100,,,,,,,,,,"M5036烟箱类型",
"M5036.State.YZ_OK3","Q121.2",Boolean,1,RO,100,,,,,,,,,,"5036移栽OK",
"M5036.Task.Code","DB50.DINT1052",Long,1,RO,100,,,,,,,,,,"M5036托盘条码",
"M5036.Task.DestSta","DB50.DBW1060",Short,1,RO,100,,,,,,,,,,"M5036目标地址",
"M5036.Task.StartSta","DB50.DBW1058",Short,1,RO,100,,,,,,,,,,"M5036起始地址",
"M5036.Task.Task","DB50.DBW1050",Short,1,RO,100,,,,,,,,,,"M5036任务号",
"M5036.Task.TpType","DB50.DBW1056",Short,1,RO,100,,,,,,,,,,"M5036货物类型",
"M5037.Alarm.B_Fault","DB50.DBX1092.4",Boolean,1,RO,100,,,,,,,,,,"M5037后超长",
"M5037.Alarm.DriveFault","DB70.DBX72.2",Boolean,1,RO,100,,,,,,,,,,"M5037驱动器故障",
"M5037.Alarm.EstopFault","DB70.DBX73.3",Boolean,1,RO,100,,,,,,,,,,"M5037急停故障",
"M5037.Alarm.F_Fault","DB50.DBX1092.3",Boolean,1,RO,100,,,,,,,,,,"M5037前超长",
"M5037.Alarm.H_Fault","DB50.DBX1092.2",Boolean,1,RO,100,,,,,,,,,,"M5037超高",
"M5037.Alarm.L_Fault","DB50.DBX1092.5",Boolean,1,RO,100,,,,,,,,,,"M5037左超宽",
"M5037.Alarm.LS_Fault","DB70.DBX73.2",Boolean,1,RO,100,,,,,,,,,,"M5037限位故障",
"M5037.Alarm.NoRead","DB50.DBX1093.1",Boolean,1,RO,100,,,,,,,,,,"M5037条码未读出",
"M5037.Alarm.OutSideFault","DB70.DBX73.1",Boolean,1,RO,100,,,,,,,,,,"M5037货物超边故障",
"M5037.Alarm.PH_Fault","DB70.DBX72.6",Boolean,1,RO,100,,,,,,,,,,"M5037光电管异常",
"M5037.Alarm.QF_Fault","DB70.DBX72.4",Boolean,1,RO,100,,,,,,,,,,"M5037空开故障",
"M5037.Alarm.QS_Fault","DB70.DBX72.5",Boolean,1,RO,100,,,,,,,,,,"M5037隔离开关故障",
"M5037.Alarm.R_Fault","DB50.DBX1092.6",Boolean,1,RO,100,,,,,,,,,,"M5037右超宽",
"M5037.Alarm.RFID_ReadFault","DB50.DBX1093.3",Boolean,1,RO,100,,,,,,,,,,"M5037RFID读取错误",
"M5037.Alarm.RFID_WriteFault","DB50.DBX1093.2",Boolean,1,RO,100,,,,,,,,,,"M5037RFID写入错误",
"M5037.Alarm.TimeOutFault","DB70.DBX72.3",Boolean,1,RO,100,,,,,,,,,,"M5037超时故障",
"M5037.Alarm.TM_JY_Fault","DB50.DBX1093.0",Boolean,1,RO,100,,,,,,,,,,"M5037条码校验故障",
"M5037.Alarm.TotalFault","DB70.DBX72.1",Boolean,1,RO,100,,,,,,,,,,"M5037总故障",
"M5037.Alarm.WX_Fault","DB50.DBX1092.1",Boolean,1,RO,100,,,,,,,,,,"M5037外形故障",
"M5037.Alarm.WX_TM_Fault","DB50.DBX1092.0",Boolean,1,RO,100,,,,,,,,,,"M5037外形条码总故障",
"M5037.State.Allow","DB50.DBB1099",Byte,1,RO,100,,,,,,,,,,"M5037允许拆盘",
"M5037.State.ForwardRun","DB70.DBX73.6",Boolean,1,RO,100,,,,,,,,,,"M5037正转运行",
"M5037.State.Get_Num","DB50.DBB1098",Byte,1,RO,100,,,,,,,,,,"M5037已取数量",
"M5037.State.LastOne","DB50.DBX1093.4",Boolean,1,RO,100,,,,,,,,,,"M5037强制推盘",
"M5037.State.Load","DB70.DBX73.5",Boolean,1,RO,100,,,,,,,,,,"M5037负载",
"M5037.State.M5037_2_RF","Q367.0",Boolean,1,RO,100,,,,,,,,,,"M5037.2上升",
"M5037.State.MD_State1","DB50.DINT1100",Long,1,RO,100,,,,,,,,,,"M5037码垛状态1",
"M5037.State.MD_State2","DB50.DBB1104",Byte,1,RO,100,,,,,,,,,,"M5037码垛状态2",
"M5037.State.Need_Num","DB50.DBB1097",Byte,1,RO,100,,,,,,,,,,"M5037要取数量",
"M5037.State.PR5037_1","I125.5",Boolean,1,RO,100,,,,,,,,,,"5037高位",
"M5037.State.PR5037_2","I125.7",Boolean,1,RO,100,,,,,,,,,,"5037低位",
"M5037.State.ReversalRun","DB70.DBX73.7",Boolean,1,RO,100,,,,,,,,,,"M5037反转运行",
"M5037.State.Runing","DB70.DBX72.0",Boolean,1,RO,100,,,,,,,,,,"M5037设备运行标志",
"M5037.State.SelectPlace","DB70.DBX72.7",Boolean,1,RO,100,,,,,,,,,,"M5037选中位",
"M5037.State.YX_DX","DB50.DBB1095",Byte,1,RO,100,,,,,,,,,,"M5037码垛垛型",
"M5037.State.YX_Num","DB50.DBB1096",Byte,1,RO,100,,,,,,,,,,"M5037烟箱数量",
"M5037.State.YX_Type","DB50.DBB1094",Byte,1,RO,100,,,,,,,,,,"M5037烟箱类型",
"M5037.Task.Code","DB50.DINT1082",Long,1,RO,100,,,,,,,,,,"M5037托盘条码",
"M5037.Task.DestSta","DB50.DBW1090",Short,1,RO,100,,,,,,,,,,"M5037目标地址",
"M5037.Task.StartSta","DB50.DBW1088",Short,1,RO,100,,,,,,,,,,"M5037起始地址",
"M5037.Task.Task","DB50.DBW1080",Short,1,RO,100,,,,,,,,,,"M5037任务号",
"M5037.Task.TpType","DB50.DBW1086",Short,1,RO,100,,,,,,,,,,"M5037货物类型",
"M5038.Alarm.B_Fault","DB50.DBX1122.4",Boolean,1,RO,100,,,,,,,,,,"M5038后超长",
"M5038.Alarm.DriveFault","DB70.DBX74.2",Boolean,1,RO,100,,,,,,,,,,"M5038驱动器故障",
"M5038.Alarm.EstopFault","DB70.DBX75.3",Boolean,1,RO,100,,,,,,,,,,"M5038急停故障",
"M5038.Alarm.F_Fault","DB50.DBX1122.3",Boolean,1,RO,100,,,,,,,,,,"M5038前超长",
"M5038.Alarm.H_Fault","DB50.DBX1122.2",Boolean,1,RO,100,,,,,,,,,,"M5038超高",
"M5038.Alarm.L_Fault","DB50.DBX1122.5",Boolean,1,RO,100,,,,,,,,,,"M5038左超宽",
"M5038.Alarm.LS_Fault","DB70.DBX75.2",Boolean,1,RO,100,,,,,,,,,,"M5038限位故障",
"M5038.Alarm.NoRead","DB50.DBX1123.1",Boolean,1,RO,100,,,,,,,,,,"M5038条码未读出",
"M5038.Alarm.OutSideFault","DB70.DBX75.1",Boolean,1,RO,100,,,,,,,,,,"M5038货物超边故障",
"M5038.Alarm.PH_Fault","DB70.DBX74.6",Boolean,1,RO,100,,,,,,,,,,"M5038光电管异常",
"M5038.Alarm.QF_Fault","DB70.DBX74.4",Boolean,1,RO,100,,,,,,,,,,"M5038空开故障",
"M5038.Alarm.QS_Fault","DB70.DBX74.5",Boolean,1,RO,100,,,,,,,,,,"M5038隔离开关故障",
"M5038.Alarm.R_Fault","DB50.DBX1122.6",Boolean,1,RO,100,,,,,,,,,,"M5038右超宽",
"M5038.Alarm.RFID_ReadFault","DB50.DBX1123.3",Boolean,1,RO,100,,,,,,,,,,"M5038RFID读取错误",
"M5038.Alarm.RFID_WriteFault","DB50.DBX1123.2",Boolean,1,RO,100,,,,,,,,,,"M5038RFID写入错误",
"M5038.Alarm.TimeOutFault","DB70.DBX74.3",Boolean,1,RO,100,,,,,,,,,,"M5038超时故障",
"M5038.Alarm.TM_JY_Fault","DB50.DBX1123.0",Boolean,1,RO,100,,,,,,,,,,"M5038条码校验故障",
"M5038.Alarm.TotalFault","DB70.DBX74.1",Boolean,1,RO,100,,,,,,,,,,"M5038总故障",
"M5038.Alarm.WX_Fault","DB50.DBX1122.1",Boolean,1,RO,100,,,,,,,,,,"M5038外形故障",
"M5038.Alarm.WX_TM_Fault","DB50.DBX1122.0",Boolean,1,RO,100,,,,,,,,,,"M5038外形条码总故障",
"M5038.State.Allow","DB50.DBB1129",Byte,1,RO,100,,,,,,,,,,"M5038允许拆盘",
"M5038.State.ForwardRun","DB70.DBX75.6",Boolean,1,RO,100,,,,,,,,,,"M5038正转运行",
"M5038.State.Get_Num","DB50.DBB1128",Byte,1,RO,100,,,,,,,,,,"M5038已取数量",
"M5038.State.LastOne","DB50.DBX1123.4",Boolean,1,RO,100,,,,,,,,,,"M5038强制推盘",
"M5038.State.Load","DB70.DBX75.5",Boolean,1,RO,100,,,,,,,,,,"M5038负载",
"M5038.State.M5038_DOWN","Q34.3",Boolean,1,RO,100,,,,,,,,,,"5038气缸下降",
"M5038.State.M5038_UP","Q34.1",Boolean,1,RO,100,,,,,,,,,,"5038气缸上升",
"M5038.State.MD_State1","DB50.DINT1130",Long,1,RO,100,,,,,,,,,,"M5038码垛状态1",
"M5038.State.MD_State2","DB50.DBB1134",Byte,1,RO,100,,,,,,,,,,"M5038码垛状态2",
"M5038.State.MS5038_1","I131.3",Boolean,1,RO,100,,,,,,,,,,"5038气缸高位",
"M5038.State.MS5038_2","I131.5",Boolean,1,RO,100,,,,,,,,,,"5038气缸低位",
"M5038.State.Need_Num","DB50.DBB1127",Byte,1,RO,100,,,,,,,,,,"M5038要取数量",
"M5038.State.PH1","I131.2",Boolean,1,RO,100,,,,,,,,,,"5038减速光电1",
"M5038.State.PH2","I131.4",Boolean,1,RO,100,,,,,,,,,,"5038到位光电1",
"M5038.State.PH3","I131.6",Boolean,1,RO,100,,,,,,,,,,"5038减速光电2",
"M5038.State.PH4","I131.1",Boolean,1,RO,100,,,,,,,,,,"5038到位光电2",
"M5038.State.ReversalRun","DB70.DBX75.7",Boolean,1,RO,100,,,,,,,,,,"M5038反转运行",
"M5038.State.Runing","DB70.DBX74.0",Boolean,1,RO,100,,,,,,,,,,"M5038设备运行标志",
"M5038.State.SelectPlace","DB70.DBX74.7",Boolean,1,RO,100,,,,,,,,,,"M5038选中位",
"M5038.State.YX_DX","DB50.DBB1125",Byte,1,RO,100,,,,,,,,,,"M5038码垛垛型",
"M5038.State.YX_Num","DB50.DBB1126",Byte,1,RO,100,,,,,,,,,,"M5038烟箱数量",
"M5038.State.YX_Type","DB50.DBB1124",Byte,1,RO,100,,,,,,,,,,"M5038烟箱类型",
"M5038.Task.Code","DB50.DINT1112",Long,1,RO,100,,,,,,,,,,"M5038托盘条码",
"M5038.Task.DestSta","DB50.DBW1120",Short,1,RO,100,,,,,,,,,,"M5038目标地址",
"M5038.Task.StartSta","DB50.DBW1118",Short,1,RO,100,,,,,,,,,,"M5038起始地址",
"M5038.Task.Task","DB50.DBW1110",Short,1,RO,100,,,,,,,,,,"M5038任务号",
"M5038.Task.TpType","DB50.DBW1116",Short,1,RO,100,,,,,,,,,,"M5038货物类型",
"M5039.Alarm.B_Fault","DB50.DBX1152.4",Boolean,1,RO,100,,,,,,,,,,"M5039后超长",
"M5039.Alarm.DriveFault","DB70.DBX76.2",Boolean,1,RO,100,,,,,,,,,,"M5039驱动器故障",
"M5039.Alarm.EstopFault","DB70.DBX77.3",Boolean,1,RO,100,,,,,,,,,,"M5039急停故障",
"M5039.Alarm.F_Fault","DB50.DBX1152.3",Boolean,1,RO,100,,,,,,,,,,"M5039前超长",
"M5039.Alarm.H_Fault","DB50.DBX1152.2",Boolean,1,RO,100,,,,,,,,,,"M5039超高",
"M5039.Alarm.L_Fault","DB50.DBX1152.5",Boolean,1,RO,100,,,,,,,,,,"M5039左超宽",
"M5039.Alarm.LS_Fault","DB70.DBX77.2",Boolean,1,RO,100,,,,,,,,,,"M5039限位故障",
"M5039.Alarm.NoRead","DB50.DBX1153.1",Boolean,1,RO,100,,,,,,,,,,"M5039条码未读出",
"M5039.Alarm.OutSideFault","DB70.DBX77.1",Boolean,1,RO,100,,,,,,,,,,"M5039货物超边故障",
"M5039.Alarm.PH_Fault","DB70.DBX76.6",Boolean,1,RO,100,,,,,,,,,,"M5039光电管异常",
"M5039.Alarm.QF_Fault","DB70.DBX76.4",Boolean,1,RO,100,,,,,,,,,,"M5039空开故障",
"M5039.Alarm.QS_Fault","DB70.DBX76.5",Boolean,1,RO,100,,,,,,,,,,"M5039隔离开关故障",
"M5039.Alarm.R_Fault","DB50.DBX1152.6",Boolean,1,RO,100,,,,,,,,,,"M5039右超宽",
"M5039.Alarm.RFID_ReadFault","DB50.DBX1153.3",Boolean,1,RO,100,,,,,,,,,,"M5039RFID读取错误",
"M5039.Alarm.RFID_WriteFault","DB50.DBX1153.2",Boolean,1,RO,100,,,,,,,,,,"M5039RFID写入错误",
"M5039.Alarm.STV_TimeOut","MX1101.4",Boolean,1,RO,100,,,,,,,,,,"M5039环穿任务超时",
"M5039.Alarm.TimeOutFault","DB70.DBX76.3",Boolean,1,RO,100,,,,,,,,,,"M5039超时故障",
"M5039.Alarm.TM_JY_Fault","DB50.DBX1153.0",Boolean,1,RO,100,,,,,,,,,,"M5039条码校验故障",
"M5039.Alarm.TotalFault","DB70.DBX76.1",Boolean,1,RO,100,,,,,,,,,,"M5039总故障",
"M5039.Alarm.WX_Fault","DB50.DBX1152.1",Boolean,1,RO,100,,,,,,,,,,"M5039外形故障",
"M5039.Alarm.WX_TM_Fault","DB50.DBX1152.0",Boolean,1,RO,100,,,,,,,,,,"M5039外形条码总故障",
"M5039.State.Allow","DB50.DBB1159",Byte,1,RO,100,,,,,,,,,,"M5039允许拆盘",
"M5039.State.ForwardRun","DB70.DBX77.6",Boolean,1,RO,100,,,,,,,,,,"M5039正转运行",
"M5039.State.Get_Num","DB50.DBB1158",Byte,1,RO,100,,,,,,,,,,"M5039已取数量",
"M5039.State.GET_OK1","Q120.1",Boolean,1,RO,100,,,,,,,,,,"5039取货OK",
"M5039.State.GET_REQ","I134.4",Boolean,1,RO,100,,,,,,,,,,"5039环穿请求取货",
"M5039.State.LastOne","DB50.DBX1153.4",Boolean,1,RO,100,,,,,,,,,,"M5039强制推盘",
"M5039.State.Load","DB70.DBX77.5",Boolean,1,RO,100,,,,,,,,,,"M5039负载",
"M5039.State.MD_State1","DB50.DINT1160",Long,1,RO,100,,,,,,,,,,"M5039码垛状态1",
"M5039.State.MD_State2","DB50.DBB1164",Byte,1,RO,100,,,,,,,,,,"M5039码垛状态2",
"M5039.State.MS_RUN2","Q120.3",Boolean,1,RO,100,,,,,,,,,,"5039MS可以行走",
"M5039.State.Need_Num","DB50.DBB1157",Byte,1,RO,100,,,,,,,,,,"M5039要取数量",
"M5039.State.PH1","I132.2",Boolean,1,RO,100,,,,,,,,,,"5039减速光电1",
"M5039.State.PH2","I132.4",Boolean,1,RO,100,,,,,,,,,,"5039到位光电",
"M5039.State.PH3","I132.6",Boolean,1,RO,100,,,,,,,,,,"5039对射保护光电",
"M5039.State.ReversalRun","DB70.DBX77.7",Boolean,1,RO,100,,,,,,,,,,"M5039反转运行",
"M5039.State.Runing","DB70.DBX76.0",Boolean,1,RO,100,,,,,,,,,,"M5039设备运行标志",
"M5039.State.RUNNING","Q35.1",Boolean,1,RO,100,,,,,,,,,,"5039移栽中",
"M5039.State.SelectPlace","DB70.DBX76.7",Boolean,1,RO,100,,,,,,,,,,"M5039选中位",
"M5039.State.YX_DX","DB50.DBB1155",Byte,1,RO,100,,,,,,,,,,"M5039码垛垛型",
"M5039.State.YX_Num","DB50.DBB1156",Byte,1,RO,100,,,,,,,,,,"M5039烟箱数量",
"M5039.State.YX_Type","DB50.DBB1154",Byte,1,RO,100,,,,,,,,,,"M5039烟箱类型",
"M5039.State.YZ_OK3","Q120.5",Boolean,1,RO,100,,,,,,,,,,"5039移栽OK",
"M5039.Task.Code","DB50.DINT1142",Long,1,RO,100,,,,,,,,,,"M5039托盘条码",
"M5039.Task.DestSta","DB50.DBW1150",Short,1,RO,100,,,,,,,,,,"M5039目标地址",
"M5039.Task.StartSta","DB50.DBW1148",Short,1,RO,100,,,,,,,,,,"M5039起始地址",
"M5039.Task.Task","DB50.DBW1140",Short,1,RO,100,,,,,,,,,,"M5039任务号",
"M5039.Task.TpType","DB50.DBW1146",Short,1,RO,100,,,,,,,,,,"M5039货物类型",
"M5040.Alarm.B_Fault","DB50.DBX1182.4",Boolean,1,RO,100,,,,,,,,,,"M5040后超长",
"M5040.Alarm.DriveFault","DB70.DBX78.2",Boolean,1,RO,100,,,,,,,,,,"M5040驱动器故障",
"M5040.Alarm.EstopFault","DB70.DBX79.3",Boolean,1,RO,100,,,,,,,,,,"M5040急停故障",
"M5040.Alarm.F_Fault","DB50.DBX1182.3",Boolean,1,RO,100,,,,,,,,,,"M5040前超长",
"M5040.Alarm.H_Fault","DB50.DBX1182.2",Boolean,1,RO,100,,,,,,,,,,"M5040超高",
"M5040.Alarm.L_Fault","DB50.DBX1182.5",Boolean,1,RO,100,,,,,,,,,,"M5040左超宽",
"M5040.Alarm.LS_Fault","DB70.DBX79.2",Boolean,1,RO,100,,,,,,,,,,"M5040限位故障",
"M5040.Alarm.NoRead","DB50.DBX1183.1",Boolean,1,RO,100,,,,,,,,,,"M5040条码未读出",
"M5040.Alarm.OutSideFault","DB70.DBX79.1",Boolean,1,RO,100,,,,,,,,,,"M5040货物超边故障",
"M5040.Alarm.PH_Fault","DB70.DBX78.6",Boolean,1,RO,100,,,,,,,,,,"M5040光电管异常",
"M5040.Alarm.QF_Fault","DB70.DBX78.4",Boolean,1,RO,100,,,,,,,,,,"M5040空开故障",
"M5040.Alarm.QS_Fault","DB70.DBX78.5",Boolean,1,RO,100,,,,,,,,,,"M5040隔离开关故障",
"M5040.Alarm.R_Fault","DB50.DBX1182.6",Boolean,1,RO,100,,,,,,,,,,"M5040右超宽",
"M5040.Alarm.RFID_ReadFault","DB50.DBX1183.3",Boolean,1,RO,100,,,,,,,,,,"M5040RFID读取错误",
"M5040.Alarm.RFID_WriteFault","DB50.DBX1183.2",Boolean,1,RO,100,,,,,,,,,,"M5040RFID写入错误",
"M5040.Alarm.TimeOutFault","DB70.DBX78.3",Boolean,1,RO,100,,,,,,,,,,"M5040超时故障",
"M5040.Alarm.TM_JY_Fault","DB50.DBX1183.0",Boolean,1,RO,100,,,,,,,,,,"M5040条码校验故障",
"M5040.Alarm.TotalFault","DB70.DBX78.1",Boolean,1,RO,100,,,,,,,,,,"M5040总故障",
"M5040.Alarm.WX_Fault","DB50.DBX1182.1",Boolean,1,RO,100,,,,,,,,,,"M5040外形故障",
"M5040.Alarm.WX_TM_Fault","DB50.DBX1182.0",Boolean,1,RO,100,,,,,,,,,,"M5040外形条码总故障",
"M5040.State.Allow","DB50.DBB1189",Byte,1,RO,100,,,,,,,,,,"M5040允许拆盘",
"M5040.State.ForwardRun","DB70.DBX79.6",Boolean,1,RO,100,,,,,,,,,,"M5040正转运行",
"M5040.State.Get_Num","DB50.DBB1188",Byte,1,RO,100,,,,,,,,,,"M5040已取数量",
"M5040.State.LastOne","DB50.DBX1183.4",Boolean,1,RO,100,,,,,,,,,,"M5040强制推盘",
"M5040.State.Load","DB70.DBX79.5",Boolean,1,RO,100,,,,,,,,,,"M5040负载",
"M5040.State.M5040_FZ","Q371.1",Boolean,1,RO,100,,,,,,,,,,"5040反转",
"M5040.State.M5040_ZZ","Q371.0",Boolean,1,RO,100,,,,,,,,,,"5040正转",
"M5040.State.MD_State1","DB50.DINT1190",Long,1,RO,100,,,,,,,,,,"M5040码垛状态1",
"M5040.State.MD_State2","DB50.DBB1194",Byte,1,RO,100,,,,,,,,,,"M5040码垛状态2",
"M5040.State.Need_Num","DB50.DBB1187",Byte,1,RO,100,,,,,,,,,,"M5040要取数量",
"M5040.State.PH1","I130.7",Boolean,1,RO,100,,,,,,,,,,"5040到位光电",
"M5040.State.ReversalRun","DB70.DBX79.7",Boolean,1,RO,100,,,,,,,,,,"M5040反转运行",
"M5040.State.Runing","DB70.DBX78.0",Boolean,1,RO,100,,,,,,,,,,"M5040设备运行标志",
"M5040.State.SelectPlace","DB70.DBX78.7",Boolean,1,RO,100,,,,,,,,,,"M5040选中位",
"M5040.State.YX_DX","DB50.DBB1185",Byte,1,RO,100,,,,,,,,,,"M5040码垛垛型",
"M5040.State.YX_Num","DB50.DBB1186",Byte,1,RO,100,,,,,,,,,,"M5040烟箱数量",
"M5040.State.YX_Type","DB50.DBB1184",Byte,1,RO,100,,,,,,,,,,"M5040烟箱类型",
"M5040.Task.Code","DB50.DINT1172",Long,1,RO,100,,,,,,,,,,"M5040托盘条码",
"M5040.Task.DestSta","DB50.DBW1180",Short,1,RO,100,,,,,,,,,,"M5040目标地址",
"M5040.Task.StartSta","DB50.DBW1178",Short,1,RO,100,,,,,,,,,,"M5040起始地址",
"M5040.Task.Task","DB50.DBW1170",Short,1,RO,100,,,,,,,,,,"M5040任务号",
"M5040.Task.TpType","DB50.DBW1176",Short,1,RO,100,,,,,,,,,,"M5040货物类型",
"M5041.Alarm.B_Fault","DB50.DBX1212.4",Boolean,1,RO,100,,,,,,,,,,"M5041后超长",
"M5041.Alarm.DriveFault","DB70.DBX80.2",Boolean,1,RO,100,,,,,,,,,,"M5041驱动器故障",
"M5041.Alarm.EstopFault","DB70.DBX81.3",Boolean,1,RO,100,,,,,,,,,,"M5041急停故障",
"M5041.Alarm.F_Fault","DB50.DBX1212.3",Boolean,1,RO,100,,,,,,,,,,"M5041前超长",
"M5041.Alarm.H_Fault","DB50.DBX1212.2",Boolean,1,RO,100,,,,,,,,,,"M5041超高",
"M5041.Alarm.L_Fault","DB50.DBX1212.5",Boolean,1,RO,100,,,,,,,,,,"M5041左超宽",
"M5041.Alarm.LS_Fault","DB70.DBX81.2",Boolean,1,RO,100,,,,,,,,,,"M5041限位故障",
"M5041.Alarm.NoRead","DB50.DBX1213.1",Boolean,1,RO,100,,,,,,,,,,"M5041条码未读出",
"M5041.Alarm.OutSideFault","DB70.DBX81.1",Boolean,1,RO,100,,,,,,,,,,"M5041货物超边故障",
"M5041.Alarm.PH_Fault","DB70.DBX80.6",Boolean,1,RO,100,,,,,,,,,,"M5041光电管异常",
"M5041.Alarm.QF_Fault","DB70.DBX80.4",Boolean,1,RO,100,,,,,,,,,,"M5041空开故障",
"M5041.Alarm.QS_Fault","DB70.DBX80.5",Boolean,1,RO,100,,,,,,,,,,"M5041隔离开关故障",
"M5041.Alarm.R_Fault","DB50.DBX1212.6",Boolean,1,RO,100,,,,,,,,,,"M5041右超宽",
"M5041.Alarm.RFID_ReadFault","DB50.DBX1213.3",Boolean,1,RO,100,,,,,,,,,,"M5041RFID读取错误",
"M5041.Alarm.RFID_WriteFault","DB50.DBX1213.2",Boolean,1,RO,100,,,,,,,,,,"M5041RFID写入错误",
"M5041.Alarm.TimeOutFault","DB70.DBX80.3",Boolean,1,RO,100,,,,,,,,,,"M5041超时故障",
"M5041.Alarm.TM_JY_Fault","DB50.DBX1213.0",Boolean,1,RO,100,,,,,,,,,,"M5041条码校验故障",
"M5041.Alarm.TotalFault","DB70.DBX80.1",Boolean,1,RO,100,,,,,,,,,,"M5041总故障",
"M5041.Alarm.WX_Fault","DB50.DBX1212.1",Boolean,1,RO,100,,,,,,,,,,"M5041外形故障",
"M5041.Alarm.WX_TM_Fault","DB50.DBX1212.0",Boolean,1,RO,100,,,,,,,,,,"M5041外形条码总故障",
"M5041.State.Allow","DB50.DBB1219",Byte,1,RO,100,,,,,,,,,,"M5041允许拆盘",
"M5041.State.ForwardRun","DB70.DBX81.6",Boolean,1,RO,100,,,,,,,,,,"M5041正转运行",
"M5041.State.Get_Num","DB50.DBB1218",Byte,1,RO,100,,,,,,,,,,"M5041已取数量",
"M5041.State.LastOne","DB50.DBX1213.4",Boolean,1,RO,100,,,,,,,,,,"M5041强制推盘",
"M5041.State.Load","DB70.DBX81.5",Boolean,1,RO,100,,,,,,,,,,"M5041负载",
"M5041.State.M5041_2_RF","Q373.0",Boolean,1,RO,100,,,,,,,,,,"5041.2上升",
"M5041.State.MD_State1","DB50.DINT1220",Long,1,RO,100,,,,,,,,,,"M5041码垛状态1",
"M5041.State.MD_State2","DB50.DBB1224",Byte,1,RO,100,,,,,,,,,,"M5041码垛状态2",
"M5041.State.Need_Num","DB50.DBB1217",Byte,1,RO,100,,,,,,,,,,"M5041要取数量",
"M5041.State.PR5041_1","I139.4",Boolean,1,RO,100,,,,,,,,,,"5041高位",
"M5041.State.PR5041_2","I139.6",Boolean,1,RO,100,,,,,,,,,,"5041低位",
"M5041.State.ReversalRun","DB70.DBX81.7",Boolean,1,RO,100,,,,,,,,,,"M5041反转运行",
"M5041.State.Runing","DB70.DBX80.0",Boolean,1,RO,100,,,,,,,,,,"M5041设备运行标志",
"M5041.State.SelectPlace","DB70.DBX80.7",Boolean,1,RO,100,,,,,,,,,,"M5041选中位",
"M5041.State.YX_DX","DB50.DBB1215",Byte,1,RO,100,,,,,,,,,,"M5041码垛垛型",
"M5041.State.YX_Num","DB50.DBB1216",Byte,1,RO,100,,,,,,,,,,"M5041烟箱数量",
"M5041.State.YX_Type","DB50.DBB1214",Byte,1,RO,100,,,,,,,,,,"M5041烟箱类型",
"M5041.Task.Code","DB50.DINT1202",Long,1,RO,100,,,,,,,,,,"M5041托盘条码",
"M5041.Task.DestSta","DB50.DBW1210",Short,1,RO,100,,,,,,,,,,"M5041目标地址",
"M5041.Task.StartSta","DB50.DBW1208",Short,1,RO,100,,,,,,,,,,"M5041起始地址",
"M5041.Task.Task","DB50.DBW1200",Short,1,RO,100,,,,,,,,,,"M5041任务号",
"M5041.Task.TpType","DB50.DBW1206",Short,1,RO,100,,,,,,,,,,"M5041货物类型",
"M5042.Alarm.B_Fault","DB50.DBX1242.4",Boolean,1,RO,100,,,,,,,,,,"M5042后超长",
"M5042.Alarm.DriveFault","DB70.DBX82.2",Boolean,1,RO,100,,,,,,,,,,"M5042驱动器故障",
"M5042.Alarm.EstopFault","DB70.DBX83.3",Boolean,1,RO,100,,,,,,,,,,"M5042急停故障",
"M5042.Alarm.F_Fault","DB50.DBX1242.3",Boolean,1,RO,100,,,,,,,,,,"M5042前超长",
"M5042.Alarm.H_Fault","DB50.DBX1242.2",Boolean,1,RO,100,,,,,,,,,,"M5042超高",
"M5042.Alarm.L_Fault","DB50.DBX1242.5",Boolean,1,RO,100,,,,,,,,,,"M5042左超宽",
"M5042.Alarm.LS_Fault","DB70.DBX83.2",Boolean,1,RO,100,,,,,,,,,,"M5042限位故障",
"M5042.Alarm.NoRead","DB50.DBX1243.1",Boolean,1,RO,100,,,,,,,,,,"M5042条码未读出",
"M5042.Alarm.OutSideFault","DB70.DBX83.1",Boolean,1,RO,100,,,,,,,,,,"M5042货物超边故障",
"M5042.Alarm.PH_Fault","DB70.DBX82.6",Boolean,1,RO,100,,,,,,,,,,"M5042光电管异常",
"M5042.Alarm.QF_Fault","DB70.DBX82.4",Boolean,1,RO,100,,,,,,,,,,"M5042空开故障",
"M5042.Alarm.QS_Fault","DB70.DBX82.5",Boolean,1,RO,100,,,,,,,,,,"M5042隔离开关故障",
"M5042.Alarm.R_Fault","DB50.DBX1242.6",Boolean,1,RO,100,,,,,,,,,,"M5042右超宽",
"M5042.Alarm.RFID_ReadFault","DB50.DBX1243.3",Boolean,1,RO,100,,,,,,,,,,"M5042RFID读取错误",
"M5042.Alarm.RFID_WriteFault","DB50.DBX1243.2",Boolean,1,RO,100,,,,,,,,,,"M5042RFID写入错误",
"M5042.Alarm.TimeOutFault","DB70.DBX82.3",Boolean,1,RO,100,,,,,,,,,,"M5042超时故障",
"M5042.Alarm.TM_JY_Fault","DB50.DBX1243.0",Boolean,1,RO,100,,,,,,,,,,"M5042条码校验故障",
"M5042.Alarm.TotalFault","DB70.DBX82.1",Boolean,1,RO,100,,,,,,,,,,"M5042总故障",
"M5042.Alarm.WX_Fault","DB50.DBX1242.1",Boolean,1,RO,100,,,,,,,,,,"M5042外形故障",
"M5042.Alarm.WX_TM_Fault","DB50.DBX1242.0",Boolean,1,RO,100,,,,,,,,,,"M5042外形条码总故障",
"M5042.State.Allow","DB50.DBB1249",Byte,1,RO,100,,,,,,,,,,"M5042允许拆盘",
"M5042.State.ForwardRun","DB70.DBX83.6",Boolean,1,RO,100,,,,,,,,,,"M5042正转运行",
"M5042.State.Get_Num","DB50.DBB1248",Byte,1,RO,100,,,,,,,,,,"M5042已取数量",
"M5042.State.LastOne","DB50.DBX1243.4",Boolean,1,RO,100,,,,,,,,,,"M5042强制推盘",
"M5042.State.Load","DB70.DBX83.5",Boolean,1,RO,100,,,,,,,,,,"M5042负载",
"M5042.State.M5042_DOWN","Q36.3",Boolean,1,RO,100,,,,,,,,,,"5042气缸下降",
"M5042.State.M5042_UP","Q36.1",Boolean,1,RO,100,,,,,,,,,,"5042气缸上升",
"M5042.State.MD_State1","DB50.DINT1250",Long,1,RO,100,,,,,,,,,,"M5042码垛状态1",
"M5042.State.MD_State2","DB50.DBB1254",Byte,1,RO,100,,,,,,,,,,"M5042码垛状态2",
"M5042.State.MS5042_1","I151.3",Boolean,1,RO,100,,,,,,,,,,"5042气缸高位",
"M5042.State.MS5042_2","I151.5",Boolean,1,RO,100,,,,,,,,,,"5042气缸低位",
"M5042.State.Need_Num","DB50.DBB1247",Byte,1,RO,100,,,,,,,,,,"M5042要取数量",
"M5042.State.PH1","I151.2",Boolean,1,RO,100,,,,,,,,,,"5042减速光电1",
"M5042.State.PH2","I151.4",Boolean,1,RO,100,,,,,,,,,,"5042到位光电1",
"M5042.State.PH3","I151.6",Boolean,1,RO,100,,,,,,,,,,"5042减速光电2",
"M5042.State.PH4","I151.1",Boolean,1,RO,100,,,,,,,,,,"5042到位光电2",
"M5042.State.ReversalRun","DB70.DBX83.7",Boolean,1,RO,100,,,,,,,,,,"M5042反转运行",
"M5042.State.Runing","DB70.DBX82.0",Boolean,1,RO,100,,,,,,,,,,"M5042设备运行标志",
"M5042.State.SelectPlace","DB70.DBX82.7",Boolean,1,RO,100,,,,,,,,,,"M5042选中位",
"M5042.State.YX_DX","DB50.DBB1245",Byte,1,RO,100,,,,,,,,,,"M5042码垛垛型",
"M5042.State.YX_Num","DB50.DBB1246",Byte,1,RO,100,,,,,,,,,,"M5042烟箱数量",
"M5042.State.YX_Type","DB50.DBB1244",Byte,1,RO,100,,,,,,,,,,"M5042烟箱类型",
"M5042.Task.Code","DB50.DINT1232",Long,1,RO,100,,,,,,,,,,"M5042托盘条码",
"M5042.Task.DestSta","DB50.DBW1240",Short,1,RO,100,,,,,,,,,,"M5042目标地址",
"M5042.Task.StartSta","DB50.DBW1238",Short,1,RO,100,,,,,,,,,,"M5042起始地址",
"M5042.Task.Task","DB50.DBW1230",Short,1,RO,100,,,,,,,,,,"M5042任务号",
"M5042.Task.TpType","DB50.DBW1236",Short,1,RO,100,,,,,,,,,,"M5042货物类型",
"M5043.Alarm.B_Fault","DB50.DBX1272.4",Boolean,1,RO,100,,,,,,,,,,"M5043后超长",
"M5043.Alarm.DriveFault","DB70.DBX84.2",Boolean,1,RO,100,,,,,,,,,,"M5043驱动器故障",
"M5043.Alarm.EstopFault","DB70.DBX85.3",Boolean,1,RO,100,,,,,,,,,,"M5043急停故障",
"M5043.Alarm.F_Fault","DB50.DBX1272.3",Boolean,1,RO,100,,,,,,,,,,"M5043前超长",
"M5043.Alarm.H_Fault","DB50.DBX1272.2",Boolean,1,RO,100,,,,,,,,,,"M5043超高",
"M5043.Alarm.L_Fault","DB50.DBX1272.5",Boolean,1,RO,100,,,,,,,,,,"M5043左超宽",
"M5043.Alarm.LS_Fault","DB70.DBX85.2",Boolean,1,RO,100,,,,,,,,,,"M5043限位故障",
"M5043.Alarm.NoRead","DB50.DBX1273.1",Boolean,1,RO,100,,,,,,,,,,"M5043条码未读出",
"M5043.Alarm.OutSideFault","DB70.DBX85.1",Boolean,1,RO,100,,,,,,,,,,"M5043货物超边故障",
"M5043.Alarm.PH_Fault","DB70.DBX84.6",Boolean,1,RO,100,,,,,,,,,,"M5043光电管异常",
"M5043.Alarm.QF_Fault","DB70.DBX84.4",Boolean,1,RO,100,,,,,,,,,,"M5043空开故障",
"M5043.Alarm.QS_Fault","DB70.DBX84.5",Boolean,1,RO,100,,,,,,,,,,"M5043隔离开关故障",
"M5043.Alarm.R_Fault","DB50.DBX1272.6",Boolean,1,RO,100,,,,,,,,,,"M5043右超宽",
"M5043.Alarm.RFID_ReadFault","DB50.DBX1273.3",Boolean,1,RO,100,,,,,,,,,,"M5043RFID读取错误",
"M5043.Alarm.RFID_WriteFault","DB50.DBX1273.2",Boolean,1,RO,100,,,,,,,,,,"M5043RFID写入错误",
"M5043.Alarm.STV_TimeOut","MX1101.5",Boolean,1,RO,100,,,,,,,,,,"M5043环穿任务超时",
"M5043.Alarm.TimeOutFault","DB70.DBX84.3",Boolean,1,RO,100,,,,,,,,,,"M5043超时故障",
"M5043.Alarm.TM_JY_Fault","DB50.DBX1273.0",Boolean,1,RO,100,,,,,,,,,,"M5043条码校验故障",
"M5043.Alarm.TotalFault","DB70.DBX84.1",Boolean,1,RO,100,,,,,,,,,,"M5043总故障",
"M5043.Alarm.WX_Fault","DB50.DBX1272.1",Boolean,1,RO,100,,,,,,,,,,"M5043外形故障",
"M5043.Alarm.WX_TM_Fault","DB50.DBX1272.0",Boolean,1,RO,100,,,,,,,,,,"M5043外形条码总故障",
"M5043.State.Allow","DB50.DBB1279",Byte,1,RO,100,,,,,,,,,,"M5043允许拆盘",
"M5043.State.ForwardRun","DB70.DBX85.6",Boolean,1,RO,100,,,,,,,,,,"M5043正转运行",
"M5043.State.Get_Num","DB50.DBB1278",Byte,1,RO,100,,,,,,,,,,"M5043已取数量",
"M5043.State.GET_OK1","Q120.2",Boolean,1,RO,100,,,,,,,,,,"5043取货OK",
"M5043.State.GET_REQ","I156.0",Boolean,1,RO,100,,,,,,,,,,"5043环穿请求取货",
"M5043.State.LastOne","DB50.DBX1273.4",Boolean,1,RO,100,,,,,,,,,,"M5043强制推盘",
"M5043.State.Load","DB70.DBX85.5",Boolean,1,RO,100,,,,,,,,,,"M5043负载",
"M5043.State.MD_State1","DB50.DINT1280",Long,1,RO,100,,,,,,,,,,"M5043码垛状态1",
"M5043.State.MD_State2","DB50.DBB1284",Byte,1,RO,100,,,,,,,,,,"M5043码垛状态2",
"M5043.State.MS_RUN2","Q120.4",Boolean,1,RO,100,,,,,,,,,,"5043MS可以行走",
"M5043.State.Need_Num","DB50.DBB1277",Byte,1,RO,100,,,,,,,,,,"M5043要取数量",
"M5043.State.PH1","I139.3",Boolean,1,RO,100,,,,,,,,,,"5043减速光电",
"M5043.State.PH2","I139.5",Boolean,1,RO,100,,,,,,,,,,"5043到位光电",
"M5043.State.PH3","I139.7",Boolean,1,RO,100,,,,,,,,,,"5043对射保护光电",
"M5043.State.READY","Q37.6",Boolean,1,RO,100,,,,,,,,,,"5043准备好",
"M5043.State.ReversalRun","DB70.DBX85.7",Boolean,1,RO,100,,,,,,,,,,"M5043反转运行",
"M5043.State.Runing","DB70.DBX84.0",Boolean,1,RO,100,,,,,,,,,,"M5043设备运行标志",
"M5043.State.RUNNING","Q37.4",Boolean,1,RO,100,,,,,,,,,,"5043移栽中",
"M5043.State.SelectPlace","DB70.DBX84.7",Boolean,1,RO,100,,,,,,,,,,"M5043选中位",
"M5043.State.YX_DX","DB50.DBB1275",Byte,1,RO,100,,,,,,,,,,"M5043码垛垛型",
"M5043.State.YX_Num","DB50.DBB1276",Byte,1,RO,100,,,,,,,,,,"M5043烟箱数量",
"M5043.State.YX_Type","DB50.DBB1274",Byte,1,RO,100,,,,,,,,,,"M5043烟箱类型",
"M5043.State.YZ_OK3","Q120.6",Boolean,1,RO,100,,,,,,,,,,"5043移栽OK",
"M5043.Task.Code","DB50.DINT1262",Long,1,RO,100,,,,,,,,,,"M5043托盘条码",
"M5043.Task.DestSta","DB50.DBW1270",Short,1,RO,100,,,,,,,,,,"M5043目标地址",
"M5043.Task.StartSta","DB50.DBW1268",Short,1,RO,100,,,,,,,,,,"M5043起始地址",
"M5043.Task.Task","DB50.DBW1260",Short,1,RO,100,,,,,,,,,,"M5043任务号",
"M5043.Task.TpType","DB50.DBW1266",Short,1,RO,100,,,,,,,,,,"M5043货物类型",
"M5044.Alarm.B_Fault","DB50.DBX1302.4",Boolean,1,RO,100,,,,,,,,,,"M5044后超长",
"M5044.Alarm.DriveFault","DB70.DBX86.2",Boolean,1,RO,100,,,,,,,,,,"M5044驱动器故障",
"M5044.Alarm.EstopFault","DB70.DBX87.3",Boolean,1,RO,100,,,,,,,,,,"M5044急停故障",
"M5044.Alarm.F_Fault","DB50.DBX1302.3",Boolean,1,RO,100,,,,,,,,,,"M5044前超长",
"M5044.Alarm.H_Fault","DB50.DBX1302.2",Boolean,1,RO,100,,,,,,,,,,"M5044超高",
"M5044.Alarm.L_Fault","DB50.DBX1302.5",Boolean,1,RO,100,,,,,,,,,,"M5044左超宽",
"M5044.Alarm.LS_Fault","DB70.DBX87.2",Boolean,1,RO,100,,,,,,,,,,"M5044限位故障",
"M5044.Alarm.NoRead","DB50.DBX1303.1",Boolean,1,RO,100,,,,,,,,,,"M5044条码未读出",
"M5044.Alarm.OutSideFault","DB70.DBX87.1",Boolean,1,RO,100,,,,,,,,,,"M5044货物超边故障",
"M5044.Alarm.PH_Fault","DB70.DBX86.6",Boolean,1,RO,100,,,,,,,,,,"M5044光电管异常",
"M5044.Alarm.QF_Fault","DB70.DBX86.4",Boolean,1,RO,100,,,,,,,,,,"M5044空开故障",
"M5044.Alarm.QS_Fault","DB70.DBX86.5",Boolean,1,RO,100,,,,,,,,,,"M5044隔离开关故障",
"M5044.Alarm.R_Fault","DB50.DBX1302.6",Boolean,1,RO,100,,,,,,,,,,"M5044右超宽",
"M5044.Alarm.RFID_ReadFault","DB50.DBX1303.3",Boolean,1,RO,100,,,,,,,,,,"M5044RFID读取错误",
"M5044.Alarm.RFID_WriteFault","DB50.DBX1303.2",Boolean,1,RO,100,,,,,,,,,,"M5044RFID写入错误",
"M5044.Alarm.TimeOutFault","DB70.DBX86.3",Boolean,1,RO,100,,,,,,,,,,"M5044超时故障",
"M5044.Alarm.TM_JY_Fault","DB50.DBX1303.0",Boolean,1,RO,100,,,,,,,,,,"M5044条码校验故障",
"M5044.Alarm.TotalFault","DB70.DBX86.1",Boolean,1,RO,100,,,,,,,,,,"M5044总故障",
"M5044.Alarm.WX_Fault","DB50.DBX1302.1",Boolean,1,RO,100,,,,,,,,,,"M5044外形故障",
"M5044.Alarm.WX_TM_Fault","DB50.DBX1302.0",Boolean,1,RO,100,,,,,,,,,,"M5044外形条码总故障",
"M5044.State.Allow","DB50.DBB1309",Byte,1,RO,100,,,,,,,,,,"M5044允许拆盘",
"M5044.State.ForwardRun","DB70.DBX87.6",Boolean,1,RO,100,,,,,,,,,,"M5044正转运行",
"M5044.State.Get_Num","DB50.DBB1308",Byte,1,RO,100,,,,,,,,,,"M5044已取数量",
"M5044.State.LastOne","DB50.DBX1303.4",Boolean,1,RO,100,,,,,,,,,,"M5044强制推盘",
"M5044.State.Load","DB70.DBX87.5",Boolean,1,RO,100,,,,,,,,,,"M5044负载",
"M5044.State.M5044_2_RF","Q375.0",Boolean,1,RO,100,,,,,,,,,,"5044.2上升",
"M5044.State.MD_State1","DB50.DINT1310",Long,1,RO,100,,,,,,,,,,"M5044码垛状态1",
"M5044.State.MD_State2","DB50.DBB1314",Byte,1,RO,100,,,,,,,,,,"M5044码垛状态2",
"M5044.State.Need_Num","DB50.DBB1307",Byte,1,RO,100,,,,,,,,,,"M5044要取数量",
"M5044.State.PR5044_1","I152.4",Boolean,1,RO,100,,,,,,,,,,"5044高位",
"M5044.State.PR5044_2","I152.6",Boolean,1,RO,100,,,,,,,,,,"5044低位",
"M5044.State.ReversalRun","DB70.DBX87.7",Boolean,1,RO,100,,,,,,,,,,"M5044反转运行",
"M5044.State.Runing","DB70.DBX86.0",Boolean,1,RO,100,,,,,,,,,,"M5044设备运行标志",
"M5044.State.SelectPlace","DB70.DBX86.7",Boolean,1,RO,100,,,,,,,,,,"M5044选中位",
"M5044.State.YX_DX","DB50.DBB1305",Byte,1,RO,100,,,,,,,,,,"M5044码垛垛型",
"M5044.State.YX_Num","DB50.DBB1306",Byte,1,RO,100,,,,,,,,,,"M5044烟箱数量",
"M5044.State.YX_Type","DB50.DBB1304",Byte,1,RO,100,,,,,,,,,,"M5044烟箱类型",
"M5044.Task.Code","DB50.DINT1292",Long,1,RO,100,,,,,,,,,,"M5044托盘条码",
"M5044.Task.DestSta","DB50.DBW1300",Short,1,RO,100,,,,,,,,,,"M5044目标地址",
"M5044.Task.StartSta","DB50.DBW1298",Short,1,RO,100,,,,,,,,,,"M5044起始地址",
"M5044.Task.Task","DB50.DBW1290",Short,1,RO,100,,,,,,,,,,"M5044任务号",
"M5044.Task.TpType","DB50.DBW1296",Short,1,RO,100,,,,,,,,,,"M5044货物类型",
"M5045.Alarm.B_Fault","DB50.DBX1332.4",Boolean,1,RO,100,,,,,,,,,,"M5045后超长",
"M5045.Alarm.DriveFault","DB70.DBX88.2",Boolean,1,RO,100,,,,,,,,,,"M5045驱动器故障",
"M5045.Alarm.EstopFault","DB70.DBX89.3",Boolean,1,RO,100,,,,,,,,,,"M5045急停故障",
"M5045.Alarm.F_Fault","DB50.DBX1332.3",Boolean,1,RO,100,,,,,,,,,,"M5045前超长",
"M5045.Alarm.H_Fault","DB50.DBX1332.2",Boolean,1,RO,100,,,,,,,,,,"M5045超高",
"M5045.Alarm.L_Fault","DB50.DBX1332.5",Boolean,1,RO,100,,,,,,,,,,"M5045左超宽",
"M5045.Alarm.LS_Fault","DB70.DBX89.2",Boolean,1,RO,100,,,,,,,,,,"M5045限位故障",
"M5045.Alarm.NoRead","DB50.DBX1333.1",Boolean,1,RO,100,,,,,,,,,,"M5045条码未读出",
"M5045.Alarm.OutSideFault","DB70.DBX89.1",Boolean,1,RO,100,,,,,,,,,,"M5045货物超边故障",
"M5045.Alarm.PH_Fault","DB70.DBX88.6",Boolean,1,RO,100,,,,,,,,,,"M5045光电管异常",
"M5045.Alarm.QF_Fault","DB70.DBX88.4",Boolean,1,RO,100,,,,,,,,,,"M5045空开故障",
"M5045.Alarm.QS_Fault","DB70.DBX88.5",Boolean,1,RO,100,,,,,,,,,,"M5045隔离开关故障",
"M5045.Alarm.R_Fault","DB50.DBX1332.6",Boolean,1,RO,100,,,,,,,,,,"M5045右超宽",
"M5045.Alarm.RFID_ReadFault","DB50.DBX1333.3",Boolean,1,RO,100,,,,,,,,,,"M5045RFID读取错误",
"M5045.Alarm.RFID_WriteFault","DB50.DBX1333.2",Boolean,1,RO,100,,,,,,,,,,"M5045RFID写入错误",
"M5045.Alarm.TimeOutFault","DB70.DBX88.3",Boolean,1,RO,100,,,,,,,,,,"M5045超时故障",
"M5045.Alarm.TM_JY_Fault","DB50.DBX1333.0",Boolean,1,RO,100,,,,,,,,,,"M5045条码校验故障",
"M5045.Alarm.TotalFault","DB70.DBX88.1",Boolean,1,RO,100,,,,,,,,,,"M5045总故障",
"M5045.Alarm.WX_Fault","DB50.DBX1332.1",Boolean,1,RO,100,,,,,,,,,,"M5045外形故障",
"M5045.Alarm.WX_TM_Fault","DB50.DBX1332.0",Boolean,1,RO,100,,,,,,,,,,"M5045外形条码总故障",
"M5045.State.Allow","DB50.DBB1339",Byte,1,RO,100,,,,,,,,,,"M5045允许拆盘",
"M5045.State.ForwardRun","DB70.DBX89.6",Boolean,1,RO,100,,,,,,,,,,"M5045正转运行",
"M5045.State.Get_Num","DB50.DBB1338",Byte,1,RO,100,,,,,,,,,,"M5045已取数量",
"M5045.State.LastOne","DB50.DBX1333.4",Boolean,1,RO,100,,,,,,,,,,"M5045强制推盘",
"M5045.State.Load","DB70.DBX89.5",Boolean,1,RO,100,,,,,,,,,,"M5045负载",
"M5045.State.M5045_FZ","Q379.1",Boolean,1,RO,100,,,,,,,,,,"5045反转",
"M5045.State.M5045_ZZ","Q379.0",Boolean,1,RO,100,,,,,,,,,,"5045正转",
"M5045.State.MD_State1","DB50.DINT1340",Long,1,RO,100,,,,,,,,,,"M5045码垛状态1",
"M5045.State.MD_State2","DB50.DBB1344",Byte,1,RO,100,,,,,,,,,,"M5045码垛状态2",
"M5045.State.Need_Num","DB50.DBB1337",Byte,1,RO,100,,,,,,,,,,"M5045要取数量",
"M5045.State.PH1","I152.3",Boolean,1,RO,100,,,,,,,,,,"5045减速光电",
"M5045.State.PH2","I152.5",Boolean,1,RO,100,,,,,,,,,,"5045到位光电1",
"M5045.State.PH3","I152.7",Boolean,1,RO,100,,,,,,,,,,"5045到位光电2",
"M5045.State.ReversalRun","DB70.DBX89.7",Boolean,1,RO,100,,,,,,,,,,"M5045反转运行",
"M5045.State.Runing","DB70.DBX88.0",Boolean,1,RO,100,,,,,,,,,,"M5045设备运行标志",
"M5045.State.SelectPlace","DB70.DBX88.7",Boolean,1,RO,100,,,,,,,,,,"M5045选中位",
"M5045.State.YX_DX","DB50.DBB1335",Byte,1,RO,100,,,,,,,,,,"M5045码垛垛型",
"M5045.State.YX_Num","DB50.DBB1336",Byte,1,RO,100,,,,,,,,,,"M5045烟箱数量",
"M5045.State.YX_Type","DB50.DBB1334",Byte,1,RO,100,,,,,,,,,,"M5045烟箱类型",
"M5045.Task.Code","DB50.DINT1322",Long,1,RO,100,,,,,,,,,,"M5045托盘条码",
"M5045.Task.DestSta","DB50.DBW1330",Short,1,RO,100,,,,,,,,,,"M5045目标地址",
"M5045.Task.StartSta","DB50.DBW1328",Short,1,RO,100,,,,,,,,,,"M5045起始地址",
"M5045.Task.Task","DB50.DBW1320",Short,1,RO,100,,,,,,,,,,"M5045任务号",
"M5045.Task.TpType","DB50.DBW1326",Short,1,RO,100,,,,,,,,,,"M5045货物类型",
"M5046.Alarm.B_Fault","DB50.DBX1362.4",Boolean,1,RO,100,,,,,,,,,,"M5046后超长",
"M5046.Alarm.DriveFault","DB70.DBX90.2",Boolean,1,RO,100,,,,,,,,,,"M5046驱动器故障",
"M5046.Alarm.EstopFault","DB70.DBX91.3",Boolean,1,RO,100,,,,,,,,,,"M5046急停故障",
"M5046.Alarm.F_Fault","DB50.DBX1362.3",Boolean,1,RO,100,,,,,,,,,,"M5046前超长",
"M5046.Alarm.H_Fault","DB50.DBX1362.2",Boolean,1,RO,100,,,,,,,,,,"M5046超高",
"M5046.Alarm.L_Fault","DB50.DBX1362.5",Boolean,1,RO,100,,,,,,,,,,"M5046左超宽",
"M5046.Alarm.LS_Fault","DB70.DBX91.2",Boolean,1,RO,100,,,,,,,,,,"M5046限位故障",
"M5046.Alarm.NoRead","DB50.DBX1363.1",Boolean,1,RO,100,,,,,,,,,,"M5046条码未读出",
"M5046.Alarm.OutSideFault","DB70.DBX91.1",Boolean,1,RO,100,,,,,,,,,,"M5046货物超边故障",
"M5046.Alarm.PH_Fault","DB70.DBX90.6",Boolean,1,RO,100,,,,,,,,,,"M5046光电管异常",
"M5046.Alarm.QF_Fault","DB70.DBX90.4",Boolean,1,RO,100,,,,,,,,,,"M5046空开故障",
"M5046.Alarm.QS_Fault","DB70.DBX90.5",Boolean,1,RO,100,,,,,,,,,,"M5046隔离开关故障",
"M5046.Alarm.R_Fault","DB50.DBX1362.6",Boolean,1,RO,100,,,,,,,,,,"M5046右超宽",
"M5046.Alarm.RFID_ReadFault","DB50.DBX1363.3",Boolean,1,RO,100,,,,,,,,,,"M5046RFID读取错误",
"M5046.Alarm.RFID_WriteFault","DB50.DBX1363.2",Boolean,1,RO,100,,,,,,,,,,"M5046RFID写入错误",
"M5046.Alarm.STV_TimeOut","MX1101.6",Boolean,1,RO,100,,,,,,,,,,"M5046环穿任务超时",
"M5046.Alarm.TimeOutFault","DB70.DBX90.3",Boolean,1,RO,100,,,,,,,,,,"M5046超时故障",
"M5046.Alarm.TM_JY_Fault","DB50.DBX1363.0",Boolean,1,RO,100,,,,,,,,,,"M5046条码校验故障",
"M5046.Alarm.TotalFault","DB70.DBX90.1",Boolean,1,RO,100,,,,,,,,,,"M5046总故障",
"M5046.Alarm.WX_Fault","DB50.DBX1362.1",Boolean,1,RO,100,,,,,,,,,,"M5046外形故障",
"M5046.Alarm.WX_TM_Fault","DB50.DBX1362.0",Boolean,1,RO,100,,,,,,,,,,"M5046外形条码总故障",
"M5046.State.Allow","DB50.DBB1369",Byte,1,RO,100,,,,,,,,,,"M5046允许拆盘",
"M5046.State.ForwardRun","DB70.DBX91.6",Boolean,1,RO,100,,,,,,,,,,"M5046正转运行",
"M5046.State.Get_Num","DB50.DBB1368",Byte,1,RO,100,,,,,,,,,,"M5046已取数量",
"M5046.State.GET_OK1","Q119.5",Boolean,1,RO,100,,,,,,,,,,"5046取货OK",
"M5046.State.GET_REQ","I156.2",Boolean,1,RO,100,,,,,,,,,,"5046环穿请求取货",
"M5046.State.LastOne","DB50.DBX1363.4",Boolean,1,RO,100,,,,,,,,,,"M5046强制推盘",
"M5046.State.Load","DB70.DBX91.5",Boolean,1,RO,100,,,,,,,,,,"M5046负载",
"M5046.State.M5046_DOWN","Q36.7",Boolean,1,RO,100,,,,,,,,,,"5046气缸下降",
"M5046.State.M5046_UP","Q36.5",Boolean,1,RO,100,,,,,,,,,,"5046气缸上升",
"M5046.State.MD_State1","DB50.DINT1370",Long,1,RO,100,,,,,,,,,,"M5046码垛状态1",
"M5046.State.MD_State2","DB50.DBB1374",Byte,1,RO,100,,,,,,,,,,"M5046码垛状态2",
"M5046.State.MS_RUN2","Q119.7",Boolean,1,RO,100,,,,,,,,,,"5046MS可以行走",
"M5046.State.MS5046_1","I153.1",Boolean,1,RO,100,,,,,,,,,,"5046气缸高位",
"M5046.State.MS5046_2","I153.3",Boolean,1,RO,100,,,,,,,,,,"5046气缸低位",
"M5046.State.Need_Num","DB50.DBB1367",Byte,1,RO,100,,,,,,,,,,"M5046要取数量",
"M5046.State.PH1","I153.2",Boolean,1,RO,100,,,,,,,,,,"5046减速光电",
"M5046.State.PH2","I153.4",Boolean,1,RO,100,,,,,,,,,,"5046到位光电",
"M5046.State.PH3","I153.6",Boolean,1,RO,100,,,,,,,,,,"5046对射保护光电",
"M5046.State.READY","Q37.3",Boolean,1,RO,100,,,,,,,,,,"5046准备好",
"M5046.State.ReversalRun","DB70.DBX91.7",Boolean,1,RO,100,,,,,,,,,,"M5046反转运行",
"M5046.State.Runing","DB70.DBX90.0",Boolean,1,RO,100,,,,,,,,,,"M5046设备运行标志",
"M5046.State.RUNNING","Q37.1",Boolean,1,RO,100,,,,,,,,,,"5046移栽中",
"M5046.State.SelectPlace","DB70.DBX90.7",Boolean,1,RO,100,,,,,,,,,,"M5046选中位",
"M5046.State.YX_DX","DB50.DBB1365",Byte,1,RO,100,,,,,,,,,,"M5046码垛垛型",
"M5046.State.YX_Num","DB50.DBB1366",Byte,1,RO,100,,,,,,,,,,"M5046烟箱数量",
"M5046.State.YX_Type","DB50.DBB1364",Byte,1,RO,100,,,,,,,,,,"M5046烟箱类型",
"M5046.State.YZ_OK3","Q120.0",Boolean,1,RO,100,,,,,,,,,,"5046移栽OK",
"M5046.Task.Code","DB50.DINT1352",Long,1,RO,100,,,,,,,,,,"M5046托盘条码",
"M5046.Task.DestSta","DB50.DBW1360",Short,1,RO,100,,,,,,,,,,"M5046目标地址",
"M5046.Task.StartSta","DB50.DBW1358",Short,1,RO,100,,,,,,,,,,"M5046起始地址",
"M5046.Task.Task","DB50.DBW1350",Short,1,RO,100,,,,,,,,,,"M5046任务号",
"M5046.Task.TpType","DB50.DBW1356",Short,1,RO,100,,,,,,,,,,"M5046货物类型",
"M5047.Alarm.B_Fault","DB50.DBX1392.4",Boolean,1,RO,100,,,,,,,,,,"M5047后超长",
"M5047.Alarm.DriveFault","DB70.DBX92.2",Boolean,1,RO,100,,,,,,,,,,"M5047驱动器故障",
"M5047.Alarm.EstopFault","DB70.DBX93.3",Boolean,1,RO,100,,,,,,,,,,"M5047急停故障",
"M5047.Alarm.F_Fault","DB50.DBX1392.3",Boolean,1,RO,100,,,,,,,,,,"M5047前超长",
"M5047.Alarm.H_Fault","DB50.DBX1392.2",Boolean,1,RO,100,,,,,,,,,,"M5047超高",
"M5047.Alarm.L_Fault","DB50.DBX1392.5",Boolean,1,RO,100,,,,,,,,,,"M5047左超宽",
"M5047.Alarm.LS_Fault","DB70.DBX93.2",Boolean,1,RO,100,,,,,,,,,,"M5047限位故障",
"M5047.Alarm.NoRead","DB50.DBX1393.1",Boolean,1,RO,100,,,,,,,,,,"M5047条码未读出",
"M5047.Alarm.OutSideFault","DB70.DBX93.1",Boolean,1,RO,100,,,,,,,,,,"M5047货物超边故障",
"M5047.Alarm.PH_Fault","DB70.DBX92.6",Boolean,1,RO,100,,,,,,,,,,"M5047光电管异常",
"M5047.Alarm.QF_Fault","DB70.DBX92.4",Boolean,1,RO,100,,,,,,,,,,"M5047空开故障",
"M5047.Alarm.QS_Fault","DB70.DBX92.5",Boolean,1,RO,100,,,,,,,,,,"M5047隔离开关故障",
"M5047.Alarm.R_Fault","DB50.DBX1392.6",Boolean,1,RO,100,,,,,,,,,,"M5047右超宽",
"M5047.Alarm.RFID_ReadFault","DB50.DBX1393.3",Boolean,1,RO,100,,,,,,,,,,"M5047RFID读取错误",
"M5047.Alarm.RFID_WriteFault","DB50.DBX1393.2",Boolean,1,RO,100,,,,,,,,,,"M5047RFID写入错误",
"M5047.Alarm.TimeOutFault","DB70.DBX92.3",Boolean,1,RO,100,,,,,,,,,,"M5047超时故障",
"M5047.Alarm.TM_JY_Fault","DB50.DBX1393.0",Boolean,1,RO,100,,,,,,,,,,"M5047条码校验故障",
"M5047.Alarm.TotalFault","DB70.DBX92.1",Boolean,1,RO,100,,,,,,,,,,"M5047总故障",
"M5047.Alarm.WX_Fault","DB50.DBX1392.1",Boolean,1,RO,100,,,,,,,,,,"M5047外形故障",
"M5047.Alarm.WX_TM_Fault","DB50.DBX1392.0",Boolean,1,RO,100,,,,,,,,,,"M5047外形条码总故障",
"M5047.State.Allow","DB50.DBB1399",Byte,1,RO,100,,,,,,,,,,"M5047允许拆盘",
"M5047.State.ForwardRun","DB70.DBX93.6",Boolean,1,RO,100,,,,,,,,,,"M5047正转运行",
"M5047.State.Get_Num","DB50.DBB1398",Byte,1,RO,100,,,,,,,,,,"M5047已取数量",
"M5047.State.LastOne","DB50.DBX1393.4",Boolean,1,RO,100,,,,,,,,,,"M5047强制推盘",
"M5047.State.Load","DB70.DBX93.5",Boolean,1,RO,100,,,,,,,,,,"M5047负载",
"M5047.State.M5047_2_RF","Q377.0",Boolean,1,RO,100,,,,,,,,,,"5047.2正转",
"M5047.State.MD_State1","DB50.DINT1400",Long,1,RO,100,,,,,,,,,,"M5047码垛状态1",
"M5047.State.MD_State2","DB50.DBB1404",Byte,1,RO,100,,,,,,,,,,"M5047码垛状态2",
"M5047.State.Need_Num","DB50.DBB1397",Byte,1,RO,100,,,,,,,,,,"M5047要取数量",
"M5047.State.PR5047_1","I154.4",Boolean,1,RO,100,,,,,,,,,,"5047高位",
"M5047.State.PR5047_2","I154.6",Boolean,1,RO,100,,,,,,,,,,"5047低位",
"M5047.State.ReversalRun","DB70.DBX93.7",Boolean,1,RO,100,,,,,,,,,,"M5047反转运行",
"M5047.State.Runing","DB70.DBX92.0",Boolean,1,RO,100,,,,,,,,,,"M5047设备运行标志",
"M5047.State.SelectPlace","DB70.DBX92.7",Boolean,1,RO,100,,,,,,,,,,"M5047选中位",
"M5047.State.YX_DX","DB50.DBB1395",Byte,1,RO,100,,,,,,,,,,"M5047码垛垛型",
"M5047.State.YX_Num","DB50.DBB1396",Byte,1,RO,100,,,,,,,,,,"M5047烟箱数量",
"M5047.State.YX_Type","DB50.DBB1394",Byte,1,RO,100,,,,,,,,,,"M5047烟箱类型",
"M5047.Task.Code","DB50.DINT1382",Long,1,RO,100,,,,,,,,,,"M5047托盘条码",
"M5047.Task.DestSta","DB50.DBW1390",Short,1,RO,100,,,,,,,,,,"M5047目标地址",
"M5047.Task.StartSta","DB50.DBW1388",Short,1,RO,100,,,,,,,,,,"M5047起始地址",
"M5047.Task.Task","DB50.DBW1380",Short,1,RO,100,,,,,,,,,,"M5047任务号",
"M5047.Task.TpType","DB50.DBW1386",Short,1,RO,100,,,,,,,,,,"M5047货物类型",
"M5048.Alarm.B_Fault","DB50.DBX1422.4",Boolean,1,RO,100,,,,,,,,,,"M5048后超长",
"M5048.Alarm.DriveFault","DB70.DBX94.2",Boolean,1,RO,100,,,,,,,,,,"M5048驱动器故障",
"M5048.Alarm.EstopFault","DB70.DBX95.3",Boolean,1,RO,100,,,,,,,,,,"M5048急停故障",
"M5048.Alarm.F_Fault","DB50.DBX1422.3",Boolean,1,RO,100,,,,,,,,,,"M5048前超长",
"M5048.Alarm.H_Fault","DB50.DBX1422.2",Boolean,1,RO,100,,,,,,,,,,"M5048超高",
"M5048.Alarm.L_Fault","DB50.DBX1422.5",Boolean,1,RO,100,,,,,,,,,,"M5048左超宽",
"M5048.Alarm.LS_Fault","DB70.DBX95.2",Boolean,1,RO,100,,,,,,,,,,"M5048限位故障",
"M5048.Alarm.NoRead","DB50.DBX1423.1",Boolean,1,RO,100,,,,,,,,,,"M5048条码未读出",
"M5048.Alarm.OutSideFault","DB70.DBX95.1",Boolean,1,RO,100,,,,,,,,,,"M5048货物超边故障",
"M5048.Alarm.PH_Fault","DB70.DBX94.6",Boolean,1,RO,100,,,,,,,,,,"M5048光电管异常",
"M5048.Alarm.QF_Fault","DB70.DBX94.4",Boolean,1,RO,100,,,,,,,,,,"M5048空开故障",
"M5048.Alarm.QS_Fault","DB70.DBX94.5",Boolean,1,RO,100,,,,,,,,,,"M5048隔离开关故障",
"M5048.Alarm.R_Fault","DB50.DBX1422.6",Boolean,1,RO,100,,,,,,,,,,"M5048右超宽",
"M5048.Alarm.RFID_ReadFault","DB50.DBX1423.3",Boolean,1,RO,100,,,,,,,,,,"M5048RFID读取错误",
"M5048.Alarm.RFID_WriteFault","DB50.DBX1423.2",Boolean,1,RO,100,,,,,,,,,,"M5048RFID写入错误",
"M5048.Alarm.TimeOutFault","DB70.DBX94.3",Boolean,1,RO,100,,,,,,,,,,"M5048超时故障",
"M5048.Alarm.TM_JY_Fault","DB50.DBX1423.0",Boolean,1,RO,100,,,,,,,,,,"M5048条码校验故障",
"M5048.Alarm.TotalFault","DB70.DBX94.1",Boolean,1,RO,100,,,,,,,,,,"M5048总故障",
"M5048.Alarm.WX_Fault","DB50.DBX1422.1",Boolean,1,RO,100,,,,,,,,,,"M5048外形故障",
"M5048.Alarm.WX_TM_Fault","DB50.DBX1422.0",Boolean,1,RO,100,,,,,,,,,,"M5048外形条码总故障",
"M5048.State.Allow","DB50.DBB1429",Byte,1,RO,100,,,,,,,,,,"M5048允许拆盘",
"M5048.State.ForwardRun","DB70.DBX95.6",Boolean,1,RO,100,,,,,,,,,,"M5048正转运行",
"M5048.State.Get_Num","DB50.DBB1428",Byte,1,RO,100,,,,,,,,,,"M5048已取数量",
"M5048.State.LastOne","DB50.DBX1423.4",Boolean,1,RO,100,,,,,,,,,,"M5048强制推盘",
"M5048.State.Load","DB70.DBX95.5",Boolean,1,RO,100,,,,,,,,,,"M5048负载",
"M5048.State.M5048_DOWN","Q37.2",Boolean,1,RO,100,,,,,,,,,,"5048气缸下降",
"M5048.State.M5048_UP","Q37.0",Boolean,1,RO,100,,,,,,,,,,"5048气缸上升",
"M5048.State.MD_State1","DB50.DINT1430",Long,1,RO,100,,,,,,,,,,"M5048码垛状态1",
"M5048.State.MD_State2","DB50.DBB1434",Byte,1,RO,100,,,,,,,,,,"M5048码垛状态2",
"M5048.State.MS5048_1","I155.3",Boolean,1,RO,100,,,,,,,,,,"5048气缸高位",
"M5048.State.MS5048_2","I155.5",Boolean,1,RO,100,,,,,,,,,,"5048气缸低位",
"M5048.State.Need_Num","DB50.DBB1427",Byte,1,RO,100,,,,,,,,,,"M5048要取数量",
"M5048.State.PH1","I155.2",Boolean,1,RO,100,,,,,,,,,,"5048减速光电1",
"M5048.State.PH2","I155.4",Boolean,1,RO,100,,,,,,,,,,"5048到位光电1",
"M5048.State.PH3","I155.6",Boolean,1,RO,100,,,,,,,,,,"5048减速光电2",
"M5048.State.PH4","I155.1",Boolean,1,RO,100,,,,,,,,,,"5048到位光电2",
"M5048.State.ReversalRun","DB70.DBX95.7",Boolean,1,RO,100,,,,,,,,,,"M5048反转运行",
"M5048.State.Runing","DB70.DBX94.0",Boolean,1,RO,100,,,,,,,,,,"M5048设备运行标志",
"M5048.State.SelectPlace","DB70.DBX94.7",Boolean,1,RO,100,,,,,,,,,,"M5048选中位",
"M5048.State.YX_DX","DB50.DBB1425",Byte,1,RO,100,,,,,,,,,,"M5048码垛垛型",
"M5048.State.YX_Num","DB50.DBB1426",Byte,1,RO,100,,,,,,,,,,"M5048烟箱数量",
"M5048.State.YX_Type","DB50.DBB1424",Byte,1,RO,100,,,,,,,,,,"M5048烟箱类型",
"M5048.Task.Code","DB50.DINT1412",Long,1,RO,100,,,,,,,,,,"M5048托盘条码",
"M5048.Task.DestSta","DB50.DBW1420",Short,1,RO,100,,,,,,,,,,"M5048目标地址",
"M5048.Task.StartSta","DB50.DBW1418",Short,1,RO,100,,,,,,,,,,"M5048起始地址",
"M5048.Task.Task","DB50.DBW1410",Short,1,RO,100,,,,,,,,,,"M5048任务号",
"M5048.Task.TpType","DB50.DBW1416",Short,1,RO,100,,,,,,,,,,"M5048货物类型",
"M5049.Alarm.B_Fault","DB50.DBX1452.4",Boolean,1,RO,100,,,,,,,,,,"M5049后超长",
"M5049.Alarm.DriveFault","DB70.DBX96.2",Boolean,1,RO,100,,,,,,,,,,"M5049驱动器故障",
"M5049.Alarm.EstopFault","DB70.DBX97.3",Boolean,1,RO,100,,,,,,,,,,"M5049急停故障",
"M5049.Alarm.F_Fault","DB50.DBX1452.3",Boolean,1,RO,100,,,,,,,,,,"M5049前超长",
"M5049.Alarm.H_Fault","DB50.DBX1452.2",Boolean,1,RO,100,,,,,,,,,,"M5049超高",
"M5049.Alarm.L_Fault","DB50.DBX1452.5",Boolean,1,RO,100,,,,,,,,,,"M5049左超宽",
"M5049.Alarm.LS_Fault","DB70.DBX97.2",Boolean,1,RO,100,,,,,,,,,,"M5049限位故障",
"M5049.Alarm.NoRead","DB50.DBX1453.1",Boolean,1,RO,100,,,,,,,,,,"M5049条码未读出",
"M5049.Alarm.OutSideFault","DB70.DBX97.1",Boolean,1,RO,100,,,,,,,,,,"M5049货物超边故障",
"M5049.Alarm.PH_Fault","DB70.DBX96.6",Boolean,1,RO,100,,,,,,,,,,"M5049光电管异常",
"M5049.Alarm.QF_Fault","DB70.DBX96.4",Boolean,1,RO,100,,,,,,,,,,"M5049空开故障",
"M5049.Alarm.QS_Fault","DB70.DBX96.5",Boolean,1,RO,100,,,,,,,,,,"M5049隔离开关故障",
"M5049.Alarm.R_Fault","DB50.DBX1452.6",Boolean,1,RO,100,,,,,,,,,,"M5049右超宽",
"M5049.Alarm.RFID_ReadFault","DB50.DBX1453.3",Boolean,1,RO,100,,,,,,,,,,"M5049RFID读取错误",
"M5049.Alarm.RFID_WriteFault","DB50.DBX1453.2",Boolean,1,RO,100,,,,,,,,,,"M5049RFID写入错误",
"M5049.Alarm.STV_TimeOut","MX1101.7",Boolean,1,RO,100,,,,,,,,,,"M5049环穿任务超时",
"M5049.Alarm.TimeOutFault","DB70.DBX96.3",Boolean,1,RO,100,,,,,,,,,,"M5049超时故障",
"M5049.Alarm.TM_JY_Fault","DB50.DBX1453.0",Boolean,1,RO,100,,,,,,,,,,"M5049条码校验故障",
"M5049.Alarm.TotalFault","DB70.DBX96.1",Boolean,1,RO,100,,,,,,,,,,"M5049总故障",
"M5049.Alarm.WX_Fault","DB50.DBX1452.1",Boolean,1,RO,100,,,,,,,,,,"M5049外形故障",
"M5049.Alarm.WX_TM_Fault","DB50.DBX1452.0",Boolean,1,RO,100,,,,,,,,,,"M5049外形条码总故障",
"M5049.State.Allow","DB50.DBB1459",Byte,1,RO,100,,,,,,,,,,"M5049允许拆盘",
"M5049.State.ForwardRun","DB70.DBX97.6",Boolean,1,RO,100,,,,,,,,,,"M5049正转运行",
"M5049.State.Get_Num","DB50.DBB1458",Byte,1,RO,100,,,,,,,,,,"M5049已取数量",
"M5049.State.GET_OK1","Q119.6",Boolean,1,RO,100,,,,,,,,,,"5049取货OK",
"M5049.State.GET_REQ","I156.4",Boolean,1,RO,100,,,,,,,,,,"5049环穿请求取货",
"M5049.State.LastOne","DB50.DBX1453.4",Boolean,1,RO,100,,,,,,,,,,"M5049强制推盘",
"M5049.State.Load","DB70.DBX97.5",Boolean,1,RO,100,,,,,,,,,,"M5049负载",
"M5049.State.MD_State1","DB50.DINT1460",Long,1,RO,100,,,,,,,,,,"M5049码垛状态1",
"M5049.State.MD_State2","DB50.DBB1464",Byte,1,RO,100,,,,,,,,,,"M5049码垛状态2",
"M5049.State.MS_RUN2","Q119.1",Boolean,1,RO,100,,,,,,,,,,"5049MS可以行走",
"M5049.State.Need_Num","DB50.DBB1457",Byte,1,RO,100,,,,,,,,,,"M5049要取数量",
"M5049.State.PH1","I154.3",Boolean,1,RO,100,,,,,,,,,,"5049减速光电",
"M5049.State.PH2","I154.5",Boolean,1,RO,100,,,,,,,,,,"5049到位光电",
"M5049.State.PH3","I154.7",Boolean,1,RO,100,,,,,,,,,,"5049对射保护光电",
"M5049.State.READY","Q37.7",Boolean,1,RO,100,,,,,,,,,,"5049准备好",
"M5049.State.ReversalRun","DB70.DBX97.7",Boolean,1,RO,100,,,,,,,,,,"M5049反转运行",
"M5049.State.Runing","DB70.DBX96.0",Boolean,1,RO,100,,,,,,,,,,"M5049设备运行标志",
"M5049.State.RUNNING","Q37.5",Boolean,1,RO,100,,,,,,,,,,"5049移栽中",
"M5049.State.SelectPlace","DB70.DBX96.7",Boolean,1,RO,100,,,,,,,,,,"M5049选中位",
"M5049.State.YX_DX","DB50.DBB1455",Byte,1,RO,100,,,,,,,,,,"M5049码垛垛型",
"M5049.State.YX_Num","DB50.DBB1456",Byte,1,RO,100,,,,,,,,,,"M5049烟箱数量",
"M5049.State.YX_Type","DB50.DBB1454",Byte,1,RO,100,,,,,,,,,,"M5049烟箱类型",
"M5049.State.YZ_OK3","Q119.3",Boolean,1,RO,100,,,,,,,,,,"5049移栽OK",
"M5049.Task.Code","DB50.DINT1442",Long,1,RO,100,,,,,,,,,,"M5049托盘条码",
"M5049.Task.DestSta","DB50.DBW1450",Short,1,RO,100,,,,,,,,,,"M5049目标地址",
"M5049.Task.StartSta","DB50.DBW1448",Short,1,RO,100,,,,,,,,,,"M5049起始地址",
"M5049.Task.Task","DB50.DBW1440",Short,1,RO,100,,,,,,,,,,"M5049任务号",
"M5049.Task.TpType","DB50.DBW1446",Short,1,RO,100,,,,,,,,,,"M5049货物类型",
"M5050.Alarm.B_Fault","DB50.DBX1482.4",Boolean,1,RO,100,,,,,,,,,,"M5050后超长",
"M5050.Alarm.DriveFault","DB70.DBX98.2",Boolean,1,RO,100,,,,,,,,,,"M5050驱动器故障",
"M5050.Alarm.EstopFault","DB70.DBX99.3",Boolean,1,RO,100,,,,,,,,,,"M5050急停故障",
"M5050.Alarm.F_Fault","DB50.DBX1482.3",Boolean,1,RO,100,,,,,,,,,,"M5050前超长",
"M5050.Alarm.H_Fault","DB50.DBX1482.2",Boolean,1,RO,100,,,,,,,,,,"M5050超高",
"M5050.Alarm.L_Fault","DB50.DBX1482.5",Boolean,1,RO,100,,,,,,,,,,"M5050左超宽",
"M5050.Alarm.LS_Fault","DB70.DBX99.2",Boolean,1,RO,100,,,,,,,,,,"M5050限位故障",
"M5050.Alarm.NoRead","DB50.DBX1483.1",Boolean,1,RO,100,,,,,,,,,,"M5050条码未读出",
"M5050.Alarm.OutSideFault","DB70.DBX99.1",Boolean,1,RO,100,,,,,,,,,,"M5050货物超边故障",
"M5050.Alarm.PH_Fault","DB70.DBX98.6",Boolean,1,RO,100,,,,,,,,,,"M5050光电管异常",
"M5050.Alarm.QF_Fault","DB70.DBX98.4",Boolean,1,RO,100,,,,,,,,,,"M5050空开故障",
"M5050.Alarm.QS_Fault","DB70.DBX98.5",Boolean,1,RO,100,,,,,,,,,,"M5050隔离开关故障",
"M5050.Alarm.R_Fault","DB50.DBX1482.6",Boolean,1,RO,100,,,,,,,,,,"M5050右超宽",
"M5050.Alarm.RFID_ReadFault","DB50.DBX1483.3",Boolean,1,RO,100,,,,,,,,,,"M5050RFID读取错误",
"M5050.Alarm.RFID_WriteFault","DB50.DBX1483.2",Boolean,1,RO,100,,,,,,,,,,"M5050RFID写入错误",
"M5050.Alarm.TimeOutFault","DB70.DBX98.3",Boolean,1,RO,100,,,,,,,,,,"M5050超时故障",
"M5050.Alarm.TM_JY_Fault","DB50.DBX1483.0",Boolean,1,RO,100,,,,,,,,,,"M5050条码校验故障",
"M5050.Alarm.TotalFault","DB70.DBX98.1",Boolean,1,RO,100,,,,,,,,,,"M5050总故障",
"M5050.Alarm.WX_Fault","DB50.DBX1482.1",Boolean,1,RO,100,,,,,,,,,,"M5050外形故障",
"M5050.Alarm.WX_TM_Fault","DB50.DBX1482.0",Boolean,1,RO,100,,,,,,,,,,"M5050外形条码总故障",
"M5050.State.Allow","DB50.DBB1489",Byte,1,RO,100,,,,,,,,,,"M5050允许拆盘",
"M5050.State.ForwardRun","DB70.DBX99.6",Boolean,1,RO,100,,,,,,,,,,"M5050正转运行",
"M5050.State.Get_Num","DB50.DBB1488",Byte,1,RO,100,,,,,,,,,,"M5050已取数量",
"M5050.State.LastOne","DB50.DBX1483.4",Boolean,1,RO,100,,,,,,,,,,"M5050强制推盘",
"M5050.State.Load","DB70.DBX99.5",Boolean,1,RO,100,,,,,,,,,,"M5050负载",
"M5050.State.M5030_FZ","Q361.1",Boolean,1,RO,100,,,,,,,,,,"5050反转",
"M5050.State.M5030_ZZ","Q361.0",Boolean,1,RO,100,,,,,,,,,,"5050正转",
"M5050.State.M5050_2_RF","Q287.0",Boolean,1,RO,100,,,,,,,,,,"5050.2上升",
"M5050.State.MD_State1","DB50.DINT1490",Long,1,RO,100,,,,,,,,,,"M5050码垛状态1",
"M5050.State.MD_State2","DB50.DBB1494",Byte,1,RO,100,,,,,,,,,,"M5050码垛状态2",
"M5050.State.Need_Num","DB50.DBB1487",Byte,1,RO,100,,,,,,,,,,"M5050要取数量",
"M5050.State.PR5050_1","I170.4",Boolean,1,RO,100,,,,,,,,,,"5050高位",
"M5050.State.PR5050_2","I170.6",Boolean,1,RO,100,,,,,,,,,,"5050低位",
"M5050.State.ReversalRun","DB70.DBX99.7",Boolean,1,RO,100,,,,,,,,,,"M5050反转运行",
"M5050.State.Runing","DB70.DBX98.0",Boolean,1,RO,100,,,,,,,,,,"M5050设备运行标志",
"M5050.State.SelectPlace","DB70.DBX98.7",Boolean,1,RO,100,,,,,,,,,,"M5050选中位",
"M5050.State.YX_DX","DB50.DBB1485",Byte,1,RO,100,,,,,,,,,,"M5050码垛垛型",
"M5050.State.YX_Num","DB50.DBB1486",Byte,1,RO,100,,,,,,,,,,"M5050烟箱数量",
"M5050.State.YX_Type","DB50.DBB1484",Byte,1,RO,100,,,,,,,,,,"M5050烟箱类型",
"M5050.Task.Code","DB50.DINT1472",Long,1,RO,100,,,,,,,,,,"M5050托盘条码",
"M5050.Task.DestSta","DB50.DBW1480",Short,1,RO,100,,,,,,,,,,"M5050目标地址",
"M5050.Task.StartSta","DB50.DBW1478",Short,1,RO,100,,,,,,,,,,"M5050起始地址",
"M5050.Task.Task","DB50.DBW1470",Short,1,RO,100,,,,,,,,,,"M5050任务号",
"M5050.Task.TpType","DB50.DBW1476",Short,1,RO,100,,,,,,,,,,"M5050货物类型",
"M5051.Alarm.B_Fault","DB50.DBX1512.4",Boolean,1,RO,100,,,,,,,,,,"M5051后超长",
"M5051.Alarm.DriveFault","DB70.DBX100.2",Boolean,1,RO,100,,,,,,,,,,"M5051驱动器故障",
"M5051.Alarm.EstopFault","DB70.DBX101.3",Boolean,1,RO,100,,,,,,,,,,"M5051急停故障",
"M5051.Alarm.F_Fault","DB50.DBX1512.3",Boolean,1,RO,100,,,,,,,,,,"M5051前超长",
"M5051.Alarm.H_Fault","DB50.DBX1512.2",Boolean,1,RO,100,,,,,,,,,,"M5051超高",
"M5051.Alarm.L_Fault","DB50.DBX1512.5",Boolean,1,RO,100,,,,,,,,,,"M5051左超宽",
"M5051.Alarm.LS_Fault","DB70.DBX101.2",Boolean,1,RO,100,,,,,,,,,,"M5051限位故障",
"M5051.Alarm.NoRead","DB50.DBX1513.1",Boolean,1,RO,100,,,,,,,,,,"M5051条码未读出",
"M5051.Alarm.OutSideFault","DB70.DBX101.1",Boolean,1,RO,100,,,,,,,,,,"M5051货物超边故障",
"M5051.Alarm.PH_Fault","DB70.DBX100.6",Boolean,1,RO,100,,,,,,,,,,"M5051光电管异常",
"M5051.Alarm.QF_Fault","DB70.DBX100.4",Boolean,1,RO,100,,,,,,,,,,"M5051空开故障",
"M5051.Alarm.QS_Fault","DB70.DBX100.5",Boolean,1,RO,100,,,,,,,,,,"M5051隔离开关故障",
"M5051.Alarm.R_Fault","DB50.DBX1512.6",Boolean,1,RO,100,,,,,,,,,,"M5051右超宽",
"M5051.Alarm.RFID_ReadFault","DB50.DBX1513.3",Boolean,1,RO,100,,,,,,,,,,"M5051RFID读取错误",
"M5051.Alarm.RFID_WriteFault","DB50.DBX1513.2",Boolean,1,RO,100,,,,,,,,,,"M5051RFID写入错误",
"M5051.Alarm.TimeOutFault","DB70.DBX100.3",Boolean,1,RO,100,,,,,,,,,,"M5051超时故障",
"M5051.Alarm.TM_JY_Fault","DB50.DBX1513.0",Boolean,1,RO,100,,,,,,,,,,"M5051条码校验故障",
"M5051.Alarm.TotalFault","DB70.DBX100.1",Boolean,1,RO,100,,,,,,,,,,"M5051总故障",
"M5051.Alarm.WX_Fault","DB50.DBX1512.1",Boolean,1,RO,100,,,,,,,,,,"M5051外形故障",
"M5051.Alarm.WX_TM_Fault","DB50.DBX1512.0",Boolean,1,RO,100,,,,,,,,,,"M5051外形条码总故障",
"M5051.State.Allow","DB50.DBB1519",Byte,1,RO,100,,,,,,,,,,"M5051允许拆盘",
"M5051.State.ForwardRun","DB70.DBX101.6",Boolean,1,RO,100,,,,,,,,,,"M5051正转运行",
"M5051.State.Get_Num","DB50.DBB1518",Byte,1,RO,100,,,,,,,,,,"M5051已取数量",
"M5051.State.KA5051_DOWN","Q39.2",Boolean,1,RO,100,,,,,,,,,,"5051气缸下降",
"M5051.State.KA5051_UP","Q39.0",Boolean,1,RO,100,,,,,,,,,,"5051气缸上升",
"M5051.State.LastOne","DB50.DBX1513.4",Boolean,1,RO,100,,,,,,,,,,"M5051强制推盘",
"M5051.State.Load","DB70.DBX101.5",Boolean,1,RO,100,,,,,,,,,,"M5051负载",
"M5051.State.MD_State1","DB50.DINT1520",Long,1,RO,100,,,,,,,,,,"M5051码垛状态1",
"M5051.State.MD_State2","DB50.DBB1524",Byte,1,RO,100,,,,,,,,,,"M5051码垛状态2",
"M5051.State.MS5051_1","I252.3",Boolean,1,RO,100,,,,,,,,,,"5051气缸高位",
"M5051.State.MS5051_2","I252.5",Boolean,1,RO,100,,,,,,,,,,"5051气缸低位",
"M5051.State.Need_Num","DB50.DBB1517",Byte,1,RO,100,,,,,,,,,,"M5051要取数量",
"M5051.State.PH1","I252.2",Boolean,1,RO,100,,,,,,,,,,"5051减速光电1",
"M5051.State.PH2","I252.4",Boolean,1,RO,100,,,,,,,,,,"5051到位光电1",
"M5051.State.PH3","I252.6",Boolean,1,RO,100,,,,,,,,,,"5051减速光电2",
"M5051.State.PH4","I252.1",Boolean,1,RO,100,,,,,,,,,,"5051到位光电2",
"M5051.State.ReversalRun","DB70.DBX101.7",Boolean,1,RO,100,,,,,,,,,,"M5051反转运行",
"M5051.State.Runing","DB70.DBX100.0",Boolean,1,RO,100,,,,,,,,,,"M5051设备运行标志",
"M5051.State.SelectPlace","DB70.DBX100.7",Boolean,1,RO,100,,,,,,,,,,"M5051选中位",
"M5051.State.YX_DX","DB50.DBB1515",Byte,1,RO,100,,,,,,,,,,"M5051码垛垛型",
"M5051.State.YX_Num","DB50.DBB1516",Byte,1,RO,100,,,,,,,,,,"M5051烟箱数量",
"M5051.State.YX_Type","DB50.DBB1514",Byte,1,RO,100,,,,,,,,,,"M5051烟箱类型",
"M5051.Task.Code","DB50.DINT1502",Long,1,RO,100,,,,,,,,,,"M5051托盘条码",
"M5051.Task.DestSta","DB50.DBW1510",Short,1,RO,100,,,,,,,,,,"M5051目标地址",
"M5051.Task.StartSta","DB50.DBW1508",Short,1,RO,100,,,,,,,,,,"M5051起始地址",
"M5051.Task.Task","DB50.DBW1500",Short,1,RO,100,,,,,,,,,,"M5051任务号",
"M5051.Task.TpType","DB50.DBW1506",Short,1,RO,100,,,,,,,,,,"M5051货物类型",
"M5052.Alarm.B_Fault","DB50.DBX1542.4",Boolean,1,RO,100,,,,,,,,,,"M5052后超长",
"M5052.Alarm.DriveFault","DB70.DBX102.2",Boolean,1,RO,100,,,,,,,,,,"M5052驱动器故障",
"M5052.Alarm.EstopFault","DB70.DBX103.3",Boolean,1,RO,100,,,,,,,,,,"M5052急停故障",
"M5052.Alarm.F_Fault","DB50.DBX1542.3",Boolean,1,RO,100,,,,,,,,,,"M5052前超长",
"M5052.Alarm.H_Fault","DB50.DBX1542.2",Boolean,1,RO,100,,,,,,,,,,"M5052超高",
"M5052.Alarm.L_Fault","DB50.DBX1542.5",Boolean,1,RO,100,,,,,,,,,,"M5052左超宽",
"M5052.Alarm.LS_Fault","DB70.DBX103.2",Boolean,1,RO,100,,,,,,,,,,"M5052限位故障",
"M5052.Alarm.NoRead","DB50.DBX1543.1",Boolean,1,RO,100,,,,,,,,,,"M5052条码未读出",
"M5052.Alarm.OutSideFault","DB70.DBX103.1",Boolean,1,RO,100,,,,,,,,,,"M5052货物超边故障",
"M5052.Alarm.PH_Fault","DB70.DBX102.6",Boolean,1,RO,100,,,,,,,,,,"M5052光电管异常",
"M5052.Alarm.QF_Fault","DB70.DBX102.4",Boolean,1,RO,100,,,,,,,,,,"M5052空开故障",
"M5052.Alarm.QS_Fault","DB70.DBX102.5",Boolean,1,RO,100,,,,,,,,,,"M5052隔离开关故障",
"M5052.Alarm.R_Fault","DB50.DBX1542.6",Boolean,1,RO,100,,,,,,,,,,"M5052右超宽",
"M5052.Alarm.RFID_ReadFault","DB50.DBX1543.3",Boolean,1,RO,100,,,,,,,,,,"M5052RFID读取错误",
"M5052.Alarm.RFID_WriteFault","DB50.DBX1543.2",Boolean,1,RO,100,,,,,,,,,,"M5052RFID写入错误",
"M5052.Alarm.STV_TimeOut","MX1102.0",Boolean,1,RO,100,,,,,,,,,,"M5052环穿任务超时",
"M5052.Alarm.TimeOutFault","DB70.DBX102.3",Boolean,1,RO,100,,,,,,,,,,"M5052超时故障",
"M5052.Alarm.TM_JY_Fault","DB50.DBX1543.0",Boolean,1,RO,100,,,,,,,,,,"M5052条码校验故障",
"M5052.Alarm.TotalFault","DB70.DBX102.1",Boolean,1,RO,100,,,,,,,,,,"M5052总故障",
"M5052.Alarm.WX_Fault","DB50.DBX1542.1",Boolean,1,RO,100,,,,,,,,,,"M5052外形故障",
"M5052.Alarm.WX_TM_Fault","DB50.DBX1542.0",Boolean,1,RO,100,,,,,,,,,,"M5052外形条码总故障",
"M5052.State.Allow","DB50.DBB1549",Byte,1,RO,100,,,,,,,,,,"M5052允许拆盘",
"M5052.State.ForwardRun","DB70.DBX103.6",Boolean,1,RO,100,,,,,,,,,,"M5052正转运行",
"M5052.State.Get_Num","DB50.DBB1548",Byte,1,RO,100,,,,,,,,,,"M5052已取数量",
"M5052.State.GET_OK1","Q119.0",Boolean,1,RO,100,,,,,,,,,,"5052取货OK",
"M5052.State.GET_REQ","I285.0",Boolean,1,RO,100,,,,,,,,,,"5052环穿请求取货",
"M5052.State.LastOne","DB50.DBX1543.4",Boolean,1,RO,100,,,,,,,,,,"M5052强制推盘",
"M5052.State.Load","DB70.DBX103.5",Boolean,1,RO,100,,,,,,,,,,"M5052负载",
"M5052.State.MD_State1","DB50.DINT1550",Long,1,RO,100,,,,,,,,,,"M5052码垛状态1",
"M5052.State.MD_State2","DB50.DBB1554",Byte,1,RO,100,,,,,,,,,,"M5052码垛状态2",
"M5052.State.MS_RUN2","Q119.2",Boolean,1,RO,100,,,,,,,,,,"5052MS可以行走",
"M5052.State.Need_Num","DB50.DBB1547",Byte,1,RO,100,,,,,,,,,,"M5052要取数量",
"M5052.State.PH1","I170.3",Boolean,1,RO,100,,,,,,,,,,"5052减速光电",
"M5052.State.PH2","I170.5",Boolean,1,RO,100,,,,,,,,,,"5052到位光电",
"M5052.State.PH3","I170.7",Boolean,1,RO,100,,,,,,,,,,"5052对射保护光电",
"M5052.State.READY","Q40.2",Boolean,1,RO,100,,,,,,,,,,"5052准备好",
"M5052.State.ReversalRun","DB70.DBX103.7",Boolean,1,RO,100,,,,,,,,,,"M5052反转运行",
"M5052.State.Runing","DB70.DBX102.0",Boolean,1,RO,100,,,,,,,,,,"M5052设备运行标志",
"M5052.State.RUNNING","Q40.0",Boolean,1,RO,100,,,,,,,,,,"5052移栽中",
"M5052.State.SelectPlace","DB70.DBX102.7",Boolean,1,RO,100,,,,,,,,,,"M5052选中位",
"M5052.State.YX_DX","DB50.DBB1545",Byte,1,RO,100,,,,,,,,,,"M5052码垛垛型",
"M5052.State.YX_Num","DB50.DBB1546",Byte,1,RO,100,,,,,,,,,,"M5052烟箱数量",
"M5052.State.YX_Type","DB50.DBB1544",Byte,1,RO,100,,,,,,,,,,"M5052烟箱类型",
"M5052.State.YZ_OK3","Q119.4",Boolean,1,RO,100,,,,,,,,,,"5052移栽OK",
"M5052.Task.Code","DB50.DINT1532",Long,1,RO,100,,,,,,,,,,"M5052托盘条码",
"M5052.Task.DestSta","DB50.DBW1540",Short,1,RO,100,,,,,,,,,,"M5052目标地址",
"M5052.Task.StartSta","DB50.DBW1538",Short,1,RO,100,,,,,,,,,,"M5052起始地址",
"M5052.Task.Task","DB50.DBW1530",Short,1,RO,100,,,,,,,,,,"M5052任务号",
"M5052.Task.TpType","DB50.DBW1536",Short,1,RO,100,,,,,,,,,,"M5052货物类型",
"M5053.Alarm.B_Fault","DB50.DBX1572.4",Boolean,1,RO,100,,,,,,,,,,"M5053后超长",
"M5053.Alarm.DriveFault","DB70.DBX104.2",Boolean,1,RO,100,,,,,,,,,,"M5053驱动器故障",
"M5053.Alarm.EstopFault","DB70.DBX105.3",Boolean,1,RO,100,,,,,,,,,,"M5053急停故障",
"M5053.Alarm.F_Fault","DB50.DBX1572.3",Boolean,1,RO,100,,,,,,,,,,"M5053前超长",
"M5053.Alarm.H_Fault","DB50.DBX1572.2",Boolean,1,RO,100,,,,,,,,,,"M5053超高",
"M5053.Alarm.L_Fault","DB50.DBX1572.5",Boolean,1,RO,100,,,,,,,,,,"M5053左超宽",
"M5053.Alarm.LS_Fault","DB70.DBX105.2",Boolean,1,RO,100,,,,,,,,,,"M5053限位故障",
"M5053.Alarm.NoRead","DB50.DBX1573.1",Boolean,1,RO,100,,,,,,,,,,"M5053条码未读出",
"M5053.Alarm.OutSideFault","DB70.DBX105.1",Boolean,1,RO,100,,,,,,,,,,"M5053货物超边故障",
"M5053.Alarm.PH_Fault","DB70.DBX104.6",Boolean,1,RO,100,,,,,,,,,,"M5053光电管异常",
"M5053.Alarm.QF_Fault","DB70.DBX104.4",Boolean,1,RO,100,,,,,,,,,,"M5053空开故障",
"M5053.Alarm.QS_Fault","DB70.DBX104.5",Boolean,1,RO,100,,,,,,,,,,"M5053隔离开关故障",
"M5053.Alarm.R_Fault","DB50.DBX1572.6",Boolean,1,RO,100,,,,,,,,,,"M5053右超宽",
"M5053.Alarm.RFID_ReadFault","DB50.DBX1573.3",Boolean,1,RO,100,,,,,,,,,,"M5053RFID读取错误",
"M5053.Alarm.RFID_WriteFault","DB50.DBX1573.2",Boolean,1,RO,100,,,,,,,,,,"M5053RFID写入错误",
"M5053.Alarm.TimeOutFault","DB70.DBX104.3",Boolean,1,RO,100,,,,,,,,,,"M5053超时故障",
"M5053.Alarm.TM_JY_Fault","DB50.DBX1573.0",Boolean,1,RO,100,,,,,,,,,,"M5053条码校验故障",
"M5053.Alarm.TotalFault","DB70.DBX104.1",Boolean,1,RO,100,,,,,,,,,,"M5053总故障",
"M5053.Alarm.WX_Fault","DB50.DBX1572.1",Boolean,1,RO,100,,,,,,,,,,"M5053外形故障",
"M5053.Alarm.WX_TM_Fault","DB50.DBX1572.0",Boolean,1,RO,100,,,,,,,,,,"M5053外形条码总故障",
"M5053.State.Allow","DB50.DBB1579",Byte,1,RO,100,,,,,,,,,,"M5053允许拆盘",
"M5053.State.ForwardRun","DB70.DBX105.6",Boolean,1,RO,100,,,,,,,,,,"M5053正转运行",
"M5053.State.Get_Num","DB50.DBB1578",Byte,1,RO,100,,,,,,,,,,"M5053已取数量",
"M5053.State.LastOne","DB50.DBX1573.4",Boolean,1,RO,100,,,,,,,,,,"M5053强制推盘",
"M5053.State.Load","DB70.DBX105.5",Boolean,1,RO,100,,,,,,,,,,"M5053负载",
"M5053.State.M5053_2_RF","Q289.0",Boolean,1,RO,100,,,,,,,,,,"5053.2上升",
"M5053.State.MD_State1","DB50.DINT1580",Long,1,RO,100,,,,,,,,,,"M5053码垛状态1",
"M5053.State.MD_State2","DB50.DBB1584",Byte,1,RO,100,,,,,,,,,,"M5053码垛状态2",
"M5053.State.Need_Num","DB50.DBB1577",Byte,1,RO,100,,,,,,,,,,"M5053要取数量",
"M5053.State.PR5053_1","I253.4",Boolean,1,RO,100,,,,,,,,,,"5053高位",
"M5053.State.PR5053_2","I253.6",Boolean,1,RO,100,,,,,,,,,,"5053低位",
"M5053.State.ReversalRun","DB70.DBX105.7",Boolean,1,RO,100,,,,,,,,,,"M5053反转运行",
"M5053.State.Runing","DB70.DBX104.0",Boolean,1,RO,100,,,,,,,,,,"M5053设备运行标志",
"M5053.State.SelectPlace","DB70.DBX104.7",Boolean,1,RO,100,,,,,,,,,,"M5053选中位",
"M5053.State.YX_DX","DB50.DBB1575",Byte,1,RO,100,,,,,,,,,,"M5053码垛垛型",
"M5053.State.YX_Num","DB50.DBB1576",Byte,1,RO,100,,,,,,,,,,"M5053烟箱数量",
"M5053.State.YX_Type","DB50.DBB1574",Byte,1,RO,100,,,,,,,,,,"M5053烟箱类型",
"M5053.Task.Code","DB50.DINT1562",Long,1,RO,100,,,,,,,,,,"M5053托盘条码",
"M5053.Task.DestSta","DB50.DBW1570",Short,1,RO,100,,,,,,,,,,"M5053目标地址",
"M5053.Task.StartSta","DB50.DBW1568",Short,1,RO,100,,,,,,,,,,"M5053起始地址",
"M5053.Task.Task","DB50.DBW1560",Short,1,RO,100,,,,,,,,,,"M5053任务号",
"M5053.Task.TpType","DB50.DBW1566",Short,1,RO,100,,,,,,,,,,"M5053货物类型",
"M5054.Alarm.B_Fault","DB50.DBX1602.4",Boolean,1,RO,100,,,,,,,,,,"M5054后超长",
"M5054.Alarm.DriveFault","DB70.DBX106.2",Boolean,1,RO,100,,,,,,,,,,"M5054驱动器故障",
"M5054.Alarm.EstopFault","DB70.DBX107.3",Boolean,1,RO,100,,,,,,,,,,"M5054急停故障",
"M5054.Alarm.F_Fault","DB50.DBX1602.3",Boolean,1,RO,100,,,,,,,,,,"M5054前超长",
"M5054.Alarm.H_Fault","DB50.DBX1602.2",Boolean,1,RO,100,,,,,,,,,,"M5054超高",
"M5054.Alarm.L_Fault","DB50.DBX1602.5",Boolean,1,RO,100,,,,,,,,,,"M5054左超宽",
"M5054.Alarm.LS_Fault","DB70.DBX107.2",Boolean,1,RO,100,,,,,,,,,,"M5054限位故障",
"M5054.Alarm.NoRead","DB50.DBX1603.1",Boolean,1,RO,100,,,,,,,,,,"M5054条码未读出",
"M5054.Alarm.OutSideFault","DB70.DBX107.1",Boolean,1,RO,100,,,,,,,,,,"M5054货物超边故障",
"M5054.Alarm.PH_Fault","DB70.DBX106.6",Boolean,1,RO,100,,,,,,,,,,"M5054光电管异常",
"M5054.Alarm.QF_Fault","DB70.DBX106.4",Boolean,1,RO,100,,,,,,,,,,"M5054空开故障",
"M5054.Alarm.QS_Fault","DB70.DBX106.5",Boolean,1,RO,100,,,,,,,,,,"M5054隔离开关故障",
"M5054.Alarm.R_Fault","DB50.DBX1602.6",Boolean,1,RO,100,,,,,,,,,,"M5054右超宽",
"M5054.Alarm.RFID_ReadFault","DB50.DBX1603.3",Boolean,1,RO,100,,,,,,,,,,"M5054RFID读取错误",
"M5054.Alarm.RFID_WriteFault","DB50.DBX1603.2",Boolean,1,RO,100,,,,,,,,,,"M5054RFID写入错误",
"M5054.Alarm.TimeOutFault","DB70.DBX106.3",Boolean,1,RO,100,,,,,,,,,,"M5054超时故障",
"M5054.Alarm.TM_JY_Fault","DB50.DBX1603.0",Boolean,1,RO,100,,,,,,,,,,"M5054条码校验故障",
"M5054.Alarm.TotalFault","DB70.DBX106.1",Boolean,1,RO,100,,,,,,,,,,"M5054总故障",
"M5054.Alarm.WX_Fault","DB50.DBX1602.1",Boolean,1,RO,100,,,,,,,,,,"M5054外形故障",
"M5054.Alarm.WX_TM_Fault","DB50.DBX1602.0",Boolean,1,RO,100,,,,,,,,,,"M5054外形条码总故障",
"M5054.State.Allow","DB50.DBB1609",Byte,1,RO,100,,,,,,,,,,"M5054允许拆盘",
"M5054.State.ForwardRun","DB70.DBX107.6",Boolean,1,RO,100,,,,,,,,,,"M5054正转运行",
"M5054.State.Get_Num","DB50.DBB1608",Byte,1,RO,100,,,,,,,,,,"M5054已取数量",
"M5054.State.LastOne","DB50.DBX1603.4",Boolean,1,RO,100,,,,,,,,,,"M5054强制推盘",
"M5054.State.Load","DB70.DBX107.5",Boolean,1,RO,100,,,,,,,,,,"M5054负载",
"M5054.State.M5054_FZ","Q293.1",Boolean,1,RO,100,,,,,,,,,,"5054反转",
"M5054.State.M5054-ZZ","Q293.0",Boolean,1,RO,100,,,,,,,,,,"5054正转",
"M5054.State.MD_State1","DB50.DINT1610",Long,1,RO,100,,,,,,,,,,"M5054码垛状态1",
"M5054.State.MD_State2","DB50.DBB1614",Byte,1,RO,100,,,,,,,,,,"M5054码垛状态2",
"M5054.State.Need_Num","DB50.DBB1607",Byte,1,RO,100,,,,,,,,,,"M5054要取数量",
"M5054.State.PH1","I253.3",Boolean,1,RO,100,,,,,,,,,,"5054减速光电",
"M5054.State.PH2","I253.5",Boolean,1,RO,100,,,,,,,,,,"5054到位光电1",
"M5054.State.PH3","I253.7",Boolean,1,RO,100,,,,,,,,,,"5054到位光电2",
"M5054.State.ReversalRun","DB70.DBX107.7",Boolean,1,RO,100,,,,,,,,,,"M5054反转运行",
"M5054.State.Runing","DB70.DBX106.0",Boolean,1,RO,100,,,,,,,,,,"M5054设备运行标志",
"M5054.State.SelectPlace","DB70.DBX106.7",Boolean,1,RO,100,,,,,,,,,,"M5054选中位",
"M5054.State.YX_DX","DB50.DBB1605",Byte,1,RO,100,,,,,,,,,,"M5054码垛垛型",
"M5054.State.YX_Num","DB50.DBB1606",Byte,1,RO,100,,,,,,,,,,"M5054烟箱数量",
"M5054.State.YX_Type","DB50.DBB1604",Byte,1,RO,100,,,,,,,,,,"M5054烟箱类型",
"M5054.Task.Code","DB50.DINT1592",Long,1,RO,100,,,,,,,,,,"M5054托盘条码",
"M5054.Task.DestSta","DB50.DBW1600",Short,1,RO,100,,,,,,,,,,"M5054目标地址",
"M5054.Task.StartSta","DB50.DBW1598",Short,1,RO,100,,,,,,,,,,"M5054起始地址",
"M5054.Task.Task","DB50.DBW1590",Short,1,RO,100,,,,,,,,,,"M5054任务号",
"M5054.Task.TpType","DB50.DBW1596",Short,1,RO,100,,,,,,,,,,"M5054货物类型",
"M5055.Alarm.B_Fault","DB50.DBX1632.4",Boolean,1,RO,100,,,,,,,,,,"M5055后超长",
"M5055.Alarm.DriveFault","DB70.DBX108.2",Boolean,1,RO,100,,,,,,,,,,"M5055驱动器故障",
"M5055.Alarm.EstopFault","DB70.DBX109.3",Boolean,1,RO,100,,,,,,,,,,"M5055急停故障",
"M5055.Alarm.F_Fault","DB50.DBX1632.3",Boolean,1,RO,100,,,,,,,,,,"M5055前超长",
"M5055.Alarm.H_Fault","DB50.DBX1632.2",Boolean,1,RO,100,,,,,,,,,,"M5055超高",
"M5055.Alarm.L_Fault","DB50.DBX1632.5",Boolean,1,RO,100,,,,,,,,,,"M5055左超宽",
"M5055.Alarm.LS_Fault","DB70.DBX109.2",Boolean,1,RO,100,,,,,,,,,,"M5055限位故障",
"M5055.Alarm.NoRead","DB50.DBX1633.1",Boolean,1,RO,100,,,,,,,,,,"M5055条码未读出",
"M5055.Alarm.OutSideFault","DB70.DBX109.1",Boolean,1,RO,100,,,,,,,,,,"M5055货物超边故障",
"M5055.Alarm.PH_Fault","DB70.DBX108.6",Boolean,1,RO,100,,,,,,,,,,"M5055光电管异常",
"M5055.Alarm.QF_Fault","DB70.DBX108.4",Boolean,1,RO,100,,,,,,,,,,"M5055空开故障",
"M5055.Alarm.QS_Fault","DB70.DBX108.5",Boolean,1,RO,100,,,,,,,,,,"M5055隔离开关故障",
"M5055.Alarm.R_Fault","DB50.DBX1632.6",Boolean,1,RO,100,,,,,,,,,,"M5055右超宽",
"M5055.Alarm.RFID_ReadFault","DB50.DBX1633.3",Boolean,1,RO,100,,,,,,,,,,"M5055RFID读取错误",
"M5055.Alarm.RFID_WriteFault","DB50.DBX1633.2",Boolean,1,RO,100,,,,,,,,,,"M5055RFID写入错误",
"M5055.Alarm.STV_TimeOut","MX1102.1",Boolean,1,RO,100,,,,,,,,,,"M5055环穿任务超时",
"M5055.Alarm.TimeOutFault","DB70.DBX108.3",Boolean,1,RO,100,,,,,,,,,,"M5055超时故障",
"M5055.Alarm.TM_JY_Fault","DB50.DBX1633.0",Boolean,1,RO,100,,,,,,,,,,"M5055条码校验故障",
"M5055.Alarm.TotalFault","DB70.DBX108.1",Boolean,1,RO,100,,,,,,,,,,"M5055总故障",
"M5055.Alarm.WX_Fault","DB50.DBX1632.1",Boolean,1,RO,100,,,,,,,,,,"M5055外形故障",
"M5055.Alarm.WX_TM_Fault","DB50.DBX1632.0",Boolean,1,RO,100,,,,,,,,,,"M5055外形条码总故障",
"M5055.State.Allow","DB50.DBB1639",Byte,1,RO,100,,,,,,,,,,"M5055允许拆盘",
"M5055.State.ForwardRun","DB70.DBX109.6",Boolean,1,RO,100,,,,,,,,,,"M5055正转运行",
"M5055.State.Get_Num","DB50.DBB1638",Byte,1,RO,100,,,,,,,,,,"M5055已取数量",
"M5055.State.LastOne","DB50.DBX1633.4",Boolean,1,RO,100,,,,,,,,,,"M5055强制推盘",
"M5055.State.Load","DB70.DBX109.5",Boolean,1,RO,100,,,,,,,,,,"M5055负载",
"M5055.State.M5054_FZ","Q293.1",Boolean,1,RO,100,,,,,,,,,,"5054反转",
"M5055.State.M5054_ZZ","Q293.0",Boolean,1,RO,100,,,,,,,,,,"5054正转",
"M5055.State.MD_State1","DB50.DINT1640",Long,1,RO,100,,,,,,,,,,"M5055码垛状态1",
"M5055.State.MD_State2","DB50.DBB1644",Byte,1,RO,100,,,,,,,,,,"M5055码垛状态2",
"M5055.State.Need_Num","DB50.DBB1637",Byte,1,RO,100,,,,,,,,,,"M5055要取数量",
"M5055.State.PH1","I282.2",Boolean,1,RO,100,,,,,,,,,,"5055减速光电",
"M5055.State.PH2","I282.4",Boolean,1,RO,100,,,,,,,,,,"5055到位光电",
"M5055.State.PH3","I282.6",Boolean,1,RO,100,,,,,,,,,,"5055对射保护光电",
"M5055.State.ReversalRun","DB70.DBX109.7",Boolean,1,RO,100,,,,,,,,,,"M5055反转运行",
"M5055.State.Runing","DB70.DBX108.0",Boolean,1,RO,100,,,,,,,,,,"M5055设备运行标志",
"M5055.State.SelectPlace","DB70.DBX108.7",Boolean,1,RO,100,,,,,,,,,,"M5055选中位",
"M5055.State.YX_DX","DB50.DBB1635",Byte,1,RO,100,,,,,,,,,,"M5055码垛垛型",
"M5055.State.YX_Num","DB50.DBB1636",Byte,1,RO,100,,,,,,,,,,"M5055烟箱数量",
"M5055.State.YX_Type","DB50.DBB1634",Byte,1,RO,100,,,,,,,,,,"M5055烟箱类型",
"M5055.Task.Code","DB50.DINT1622",Long,1,RO,100,,,,,,,,,,"M5055托盘条码",
"M5055.Task.DestSta","DB50.DBW1630",Short,1,RO,100,,,,,,,,,,"M5055目标地址",
"M5055.Task.StartSta","DB50.DBW1628",Short,1,RO,100,,,,,,,,,,"M5055起始地址",
"M5055.Task.Task","DB50.DBW1620",Short,1,RO,100,,,,,,,,,,"M5055任务号",
"M5055.Task.TpType","DB50.DBW1626",Short,1,RO,100,,,,,,,,,,"M5055货物类型",
"M5056.Alarm.B_Fault","DB50.DBX1662.4",Boolean,1,RO,100,,,,,,,,,,"M5056后超长",
"M5056.Alarm.DriveFault","DB70.DBX110.2",Boolean,1,RO,100,,,,,,,,,,"M5056驱动器故障",
"M5056.Alarm.EstopFault","DB70.DBX111.3",Boolean,1,RO,100,,,,,,,,,,"M5056急停故障",
"M5056.Alarm.F_Fault","DB50.DBX1662.3",Boolean,1,RO,100,,,,,,,,,,"M5056前超长",
"M5056.Alarm.H_Fault","DB50.DBX1662.2",Boolean,1,RO,100,,,,,,,,,,"M5056超高",
"M5056.Alarm.L_Fault","DB50.DBX1662.5",Boolean,1,RO,100,,,,,,,,,,"M5056左超宽",
"M5056.Alarm.LS_Fault","DB70.DBX111.2",Boolean,1,RO,100,,,,,,,,,,"M5056限位故障",
"M5056.Alarm.NoRead","DB50.DBX1663.1",Boolean,1,RO,100,,,,,,,,,,"M5056条码未读出",
"M5056.Alarm.OutSideFault","DB70.DBX111.1",Boolean,1,RO,100,,,,,,,,,,"M5056货物超边故障",
"M5056.Alarm.PH_Fault","DB70.DBX110.6",Boolean,1,RO,100,,,,,,,,,,"M5056光电管异常",
"M5056.Alarm.QF_Fault","DB70.DBX110.4",Boolean,1,RO,100,,,,,,,,,,"M5056空开故障",
"M5056.Alarm.QS_Fault","DB70.DBX110.5",Boolean,1,RO,100,,,,,,,,,,"M5056隔离开关故障",
"M5056.Alarm.R_Fault","DB50.DBX1662.6",Boolean,1,RO,100,,,,,,,,,,"M5056右超宽",
"M5056.Alarm.RFID_ReadFault","DB50.DBX1663.3",Boolean,1,RO,100,,,,,,,,,,"M5056RFID读取错误",
"M5056.Alarm.RFID_WriteFault","DB50.DBX1663.2",Boolean,1,RO,100,,,,,,,,,,"M5056RFID写入错误",
"M5056.Alarm.TimeOutFault","DB70.DBX110.3",Boolean,1,RO,100,,,,,,,,,,"M5056超时故障",
"M5056.Alarm.TM_JY_Fault","DB50.DBX1663.0",Boolean,1,RO,100,,,,,,,,,,"M5056条码校验故障",
"M5056.Alarm.TotalFault","DB70.DBX110.1",Boolean,1,RO,100,,,,,,,,,,"M5056总故障",
"M5056.Alarm.WX_Fault","DB50.DBX1662.1",Boolean,1,RO,100,,,,,,,,,,"M5056外形故障",
"M5056.Alarm.WX_TM_Fault","DB50.DBX1662.0",Boolean,1,RO,100,,,,,,,,,,"M5056外形条码总故障",
"M5056.State.Allow","DB50.DBB1669",Byte,1,RO,100,,,,,,,,,,"M5056允许拆盘",
"M5056.State.ForwardRun","DB70.DBX111.6",Boolean,1,RO,100,,,,,,,,,,"M5056正转运行",
"M5056.State.Get_Num","DB50.DBB1668",Byte,1,RO,100,,,,,,,,,,"M5056已取数量",
"M5056.State.LastOne","DB50.DBX1663.4",Boolean,1,RO,100,,,,,,,,,,"M5056强制推盘",
"M5056.State.Load","DB70.DBX111.5",Boolean,1,RO,100,,,,,,,,,,"M5056负载",
"M5056.State.M5056_2_RF","Q291.0",Boolean,1,RO,100,,,,,,,,,,"M5056.2上升",
"M5056.State.MD_State1","DB50.DINT1670",Long,1,RO,100,,,,,,,,,,"M5056码垛状态1",
"M5056.State.MD_State2","DB50.DBB1674",Byte,1,RO,100,,,,,,,,,,"M5056码垛状态2",
"M5056.State.Need_Num","DB50.DBB1667",Byte,1,RO,100,,,,,,,,,,"M5056要取数量",
"M5056.State.PR5056_1","I283.4",Boolean,1,RO,100,,,,,,,,,,"5056高位",
"M5056.State.PR5056_2","I283.6",Boolean,1,RO,100,,,,,,,,,,"5056低位",
"M5056.State.ReversalRun","DB70.DBX111.7",Boolean,1,RO,100,,,,,,,,,,"M5056反转运行",
"M5056.State.Runing","DB70.DBX110.0",Boolean,1,RO,100,,,,,,,,,,"M5056设备运行标志",
"M5056.State.SelectPlace","DB70.DBX110.7",Boolean,1,RO,100,,,,,,,,,,"M5056选中位",
"M5056.State.YX_DX","DB50.DBB1665",Byte,1,RO,100,,,,,,,,,,"M5056码垛垛型",
"M5056.State.YX_Num","DB50.DBB1666",Byte,1,RO,100,,,,,,,,,,"M5056烟箱数量",
"M5056.State.YX_Type","DB50.DBB1664",Byte,1,RO,100,,,,,,,,,,"M5056烟箱类型",
"M5056.Task.Code","DB50.DINT1652",Long,1,RO,100,,,,,,,,,,"M5056托盘条码",
"M5056.Task.DestSta","DB50.DBW1660",Short,1,RO,100,,,,,,,,,,"M5056目标地址",
"M5056.Task.StartSta","DB50.DBW1658",Short,1,RO,100,,,,,,,,,,"M5056起始地址",
"M5056.Task.Task","DB50.DBW1650",Short,1,RO,100,,,,,,,,,,"M5056任务号",
"M5056.Task.TpType","DB50.DBW1656",Short,1,RO,100,,,,,,,,,,"M5056货物类型",
"M5057.Alarm.B_Fault","DB50.DBX1692.4",Boolean,1,RO,100,,,,,,,,,,"M5057后超长",
"M5057.Alarm.DriveFault","DB70.DBX112.2",Boolean,1,RO,100,,,,,,,,,,"M5057驱动器故障",
"M5057.Alarm.EstopFault","DB70.DBX113.3",Boolean,1,RO,100,,,,,,,,,,"M5057急停故障",
"M5057.Alarm.F_Fault","DB50.DBX1692.3",Boolean,1,RO,100,,,,,,,,,,"M5057前超长",
"M5057.Alarm.H_Fault","DB50.DBX1692.2",Boolean,1,RO,100,,,,,,,,,,"M5057超高",
"M5057.Alarm.L_Fault","DB50.DBX1692.5",Boolean,1,RO,100,,,,,,,,,,"M5057左超宽",
"M5057.Alarm.LS_Fault","DB70.DBX113.2",Boolean,1,RO,100,,,,,,,,,,"M5057限位故障",
"M5057.Alarm.NoRead","DB50.DBX1693.1",Boolean,1,RO,100,,,,,,,,,,"M5057条码未读出",
"M5057.Alarm.OutSideFault","DB70.DBX113.1",Boolean,1,RO,100,,,,,,,,,,"M5057货物超边故障",
"M5057.Alarm.PH_Fault","DB70.DBX112.6",Boolean,1,RO,100,,,,,,,,,,"M5057光电管异常",
"M5057.Alarm.QF_Fault","DB70.DBX112.4",Boolean,1,RO,100,,,,,,,,,,"M5057空开故障",
"M5057.Alarm.QS_Fault","DB70.DBX112.5",Boolean,1,RO,100,,,,,,,,,,"M5057隔离开关故障",
"M5057.Alarm.R_Fault","DB50.DBX1692.6",Boolean,1,RO,100,,,,,,,,,,"M5057右超宽",
"M5057.Alarm.RFID_ReadFault","DB50.DBX1693.3",Boolean,1,RO,100,,,,,,,,,,"M5057RFID读取错误",
"M5057.Alarm.RFID_WriteFault","DB50.DBX1693.2",Boolean,1,RO,100,,,,,,,,,,"M5057RFID写入错误",
"M5057.Alarm.TimeOutFault","DB70.DBX112.3",Boolean,1,RO,100,,,,,,,,,,"M5057超时故障",
"M5057.Alarm.TM_JY_Fault","DB50.DBX1693.0",Boolean,1,RO,100,,,,,,,,,,"M5057条码校验故障",
"M5057.Alarm.TotalFault","DB70.DBX112.1",Boolean,1,RO,100,,,,,,,,,,"M5057总故障",
"M5057.Alarm.WX_Fault","DB50.DBX1692.1",Boolean,1,RO,100,,,,,,,,,,"M5057外形故障",
"M5057.Alarm.WX_TM_Fault","DB50.DBX1692.0",Boolean,1,RO,100,,,,,,,,,,"M5057外形条码总故障",
"M5057.State.Allow","DB50.DBB1699",Byte,1,RO,100,,,,,,,,,,"M5057允许拆盘",
"M5057.State.ForwardRun","DB70.DBX113.6",Boolean,1,RO,100,,,,,,,,,,"M5057正转运行",
"M5057.State.Get_Num","DB50.DBB1698",Byte,1,RO,100,,,,,,,,,,"M5057已取数量",
"M5057.State.KA5057_DOWN","Q39.3",Boolean,1,RO,100,,,,,,,,,,"5057气缸下降",
"M5057.State.KA5057_UP","Q39.1",Boolean,1,RO,100,,,,,,,,,,"5057气缸上升",
"M5057.State.LastOne","DB50.DBX1693.4",Boolean,1,RO,100,,,,,,,,,,"M5057强制推盘",
"M5057.State.Load","DB70.DBX113.5",Boolean,1,RO,100,,,,,,,,,,"M5057负载",
"M5057.State.MD_State1","DB50.DINT1700",Long,1,RO,100,,,,,,,,,,"M5057码垛状态1",
"M5057.State.MD_State2","DB50.DBB1704",Byte,1,RO,100,,,,,,,,,,"M5057码垛状态2",
"M5057.State.MS5057_1","I284.3",Boolean,1,RO,100,,,,,,,,,,"5057气缸高位",
"M5057.State.MS5057_2","I284.5",Boolean,1,RO,100,,,,,,,,,,"5057气缸低位",
"M5057.State.Need_Num","DB50.DBB1697",Byte,1,RO,100,,,,,,,,,,"M5057要取数量",
"M5057.State.PH1","I284.2",Boolean,1,RO,100,,,,,,,,,,"5057减速光电1",
"M5057.State.PH2","I284.4",Boolean,1,RO,100,,,,,,,,,,"5057到位光电1",
"M5057.State.PH3","I284.6",Boolean,1,RO,100,,,,,,,,,,"5057减速光电2",
"M5057.State.PH4","I284.1",Boolean,1,RO,100,,,,,,,,,,"5057到位光电2",
"M5057.State.ReversalRun","DB70.DBX113.7",Boolean,1,RO,100,,,,,,,,,,"M5057反转运行",
"M5057.State.Runing","DB70.DBX112.0",Boolean,1,RO,100,,,,,,,,,,"M5057设备运行标志",
"M5057.State.SelectPlace","DB70.DBX112.7",Boolean,1,RO,100,,,,,,,,,,"M5057选中位",
"M5057.State.YX_DX","DB50.DBB1695",Byte,1,RO,100,,,,,,,,,,"M5057码垛垛型",
"M5057.State.YX_Num","DB50.DBB1696",Byte,1,RO,100,,,,,,,,,,"M5057烟箱数量",
"M5057.State.YX_Type","DB50.DBB1694",Byte,1,RO,100,,,,,,,,,,"M5057烟箱类型",
"M5057.Task.Code","DB50.DINT1682",Long,1,RO,100,,,,,,,,,,"M5057托盘条码",
"M5057.Task.DestSta","DB50.DBW1690",Short,1,RO,100,,,,,,,,,,"M5057目标地址",
"M5057.Task.StartSta","DB50.DBW1688",Short,1,RO,100,,,,,,,,,,"M5057起始地址",
"M5057.Task.Task","DB50.DBW1680",Short,1,RO,100,,,,,,,,,,"M5057任务号",
"M5057.Task.TpType","DB50.DBW1686",Short,1,RO,100,,,,,,,,,,"M5057货物类型",
"M5058.Alarm.B_Fault","DB50.DBX1722.4",Boolean,1,RO,100,,,,,,,,,,"M5058后超长",
"M5058.Alarm.DriveFault","DB70.DBX114.2",Boolean,1,RO,100,,,,,,,,,,"M5058驱动器故障",
"M5058.Alarm.EstopFault","DB70.DBX115.3",Boolean,1,RO,100,,,,,,,,,,"M5058急停故障",
"M5058.Alarm.F_Fault","DB50.DBX1722.3",Boolean,1,RO,100,,,,,,,,,,"M5058前超长",
"M5058.Alarm.H_Fault","DB50.DBX1722.2",Boolean,1,RO,100,,,,,,,,,,"M5058超高",
"M5058.Alarm.L_Fault","DB50.DBX1722.5",Boolean,1,RO,100,,,,,,,,,,"M5058左超宽",
"M5058.Alarm.LS_Fault","DB70.DBX115.2",Boolean,1,RO,100,,,,,,,,,,"M5058限位故障",
"M5058.Alarm.NoRead","DB50.DBX1723.1",Boolean,1,RO,100,,,,,,,,,,"M5058条码未读出",
"M5058.Alarm.OutSideFault","DB70.DBX115.1",Boolean,1,RO,100,,,,,,,,,,"M5058货物超边故障",
"M5058.Alarm.PH_Fault","DB70.DBX114.6",Boolean,1,RO,100,,,,,,,,,,"M5058光电管异常",
"M5058.Alarm.QF_Fault","DB70.DBX114.4",Boolean,1,RO,100,,,,,,,,,,"M5058空开故障",
"M5058.Alarm.QS_Fault","DB70.DBX114.5",Boolean,1,RO,100,,,,,,,,,,"M5058隔离开关故障",
"M5058.Alarm.R_Fault","DB50.DBX1722.6",Boolean,1,RO,100,,,,,,,,,,"M5058右超宽",
"M5058.Alarm.RFID_ReadFault","DB50.DBX1723.3",Boolean,1,RO,100,,,,,,,,,,"M5058RFID读取错误",
"M5058.Alarm.RFID_WriteFault","DB50.DBX1723.2",Boolean,1,RO,100,,,,,,,,,,"M5058RFID写入错误",
"M5058.Alarm.STV_TimeOut","MX1102.2",Boolean,1,RO,100,,,,,,,,,,"M5058环穿任务超时",
"M5058.Alarm.TimeOutFault","DB70.DBX114.3",Boolean,1,RO,100,,,,,,,,,,"M5058超时故障",
"M5058.Alarm.TM_JY_Fault","DB50.DBX1723.0",Boolean,1,RO,100,,,,,,,,,,"M5058条码校验故障",
"M5058.Alarm.TotalFault","DB70.DBX114.1",Boolean,1,RO,100,,,,,,,,,,"M5058总故障",
"M5058.Alarm.WX_Fault","DB50.DBX1722.1",Boolean,1,RO,100,,,,,,,,,,"M5058外形故障",
"M5058.Alarm.WX_TM_Fault","DB50.DBX1722.0",Boolean,1,RO,100,,,,,,,,,,"M5058外形条码总故障",
"M5058.State.Allow","DB50.DBB1729",Byte,1,RO,100,,,,,,,,,,"M5058允许拆盘",
"M5058.State.ForwardRun","DB70.DBX115.6",Boolean,1,RO,100,,,,,,,,,,"M5058正转运行",
"M5058.State.Get_Num","DB50.DBB1728",Byte,1,RO,100,,,,,,,,,,"M5058已取数量",
"M5058.State.GET_OK1","Q117.4",Boolean,1,RO,100,,,,,,,,,,"5058取货OK",
"M5058.State.GET_REQ","I285.4",Boolean,1,RO,100,,,,,,,,,,"5058环穿请求取货",
"M5058.State.LastOne","DB50.DBX1723.4",Boolean,1,RO,100,,,,,,,,,,"M5058强制推盘",
"M5058.State.Load","DB70.DBX115.5",Boolean,1,RO,100,,,,,,,,,,"M5058负载",
"M5058.State.MD_State1","DB50.DINT1730",Long,1,RO,100,,,,,,,,,,"M5058码垛状态1",
"M5058.State.MD_State2","DB50.DBB1734",Byte,1,RO,100,,,,,,,,,,"M5058码垛状态2",
"M5058.State.MS_RUN2","Q117.6",Boolean,1,RO,100,,,,,,,,,,"5058MS可以行走",
"M5058.State.Need_Num","DB50.DBB1727",Byte,1,RO,100,,,,,,,,,,"M5058要取数量",
"M5058.State.PH1","I283.3",Boolean,1,RO,100,,,,,,,,,,"5058减速光电",
"M5058.State.PH2","I283.5",Boolean,1,RO,100,,,,,,,,,,"5058到位光电",
"M5058.State.PH3","I283.7",Boolean,1,RO,100,,,,,,,,,,"5058对射保护光电",
"M5058.State.READY","Q40.3",Boolean,1,RO,100,,,,,,,,,,"5058准备好",
"M5058.State.ReversalRun","DB70.DBX115.7",Boolean,1,RO,100,,,,,,,,,,"M5058反转运行",
"M5058.State.Runing","DB70.DBX114.0",Boolean,1,RO,100,,,,,,,,,,"M5058设备运行标志",
"M5058.State.RUNNING","Q40.1",Boolean,1,RO,100,,,,,,,,,,"5058移栽中",
"M5058.State.SelectPlace","DB70.DBX114.7",Boolean,1,RO,100,,,,,,,,,,"M5058选中位",
"M5058.State.YX_DX","DB50.DBB1725",Byte,1,RO,100,,,,,,,,,,"M5058码垛垛型",
"M5058.State.YX_Num","DB50.DBB1726",Byte,1,RO,100,,,,,,,,,,"M5058烟箱数量",
"M5058.State.YX_Type","DB50.DBB1724",Byte,1,RO,100,,,,,,,,,,"M5058烟箱类型",
"M5058.State.YZ_OK3","Q117.1",Boolean,1,RO,100,,,,,,,,,,"5058移栽OK",
"M5058.Task.Code","DB50.DINT1712",Long,1,RO,100,,,,,,,,,,"M5058托盘条码",
"M5058.Task.DestSta","DB50.DBW1720",Short,1,RO,100,,,,,,,,,,"M5058目标地址",
"M5058.Task.StartSta","DB50.DBW1718",Short,1,RO,100,,,,,,,,,,"M5058起始地址",
"M5058.Task.Task","DB50.DBW1710",Short,1,RO,100,,,,,,,,,,"M5058任务号",
"M5058.Task.TpType","DB50.DBW1716",Short,1,RO,100,,,,,,,,,,"M5058货物类型",
"M5059.Alarm.B_Fault","DB50.DBX1752.4",Boolean,1,RO,100,,,,,,,,,,"M5059后超长",
"M5059.Alarm.DriveFault","DB70.DBX116.2",Boolean,1,RO,100,,,,,,,,,,"M5059驱动器故障",
"M5059.Alarm.EstopFault","DB70.DBX117.3",Boolean,1,RO,100,,,,,,,,,,"M5059急停故障",
"M5059.Alarm.F_Fault","DB50.DBX1752.3",Boolean,1,RO,100,,,,,,,,,,"M5059前超长",
"M5059.Alarm.H_Fault","DB50.DBX1752.2",Boolean,1,RO,100,,,,,,,,,,"M5059超高",
"M5059.Alarm.L_Fault","DB50.DBX1752.5",Boolean,1,RO,100,,,,,,,,,,"M5059左超宽",
"M5059.Alarm.LS_Fault","DB70.DBX117.2",Boolean,1,RO,100,,,,,,,,,,"M5059限位故障",
"M5059.Alarm.NoRead","DB50.DBX1753.1",Boolean,1,RO,100,,,,,,,,,,"M5059条码未读出",
"M5059.Alarm.OutSideFault","DB70.DBX117.1",Boolean,1,RO,100,,,,,,,,,,"M5059货物超边故障",
"M5059.Alarm.PH_Fault","DB70.DBX116.6",Boolean,1,RO,100,,,,,,,,,,"M5059光电管异常",
"M5059.Alarm.QF_Fault","DB70.DBX116.4",Boolean,1,RO,100,,,,,,,,,,"M5059空开故障",
"M5059.Alarm.QS_Fault","DB70.DBX116.5",Boolean,1,RO,100,,,,,,,,,,"M5059隔离开关故障",
"M5059.Alarm.R_Fault","DB50.DBX1752.6",Boolean,1,RO,100,,,,,,,,,,"M5059右超宽",
"M5059.Alarm.RFID_ReadFault","DB50.DBX1753.3",Boolean,1,RO,100,,,,,,,,,,"M5059RFID读取错误",
"M5059.Alarm.RFID_WriteFault","DB50.DBX1753.2",Boolean,1,RO,100,,,,,,,,,,"M5059RFID写入错误",
"M5059.Alarm.TimeOutFault","DB70.DBX116.3",Boolean,1,RO,100,,,,,,,,,,"M5059超时故障",
"M5059.Alarm.TM_JY_Fault","DB50.DBX1753.0",Boolean,1,RO,100,,,,,,,,,,"M5059条码校验故障",
"M5059.Alarm.TotalFault","DB70.DBX116.1",Boolean,1,RO,100,,,,,,,,,,"M5059总故障",
"M5059.Alarm.WX_Fault","DB50.DBX1752.1",Boolean,1,RO,100,,,,,,,,,,"M5059外形故障",
"M5059.Alarm.WX_TM_Fault","DB50.DBX1752.0",Boolean,1,RO,100,,,,,,,,,,"M5059外形条码总故障",
"M5059.State.Allow","DB50.DBB1759",Byte,1,RO,100,,,,,,,,,,"M5059允许拆盘",
"M5059.State.ForwardRun","DB70.DBX117.6",Boolean,1,RO,100,,,,,,,,,,"M5059正转运行",
"M5059.State.Get_Num","DB50.DBB1758",Byte,1,RO,100,,,,,,,,,,"M5059已取数量",
"M5059.State.LastOne","DB50.DBX1753.4",Boolean,1,RO,100,,,,,,,,,,"M5059强制推盘",
"M5059.State.Load","DB70.DBX117.5",Boolean,1,RO,100,,,,,,,,,,"M5059负载",
"M5059.State.M5059_2_RF","Q311.0",Boolean,1,RO,100,,,,,,,,,,"5059.2上升",
"M5059.State.MD_State1","DB50.DINT1760",Long,1,RO,100,,,,,,,,,,"M5059码垛状态1",
"M5059.State.MD_State2","DB50.DBB1764",Byte,1,RO,100,,,,,,,,,,"M5059码垛状态2",
"M5059.State.Need_Num","DB50.DBB1757",Byte,1,RO,100,,,,,,,,,,"M5059要取数量",
"M5059.State.PR5059_1","I295.4",Boolean,1,RO,100,,,,,,,,,,"5059高位",
"M5059.State.PR5059_2","I295.6",Boolean,1,RO,100,,,,,,,,,,"5059低位",
"M5059.State.ReversalRun","DB70.DBX117.7",Boolean,1,RO,100,,,,,,,,,,"M5059反转运行",
"M5059.State.Runing","DB70.DBX116.0",Boolean,1,RO,100,,,,,,,,,,"M5059设备运行标志",
"M5059.State.SelectPlace","DB70.DBX116.7",Boolean,1,RO,100,,,,,,,,,,"M5059选中位",
"M5059.State.YX_DX","DB50.DBB1755",Byte,1,RO,100,,,,,,,,,,"M5059码垛垛型",
"M5059.State.YX_Num","DB50.DBB1756",Byte,1,RO,100,,,,,,,,,,"M5059烟箱数量",
"M5059.State.YX_Type","DB50.DBB1754",Byte,1,RO,100,,,,,,,,,,"M5059烟箱类型",
"M5059.Task.Code","DB50.DINT1742",Long,1,RO,100,,,,,,,,,,"M5059托盘条码",
"M5059.Task.DestSta","DB50.DBW1750",Short,1,RO,100,,,,,,,,,,"M5059目标地址",
"M5059.Task.StartSta","DB50.DBW1748",Short,1,RO,100,,,,,,,,,,"M5059起始地址",
"M5059.Task.Task","DB50.DBW1740",Short,1,RO,100,,,,,,,,,,"M5059任务号",
"M5059.Task.TpType","DB50.DBW1746",Short,1,RO,100,,,,,,,,,,"M5059货物类型",
"M5060.Alarm.B_Fault","DB50.DBX1782.4",Boolean,1,RO,100,,,,,,,,,,"M5060后超长",
"M5060.Alarm.DriveFault","DB70.DBX118.2",Boolean,1,RO,100,,,,,,,,,,"M5060驱动器故障",
"M5060.Alarm.EstopFault","DB70.DBX119.3",Boolean,1,RO,100,,,,,,,,,,"M5060急停故障",
"M5060.Alarm.F_Fault","DB50.DBX1782.3",Boolean,1,RO,100,,,,,,,,,,"M5060前超长",
"M5060.Alarm.H_Fault","DB50.DBX1782.2",Boolean,1,RO,100,,,,,,,,,,"M5060超高",
"M5060.Alarm.L_Fault","DB50.DBX1782.5",Boolean,1,RO,100,,,,,,,,,,"M5060左超宽",
"M5060.Alarm.LS_Fault","DB70.DBX119.2",Boolean,1,RO,100,,,,,,,,,,"M5060限位故障",
"M5060.Alarm.NoRead","DB50.DBX1783.1",Boolean,1,RO,100,,,,,,,,,,"M5060条码未读出",
"M5060.Alarm.OutSideFault","DB70.DBX119.1",Boolean,1,RO,100,,,,,,,,,,"M5060货物超边故障",
"M5060.Alarm.PH_Fault","DB70.DBX118.6",Boolean,1,RO,100,,,,,,,,,,"M5060光电管异常",
"M5060.Alarm.QF_Fault","DB70.DBX118.4",Boolean,1,RO,100,,,,,,,,,,"M5060空开故障",
"M5060.Alarm.QS_Fault","DB70.DBX118.5",Boolean,1,RO,100,,,,,,,,,,"M5060隔离开关故障",
"M5060.Alarm.R_Fault","DB50.DBX1782.6",Boolean,1,RO,100,,,,,,,,,,"M5060右超宽",
"M5060.Alarm.RFID_ReadFault","DB50.DBX1783.3",Boolean,1,RO,100,,,,,,,,,,"M5060RFID读取错误",
"M5060.Alarm.RFID_WriteFault","DB50.DBX1783.2",Boolean,1,RO,100,,,,,,,,,,"M5060RFID写入错误",
"M5060.Alarm.TimeOutFault","DB70.DBX118.3",Boolean,1,RO,100,,,,,,,,,,"M5060超时故障",
"M5060.Alarm.TM_JY_Fault","DB50.DBX1783.0",Boolean,1,RO,100,,,,,,,,,,"M5060条码校验故障",
"M5060.Alarm.TotalFault","DB70.DBX118.1",Boolean,1,RO,100,,,,,,,,,,"M5060总故障",
"M5060.Alarm.WX_Fault","DB50.DBX1782.1",Boolean,1,RO,100,,,,,,,,,,"M5060外形故障",
"M5060.Alarm.WX_TM_Fault","DB50.DBX1782.0",Boolean,1,RO,100,,,,,,,,,,"M5060外形条码总故障",
"M5060.State.Allow","DB50.DBB1789",Byte,1,RO,100,,,,,,,,,,"M5060允许拆盘",
"M5060.State.ForwardRun","DB70.DBX119.6",Boolean,1,RO,100,,,,,,,,,,"M5060正转运行",
"M5060.State.Get_Num","DB50.DBB1788",Byte,1,RO,100,,,,,,,,,,"M5060已取数量",
"M5060.State.KA5060_DOWN","Q41.2",Boolean,1,RO,100,,,,,,,,,,"5060气缸下降",
"M5060.State.KA5060_UP","Q41.0",Boolean,1,RO,100,,,,,,,,,,"5060气缸上升",
"M5060.State.LastOne","DB50.DBX1783.4",Boolean,1,RO,100,,,,,,,,,,"M5060强制推盘",
"M5060.State.Load","DB70.DBX119.5",Boolean,1,RO,100,,,,,,,,,,"M5060负载",
"M5060.State.MD_State1","DB50.DINT1790",Long,1,RO,100,,,,,,,,,,"M5060码垛状态1",
"M5060.State.MD_State2","DB50.DBB1794",Byte,1,RO,100,,,,,,,,,,"M5060码垛状态2",
"M5060.State.MS5060_1","I296.3",Boolean,1,RO,100,,,,,,,,,,"5060气缸高位",
"M5060.State.MS5060_2","I296.5",Boolean,1,RO,100,,,,,,,,,,"5060气缸低位",
"M5060.State.Need_Num","DB50.DBB1787",Byte,1,RO,100,,,,,,,,,,"M5060要取数量",
"M5060.State.PH1","I296.2",Boolean,1,RO,100,,,,,,,,,,"5060减速光电1",
"M5060.State.PH2","I296.4",Boolean,1,RO,100,,,,,,,,,,"5060到位光电1",
"M5060.State.PH3","I296.6",Boolean,1,RO,100,,,,,,,,,,"5060减速光电2",
"M5060.State.PH4","I296.1",Boolean,1,RO,100,,,,,,,,,,"5060到位光电2",
"M5060.State.ReversalRun","DB70.DBX119.7",Boolean,1,RO,100,,,,,,,,,,"M5060反转运行",
"M5060.State.Runing","DB70.DBX118.0",Boolean,1,RO,100,,,,,,,,,,"M5060设备运行标志",
"M5060.State.SelectPlace","DB70.DBX118.7",Boolean,1,RO,100,,,,,,,,,,"M5060选中位",
"M5060.State.YX_DX","DB50.DBB1785",Byte,1,RO,100,,,,,,,,,,"M5060码垛垛型",
"M5060.State.YX_Num","DB50.DBB1786",Byte,1,RO,100,,,,,,,,,,"M5060烟箱数量",
"M5060.State.YX_Type","DB50.DBB1784",Byte,1,RO,100,,,,,,,,,,"M5060烟箱类型",
"M5060.Task.Code","DB50.DINT1772",Long,1,RO,100,,,,,,,,,,"M5060托盘条码",
"M5060.Task.DestSta","DB50.DBW1780",Short,1,RO,100,,,,,,,,,,"M5060目标地址",
"M5060.Task.StartSta","DB50.DBW1778",Short,1,RO,100,,,,,,,,,,"M5060起始地址",
"M5060.Task.Task","DB50.DBW1770",Short,1,RO,100,,,,,,,,,,"M5060任务号",
"M5060.Task.TpType","DB50.DBW1776",Short,1,RO,100,,,,,,,,,,"M5060货物类型",
"M5061.Alarm.B_Fault","DB50.DBX1812.4",Boolean,1,RO,100,,,,,,,,,,"M5061后超长",
"M5061.Alarm.DriveFault","DB70.DBX120.2",Boolean,1,RO,100,,,,,,,,,,"M5061驱动器故障",
"M5061.Alarm.EstopFault","DB70.DBX121.3",Boolean,1,RO,100,,,,,,,,,,"M5061急停故障",
"M5061.Alarm.F_Fault","DB50.DBX1812.3",Boolean,1,RO,100,,,,,,,,,,"M5061前超长",
"M5061.Alarm.H_Fault","DB50.DBX1812.2",Boolean,1,RO,100,,,,,,,,,,"M5061超高",
"M5061.Alarm.L_Fault","DB50.DBX1812.5",Boolean,1,RO,100,,,,,,,,,,"M5061左超宽",
"M5061.Alarm.LS_Fault","DB70.DBX121.2",Boolean,1,RO,100,,,,,,,,,,"M5061限位故障",
"M5061.Alarm.NoRead","DB50.DBX1813.1",Boolean,1,RO,100,,,,,,,,,,"M5061条码未读出",
"M5061.Alarm.OutSideFault","DB70.DBX121.1",Boolean,1,RO,100,,,,,,,,,,"M5061货物超边故障",
"M5061.Alarm.PH_Fault","DB70.DBX120.6",Boolean,1,RO,100,,,,,,,,,,"M5061光电管异常",
"M5061.Alarm.QF_Fault","DB70.DBX120.4",Boolean,1,RO,100,,,,,,,,,,"M5061空开故障",
"M5061.Alarm.QS_Fault","DB70.DBX120.5",Boolean,1,RO,100,,,,,,,,,,"M5061隔离开关故障",
"M5061.Alarm.R_Fault","DB50.DBX1812.6",Boolean,1,RO,100,,,,,,,,,,"M5061右超宽",
"M5061.Alarm.RFID_ReadFault","DB50.DBX1813.3",Boolean,1,RO,100,,,,,,,,,,"M5061RFID读取错误",
"M5061.Alarm.RFID_WriteFault","DB50.DBX1813.2",Boolean,1,RO,100,,,,,,,,,,"M5061RFID写入错误",
"M5061.Alarm.STV_TimeOut","MX1102.3",Boolean,1,RO,100,,,,,,,,,,"M5061环穿任务超时",
"M5061.Alarm.TimeOutFault","DB70.DBX120.3",Boolean,1,RO,100,,,,,,,,,,"M5061超时故障",
"M5061.Alarm.TM_JY_Fault","DB50.DBX1813.0",Boolean,1,RO,100,,,,,,,,,,"M5061条码校验故障",
"M5061.Alarm.TotalFault","DB70.DBX120.1",Boolean,1,RO,100,,,,,,,,,,"M5061总故障",
"M5061.Alarm.WX_Fault","DB50.DBX1812.1",Boolean,1,RO,100,,,,,,,,,,"M5061外形故障",
"M5061.Alarm.WX_TM_Fault","DB50.DBX1812.0",Boolean,1,RO,100,,,,,,,,,,"M5061外形条码总故障",
"M5061.State.Allow","DB50.DBB1819",Byte,1,RO,100,,,,,,,,,,"M5061允许拆盘",
"M5061.State.ForwardRun","DB70.DBX121.6",Boolean,1,RO,100,,,,,,,,,,"M5061正转运行",
"M5061.State.Get_Num","DB50.DBB1818",Byte,1,RO,100,,,,,,,,,,"M5061已取数量",
"M5061.State.GET_OK1","Q116.7",Boolean,1,RO,100,,,,,,,,,,"5061取货OK",
"M5061.State.GET_REQ","I309.0",Boolean,1,RO,100,,,,,,,,,,"5061环穿请求取货",
"M5061.State.LastOne","DB50.DBX1813.4",Boolean,1,RO,100,,,,,,,,,,"M5061强制推盘",
"M5061.State.Load","DB70.DBX121.5",Boolean,1,RO,100,,,,,,,,,,"M5061负载",
"M5061.State.MD_State1","DB50.DINT1820",Long,1,RO,100,,,,,,,,,,"M5061码垛状态1",
"M5061.State.MD_State2","DB50.DBB1824",Byte,1,RO,100,,,,,,,,,,"M5061码垛状态2",
"M5061.State.MS_RUN2","Q117.0",Boolean,1,RO,100,,,,,,,,,,"5061MS可以行走",
"M5061.State.Need_Num","DB50.DBB1817",Byte,1,RO,100,,,,,,,,,,"M5061要取数量",
"M5061.State.PH1","I295.3",Boolean,1,RO,100,,,,,,,,,,"5061减速光电",
"M5061.State.PH2","I295.5",Boolean,1,RO,100,,,,,,,,,,"5061到位光电",
"M5061.State.PH3","I295.7",Boolean,1,RO,100,,,,,,,,,,"5061减对射保护光电",
"M5061.State.READY","Q42.2",Boolean,1,RO,100,,,,,,,,,,"5061准备好",
"M5061.State.ReversalRun","DB70.DBX121.7",Boolean,1,RO,100,,,,,,,,,,"M5061反转运行",
"M5061.State.Runing","DB70.DBX120.0",Boolean,1,RO,100,,,,,,,,,,"M5061设备运行标志",
"M5061.State.RUNNING","Q42.0",Boolean,1,RO,100,,,,,,,,,,"5061移栽中",
"M5061.State.SelectPlace","DB70.DBX120.7",Boolean,1,RO,100,,,,,,,,,,"M5061选中位",
"M5061.State.YX_DX","DB50.DBB1815",Byte,1,RO,100,,,,,,,,,,"M5061码垛垛型",
"M5061.State.YX_Num","DB50.DBB1816",Byte,1,RO,100,,,,,,,,,,"M5061烟箱数量",
"M5061.State.YX_Type","DB50.DBB1814",Byte,1,RO,100,,,,,,,,,,"M5061烟箱类型",
"M5061.State.YZ_OK3","Q117.2",Boolean,1,RO,100,,,,,,,,,,"5061移栽OK",
"M5061.Task.Code","DB50.DINT1802",Long,1,RO,100,,,,,,,,,,"M5061托盘条码",
"M5061.Task.DestSta","DB50.DBW1810",Short,1,RO,100,,,,,,,,,,"M5061目标地址",
"M5061.Task.StartSta","DB50.DBW1808",Short,1,RO,100,,,,,,,,,,"M5061起始地址",
"M5061.Task.Task","DB50.DBW1800",Short,1,RO,100,,,,,,,,,,"M5061任务号",
"M5061.Task.TpType","DB50.DBW1806",Short,1,RO,100,,,,,,,,,,"M5061货物类型",
"M5062.Alarm.B_Fault","DB50.DBX1842.4",Boolean,1,RO,100,,,,,,,,,,"M5062后超长",
"M5062.Alarm.DriveFault","DB70.DBX122.2",Boolean,1,RO,100,,,,,,,,,,"M5062驱动器故障",
"M5062.Alarm.EstopFault","DB70.DBX123.3",Boolean,1,RO,100,,,,,,,,,,"M5062急停故障",
"M5062.Alarm.F_Fault","DB50.DBX1842.3",Boolean,1,RO,100,,,,,,,,,,"M5062前超长",
"M5062.Alarm.H_Fault","DB50.DBX1842.2",Boolean,1,RO,100,,,,,,,,,,"M5062超高",
"M5062.Alarm.L_Fault","DB50.DBX1842.5",Boolean,1,RO,100,,,,,,,,,,"M5062左超宽",
"M5062.Alarm.LS_Fault","DB70.DBX123.2",Boolean,1,RO,100,,,,,,,,,,"M5062限位故障",
"M5062.Alarm.NoRead","DB50.DBX1843.1",Boolean,1,RO,100,,,,,,,,,,"M5062条码未读出",
"M5062.Alarm.OutSideFault","DB70.DBX123.1",Boolean,1,RO,100,,,,,,,,,,"M5062货物超边故障",
"M5062.Alarm.PH_Fault","DB70.DBX122.6",Boolean,1,RO,100,,,,,,,,,,"M5062光电管异常",
"M5062.Alarm.QF_Fault","DB70.DBX122.4",Boolean,1,RO,100,,,,,,,,,,"M5062空开故障",
"M5062.Alarm.QS_Fault","DB70.DBX122.5",Boolean,1,RO,100,,,,,,,,,,"M5062隔离开关故障",
"M5062.Alarm.R_Fault","DB50.DBX1842.6",Boolean,1,RO,100,,,,,,,,,,"M5062右超宽",
"M5062.Alarm.RFID_ReadFault","DB50.DBX1843.3",Boolean,1,RO,100,,,,,,,,,,"M5062RFID读取错误",
"M5062.Alarm.RFID_WriteFault","DB50.DBX1843.2",Boolean,1,RO,100,,,,,,,,,,"M5062RFID写入错误",
"M5062.Alarm.TimeOutFault","DB70.DBX122.3",Boolean,1,RO,100,,,,,,,,,,"M5062超时故障",
"M5062.Alarm.TM_JY_Fault","DB50.DBX1843.0",Boolean,1,RO,100,,,,,,,,,,"M5062条码校验故障",
"M5062.Alarm.TotalFault","DB70.DBX122.1",Boolean,1,RO,100,,,,,,,,,,"M5062总故障",
"M5062.Alarm.WX_Fault","DB50.DBX1842.1",Boolean,1,RO,100,,,,,,,,,,"M5062外形故障",
"M5062.Alarm.WX_TM_Fault","DB50.DBX1842.0",Boolean,1,RO,100,,,,,,,,,,"M5062外形条码总故障",
"M5062.State.Allow","DB50.DBB1849",Byte,1,RO,100,,,,,,,,,,"M5062允许拆盘",
"M5062.State.ForwardRun","DB70.DBX123.6",Boolean,1,RO,100,,,,,,,,,,"M5062正转运行",
"M5062.State.Get_Num","DB50.DBB1848",Byte,1,RO,100,,,,,,,,,,"M5062已取数量",
"M5062.State.LastOne","DB50.DBX1843.4",Boolean,1,RO,100,,,,,,,,,,"M5062强制推盘",
"M5062.State.Load","DB70.DBX123.5",Boolean,1,RO,100,,,,,,,,,,"M5062负载",
"M5062.State.M5062_2_RF","Q313.0",Boolean,1,RO,100,,,,,,,,,,"5062.2上升",
"M5062.State.MD_State1","DB50.DINT1850",Long,1,RO,100,,,,,,,,,,"M5062码垛状态1",
"M5062.State.MD_State2","DB50.DBB1854",Byte,1,RO,100,,,,,,,,,,"M5062码垛状态2",
"M5062.State.Need_Num","DB50.DBB1847",Byte,1,RO,100,,,,,,,,,,"M5062要取数量",
"M5062.State.PR5062_1","I297.4",Boolean,1,RO,100,,,,,,,,,,"5062高位",
"M5062.State.PR5062_2","I297.6",Boolean,1,RO,100,,,,,,,,,,"5062低位",
"M5062.State.ReversalRun","DB70.DBX123.7",Boolean,1,RO,100,,,,,,,,,,"M5062反转运行",
"M5062.State.Runing","DB70.DBX122.0",Boolean,1,RO,100,,,,,,,,,,"M5062设备运行标志",
"M5062.State.SelectPlace","DB70.DBX122.7",Boolean,1,RO,100,,,,,,,,,,"M5062选中位",
"M5062.State.YX_DX","DB50.DBB1845",Byte,1,RO,100,,,,,,,,,,"M5062码垛垛型",
"M5062.State.YX_Num","DB50.DBB1846",Byte,1,RO,100,,,,,,,,,,"M5062烟箱数量",
"M5062.State.YX_Type","DB50.DBB1844",Byte,1,RO,100,,,,,,,,,,"M5062烟箱类型",
"M5062.Task.Code","DB50.DINT1832",Long,1,RO,100,,,,,,,,,,"M5062托盘条码",
"M5062.Task.DestSta","DB50.DBW1840",Short,1,RO,100,,,,,,,,,,"M5062目标地址",
"M5062.Task.StartSta","DB50.DBW1838",Short,1,RO,100,,,,,,,,,,"M5062起始地址",
"M5062.Task.Task","DB50.DBW1830",Short,1,RO,100,,,,,,,,,,"M5062任务号",
"M5062.Task.TpType","DB50.DBW1836",Short,1,RO,100,,,,,,,,,,"M5062货物类型",
"M5063.Alarm.B_Fault","DB50.DBX1872.4",Boolean,1,RO,100,,,,,,,,,,"M5063后超长",
"M5063.Alarm.DriveFault","DB70.DBX124.2",Boolean,1,RO,100,,,,,,,,,,"M5063驱动器故障",
"M5063.Alarm.EstopFault","DB70.DBX125.3",Boolean,1,RO,100,,,,,,,,,,"M5063急停故障",
"M5063.Alarm.F_Fault","DB50.DBX1872.3",Boolean,1,RO,100,,,,,,,,,,"M5063前超长",
"M5063.Alarm.H_Fault","DB50.DBX1872.2",Boolean,1,RO,100,,,,,,,,,,"M5063超高",
"M5063.Alarm.L_Fault","DB50.DBX1872.5",Boolean,1,RO,100,,,,,,,,,,"M5063左超宽",
"M5063.Alarm.LS_Fault","DB70.DBX125.2",Boolean,1,RO,100,,,,,,,,,,"M5063限位故障",
"M5063.Alarm.NoRead","DB50.DBX1873.1",Boolean,1,RO,100,,,,,,,,,,"M5063条码未读出",
"M5063.Alarm.OutSideFault","DB70.DBX125.1",Boolean,1,RO,100,,,,,,,,,,"M5063货物超边故障",
"M5063.Alarm.PH_Fault","DB70.DBX124.6",Boolean,1,RO,100,,,,,,,,,,"M5063光电管异常",
"M5063.Alarm.QF_Fault","DB70.DBX124.4",Boolean,1,RO,100,,,,,,,,,,"M5063空开故障",
"M5063.Alarm.QS_Fault","DB70.DBX124.5",Boolean,1,RO,100,,,,,,,,,,"M5063隔离开关故障",
"M5063.Alarm.R_Fault","DB50.DBX1872.6",Boolean,1,RO,100,,,,,,,,,,"M5063右超宽",
"M5063.Alarm.RFID_ReadFault","DB50.DBX1873.3",Boolean,1,RO,100,,,,,,,,,,"M5063RFID读取错误",
"M5063.Alarm.RFID_WriteFault","DB50.DBX1873.2",Boolean,1,RO,100,,,,,,,,,,"M5063RFID写入错误",
"M5063.Alarm.TimeOutFault","DB70.DBX124.3",Boolean,1,RO,100,,,,,,,,,,"M5063超时故障",
"M5063.Alarm.TM_JY_Fault","DB50.DBX1873.0",Boolean,1,RO,100,,,,,,,,,,"M5063条码校验故障",
"M5063.Alarm.TotalFault","DB70.DBX124.1",Boolean,1,RO,100,,,,,,,,,,"M5063总故障",
"M5063.Alarm.WX_Fault","DB50.DBX1872.1",Boolean,1,RO,100,,,,,,,,,,"M5063外形故障",
"M5063.Alarm.WX_TM_Fault","DB50.DBX1872.0",Boolean,1,RO,100,,,,,,,,,,"M5063外形条码总故障",
"M5063.State.Allow","DB50.DBB1879",Byte,1,RO,100,,,,,,,,,,"M5063允许拆盘",
"M5063.State.ForwardRun","DB70.DBX125.6",Boolean,1,RO,100,,,,,,,,,,"M5063正转运行",
"M5063.State.Get_Num","DB50.DBB1878",Byte,1,RO,100,,,,,,,,,,"M5063已取数量",
"M5063.State.LastOne","DB50.DBX1873.4",Boolean,1,RO,100,,,,,,,,,,"M5063强制推盘",
"M5063.State.Load","DB70.DBX125.5",Boolean,1,RO,100,,,,,,,,,,"M5063负载",
"M5063.State.M5063_FZ","Q317.1",Boolean,1,RO,100,,,,,,,,,,"5063反转",
"M5063.State.M5063_ZZ","Q317.0",Boolean,1,RO,100,,,,,,,,,,"5063正转",
"M5063.State.MD_State1","DB50.DINT1880",Long,1,RO,100,,,,,,,,,,"M5063码垛状态1",
"M5063.State.MD_State2","DB50.DBB1884",Byte,1,RO,100,,,,,,,,,,"M5063码垛状态2",
"M5063.State.Need_Num","DB50.DBB1877",Byte,1,RO,100,,,,,,,,,,"M5063要取数量",
"M5063.State.PH1","I297.3",Boolean,1,RO,100,,,,,,,,,,"5063减速光电",
"M5063.State.PH2","I297.5",Boolean,1,RO,100,,,,,,,,,,"5063到位光电1",
"M5063.State.PH3","I297.7",Boolean,1,RO,100,,,,,,,,,,"5063到位光电2",
"M5063.State.ReversalRun","DB70.DBX125.7",Boolean,1,RO,100,,,,,,,,,,"M5063反转运行",
"M5063.State.Runing","DB70.DBX124.0",Boolean,1,RO,100,,,,,,,,,,"M5063设备运行标志",
"M5063.State.SelectPlace","DB70.DBX124.7",Boolean,1,RO,100,,,,,,,,,,"M5063选中位",
"M5063.State.YX_DX","DB50.DBB1875",Byte,1,RO,100,,,,,,,,,,"M5063码垛垛型",
"M5063.State.YX_Num","DB50.DBB1876",Byte,1,RO,100,,,,,,,,,,"M5063烟箱数量",
"M5063.State.YX_Type","DB50.DBB1874",Byte,1,RO,100,,,,,,,,,,"M5063烟箱类型",
"M5063.Task.Code","DB50.DINT1862",Long,1,RO,100,,,,,,,,,,"M5063托盘条码",
"M5063.Task.DestSta","DB50.DBW1870",Short,1,RO,100,,,,,,,,,,"M5063目标地址",
"M5063.Task.StartSta","DB50.DBW1868",Short,1,RO,100,,,,,,,,,,"M5063起始地址",
"M5063.Task.Task","DB50.DBW1860",Short,1,RO,100,,,,,,,,,,"M5063任务号",
"M5063.Task.TpType","DB50.DBW1866",Short,1,RO,100,,,,,,,,,,"M5063货物类型",
"M5064.Alarm.B_Fault","DB50.DBX1902.4",Boolean,1,RO,100,,,,,,,,,,"M5064后超长",
"M5064.Alarm.DriveFault","DB70.DBX126.2",Boolean,1,RO,100,,,,,,,,,,"M5064驱动器故障",
"M5064.Alarm.EstopFault","DB70.DBX127.3",Boolean,1,RO,100,,,,,,,,,,"M5064急停故障",
"M5064.Alarm.F_Fault","DB50.DBX1902.3",Boolean,1,RO,100,,,,,,,,,,"M5064前超长",
"M5064.Alarm.H_Fault","DB50.DBX1902.2",Boolean,1,RO,100,,,,,,,,,,"M5064超高",
"M5064.Alarm.L_Fault","DB50.DBX1902.5",Boolean,1,RO,100,,,,,,,,,,"M5064左超宽",
"M5064.Alarm.LS_Fault","DB70.DBX127.2",Boolean,1,RO,100,,,,,,,,,,"M5064限位故障",
"M5064.Alarm.NoRead","DB50.DBX1903.1",Boolean,1,RO,100,,,,,,,,,,"M5064条码未读出",
"M5064.Alarm.OutSideFault","DB70.DBX127.1",Boolean,1,RO,100,,,,,,,,,,"M5064货物超边故障",
"M5064.Alarm.PH_Fault","DB70.DBX126.6",Boolean,1,RO,100,,,,,,,,,,"M5064光电管异常",
"M5064.Alarm.QF_Fault","DB70.DBX126.4",Boolean,1,RO,100,,,,,,,,,,"M5064空开故障",
"M5064.Alarm.QS_Fault","DB70.DBX126.5",Boolean,1,RO,100,,,,,,,,,,"M5064隔离开关故障",
"M5064.Alarm.R_Fault","DB50.DBX1902.6",Boolean,1,RO,100,,,,,,,,,,"M5064右超宽",
"M5064.Alarm.RFID_ReadFault","DB50.DBX1903.3",Boolean,1,RO,100,,,,,,,,,,"M5064RFID读取错误",
"M5064.Alarm.RFID_WriteFault","DB50.DBX1903.2",Boolean,1,RO,100,,,,,,,,,,"M5064RFID写入错误",
"M5064.Alarm.STV_TimeOut","MX1102.4",Boolean,1,RO,100,,,,,,,,,,"M5064环穿任务超时",
"M5064.Alarm.TimeOutFault","DB70.DBX126.3",Boolean,1,RO,100,,,,,,,,,,"M5064超时故障",
"M5064.Alarm.TM_JY_Fault","DB50.DBX1903.0",Boolean,1,RO,100,,,,,,,,,,"M5064条码校验故障",
"M5064.Alarm.TotalFault","DB70.DBX126.1",Boolean,1,RO,100,,,,,,,,,,"M5064总故障",
"M5064.Alarm.WX_Fault","DB50.DBX1902.1",Boolean,1,RO,100,,,,,,,,,,"M5064外形故障",
"M5064.Alarm.WX_TM_Fault","DB50.DBX1902.0",Boolean,1,RO,100,,,,,,,,,,"M5064外形条码总故障",
"M5064.State.Allow","DB50.DBB1909",Byte,1,RO,100,,,,,,,,,,"M5064允许拆盘",
"M5064.State.ForwardRun","DB70.DBX127.6",Boolean,1,RO,100,,,,,,,,,,"M5064正转运行",
"M5064.State.Get_Num","DB50.DBB1908",Byte,1,RO,100,,,,,,,,,,"M5064已取数量",
"M5064.State.GET_OK1","Q116.1",Boolean,1,RO,100,,,,,,,,,,"5064取货OK",
"M5064.State.GET_REQ","I309.2",Boolean,1,RO,100,,,,,,,,,,"5064环穿请求取货",
"M5064.State.KA5064_DOWN","Q41.6",Boolean,1,RO,100,,,,,,,,,,"5064气缸下降",
"M5064.State.KA5064_UP","Q41.4",Boolean,1,RO,100,,,,,,,,,,"5064气缸上升",
"M5064.State.LastOne","DB50.DBX1903.4",Boolean,1,RO,100,,,,,,,,,,"M5064强制推盘",
"M5064.State.Load","DB70.DBX127.5",Boolean,1,RO,100,,,,,,,,,,"M5064负载",
"M5064.State.MD_State1","DB50.DINT1910",Long,1,RO,100,,,,,,,,,,"M5064码垛状态1",
"M5064.State.MD_State2","DB50.DBB1914",Byte,1,RO,100,,,,,,,,,,"M5064码垛状态2",
"M5064.State.MS_RUN2","Q116.3",Boolean,1,RO,100,,,,,,,,,,"5064MS可以行走",
"M5064.State.MS5064_1","I298.1",Boolean,1,RO,100,,,,,,,,,,"5064气缸高位",
"M5064.State.MS5064-2","I298.3",Boolean,1,RO,100,,,,,,,,,,"5064气缸低位",
"M5064.State.Need_Num","DB50.DBB1907",Byte,1,RO,100,,,,,,,,,,"M5064要取数量",
"M5064.State.PH1","I298.2",Boolean,1,RO,100,,,,,,,,,,"5064减速光电",
"M5064.State.PH2","I298.4",Boolean,1,RO,100,,,,,,,,,,"5064到位光电",
"M5064.State.PH3","I298.6",Boolean,1,RO,100,,,,,,,,,,"5064对射保护光电",
"M5064.State.READY","Q42.6",Boolean,1,RO,100,,,,,,,,,,"5064准备好",
"M5064.State.ReversalRun","DB70.DBX127.7",Boolean,1,RO,100,,,,,,,,,,"M5064反转运行",
"M5064.State.Runing","DB70.DBX126.0",Boolean,1,RO,100,,,,,,,,,,"M5064设备运行标志",
"M5064.State.RUNNING","Q42.4",Boolean,1,RO,100,,,,,,,,,,"5064移栽中",
"M5064.State.SelectPlace","DB70.DBX126.7",Boolean,1,RO,100,,,,,,,,,,"M5064选中位",
"M5064.State.YX_DX","DB50.DBB1905",Byte,1,RO,100,,,,,,,,,,"M5064码垛垛型",
"M5064.State.YX_Num","DB50.DBB1906",Byte,1,RO,100,,,,,,,,,,"M5064烟箱数量",
"M5064.State.YX_Type","DB50.DBB1904",Byte,1,RO,100,,,,,,,,,,"M5064烟箱类型",
"M5064.State.YZ_OK3","Q116.5",Boolean,1,RO,100,,,,,,,,,,"5064移栽OK",
"M5064.Task.Code","DB50.DINT1892",Long,1,RO,100,,,,,,,,,,"M5064托盘条码",
"M5064.Task.DestSta","DB50.DBW1900",Short,1,RO,100,,,,,,,,,,"M5064目标地址",
"M5064.Task.StartSta","DB50.DBW1898",Short,1,RO,100,,,,,,,,,,"M5064起始地址",
"M5064.Task.Task","DB50.DBW1890",Short,1,RO,100,,,,,,,,,,"M5064任务号",
"M5064.Task.TpType","DB50.DBW1896",Short,1,RO,100,,,,,,,,,,"M5064货物类型",
"M5065.Alarm.B_Fault","DB50.DBX1932.4",Boolean,1,RO,100,,,,,,,,,,"M5065后超长",
"M5065.Alarm.DriveFault","DB70.DBX128.2",Boolean,1,RO,100,,,,,,,,,,"M5065驱动器故障",
"M5065.Alarm.EstopFault","DB70.DBX129.3",Boolean,1,RO,100,,,,,,,,,,"M5065急停故障",
"M5065.Alarm.F_Fault","DB50.DBX1932.3",Boolean,1,RO,100,,,,,,,,,,"M5065前超长",
"M5065.Alarm.H_Fault","DB50.DBX1932.2",Boolean,1,RO,100,,,,,,,,,,"M5065超高",
"M5065.Alarm.L_Fault","DB50.DBX1932.5",Boolean,1,RO,100,,,,,,,,,,"M5065左超宽",
"M5065.Alarm.LS_Fault","DB70.DBX129.2",Boolean,1,RO,100,,,,,,,,,,"M5065限位故障",
"M5065.Alarm.NoRead","DB50.DBX1933.1",Boolean,1,RO,100,,,,,,,,,,"M5065条码未读出",
"M5065.Alarm.OutSideFault","DB70.DBX129.1",Boolean,1,RO,100,,,,,,,,,,"M5065货物超边故障",
"M5065.Alarm.PH_Fault","DB70.DBX128.6",Boolean,1,RO,100,,,,,,,,,,"M5065光电管异常",
"M5065.Alarm.QF_Fault","DB70.DBX128.4",Boolean,1,RO,100,,,,,,,,,,"M5065空开故障",
"M5065.Alarm.QS_Fault","DB70.DBX128.5",Boolean,1,RO,100,,,,,,,,,,"M5065隔离开关故障",
"M5065.Alarm.R_Fault","DB50.DBX1932.6",Boolean,1,RO,100,,,,,,,,,,"M5065右超宽",
"M5065.Alarm.RFID_ReadFault","DB50.DBX1933.3",Boolean,1,RO,100,,,,,,,,,,"M5065RFID读取错误",
"M5065.Alarm.RFID_WriteFault","DB50.DBX1933.2",Boolean,1,RO,100,,,,,,,,,,"M5065RFID写入错误",
"M5065.Alarm.TimeOutFault","DB70.DBX128.3",Boolean,1,RO,100,,,,,,,,,,"M5065超时故障",
"M5065.Alarm.TM_JY_Fault","DB50.DBX1933.0",Boolean,1,RO,100,,,,,,,,,,"M5065条码校验故障",
"M5065.Alarm.TotalFault","DB70.DBX128.1",Boolean,1,RO,100,,,,,,,,,,"M5065总故障",
"M5065.Alarm.WX_Fault","DB50.DBX1932.1",Boolean,1,RO,100,,,,,,,,,,"M5065外形故障",
"M5065.Alarm.WX_TM_Fault","DB50.DBX1932.0",Boolean,1,RO,100,,,,,,,,,,"M5065外形条码总故障",
"M5065.State.Allow","DB50.DBB1939",Byte,1,RO,100,,,,,,,,,,"M5065允许拆盘",
"M5065.State.ForwardRun","DB70.DBX129.6",Boolean,1,RO,100,,,,,,,,,,"M5065正转运行",
"M5065.State.Get_Num","DB50.DBB1938",Byte,1,RO,100,,,,,,,,,,"M5065已取数量",
"M5065.State.LastOne","DB50.DBX1933.4",Boolean,1,RO,100,,,,,,,,,,"M5065强制推盘",
"M5065.State.Load","DB70.DBX129.5",Boolean,1,RO,100,,,,,,,,,,"M5065负载",
"M5065.State.M5065_2_RF","Q315.0",Boolean,1,RO,100,,,,,,,,,,"5065.2上升",
"M5065.State.MD_State1","DB50.DINT1940",Long,1,RO,100,,,,,,,,,,"M5065码垛状态1",
"M5065.State.MD_State2","DB50.DBB1944",Byte,1,RO,100,,,,,,,,,,"M5065码垛状态2",
"M5065.State.Need_Num","DB50.DBB1937",Byte,1,RO,100,,,,,,,,,,"M5065要取数量",
"M5065.State.PR5065_1","I299.4",Boolean,1,RO,100,,,,,,,,,,"5065高位",
"M5065.State.PR5065_2","I299.6",Boolean,1,RO,100,,,,,,,,,,"5065低位",
"M5065.State.ReversalRun","DB70.DBX129.7",Boolean,1,RO,100,,,,,,,,,,"M5065反转运行",
"M5065.State.Runing","DB70.DBX128.0",Boolean,1,RO,100,,,,,,,,,,"M5065设备运行标志",
"M5065.State.SelectPlace","DB70.DBX128.7",Boolean,1,RO,100,,,,,,,,,,"M5065选中位",
"M5065.State.YX_DX","DB50.DBB1935",Byte,1,RO,100,,,,,,,,,,"M5065码垛垛型",
"M5065.State.YX_Num","DB50.DBB1936",Byte,1,RO,100,,,,,,,,,,"M5065烟箱数量",
"M5065.State.YX_Type","DB50.DBB1934",Byte,1,RO,100,,,,,,,,,,"M5065烟箱类型",
"M5065.Task.Code","DB50.DINT1922",Long,1,RO,100,,,,,,,,,,"M5065托盘条码",
"M5065.Task.DestSta","DB50.DBW1930",Short,1,RO,100,,,,,,,,,,"M5065目标地址",
"M5065.Task.StartSta","DB50.DBW1928",Short,1,RO,100,,,,,,,,,,"M5065起始地址",
"M5065.Task.Task","DB50.DBW1920",Short,1,RO,100,,,,,,,,,,"M5065任务号",
"M5065.Task.TpType","DB50.DBW1926",Short,1,RO,100,,,,,,,,,,"M5065货物类型",
"M5066.Alarm.B_Fault","DB50.DBX1962.4",Boolean,1,RO,100,,,,,,,,,,"M5066后超长",
"M5066.Alarm.DriveFault","DB70.DBX130.2",Boolean,1,RO,100,,,,,,,,,,"M5066驱动器故障",
"M5066.Alarm.EstopFault","DB70.DBX131.3",Boolean,1,RO,100,,,,,,,,,,"M5066急停故障",
"M5066.Alarm.F_Fault","DB50.DBX1962.3",Boolean,1,RO,100,,,,,,,,,,"M5066前超长",
"M5066.Alarm.H_Fault","DB50.DBX1962.2",Boolean,1,RO,100,,,,,,,,,,"M5066超高",
"M5066.Alarm.L_Fault","DB50.DBX1962.5",Boolean,1,RO,100,,,,,,,,,,"M5066左超宽",
"M5066.Alarm.LS_Fault","DB70.DBX131.2",Boolean,1,RO,100,,,,,,,,,,"M5066限位故障",
"M5066.Alarm.NoRead","DB50.DBX1963.1",Boolean,1,RO,100,,,,,,,,,,"M5066条码未读出",
"M5066.Alarm.OutSideFault","DB70.DBX131.1",Boolean,1,RO,100,,,,,,,,,,"M5066货物超边故障",
"M5066.Alarm.PH_Fault","DB70.DBX130.6",Boolean,1,RO,100,,,,,,,,,,"M5066光电管异常",
"M5066.Alarm.QF_Fault","DB70.DBX130.4",Boolean,1,RO,100,,,,,,,,,,"M5066空开故障",
"M5066.Alarm.QS_Fault","DB70.DBX130.5",Boolean,1,RO,100,,,,,,,,,,"M5066隔离开关故障",
"M5066.Alarm.R_Fault","DB50.DBX1962.6",Boolean,1,RO,100,,,,,,,,,,"M5066右超宽",
"M5066.Alarm.RFID_ReadFault","DB50.DBX1963.3",Boolean,1,RO,100,,,,,,,,,,"M5066RFID读取错误",
"M5066.Alarm.RFID_WriteFault","DB50.DBX1963.2",Boolean,1,RO,100,,,,,,,,,,"M5066RFID写入错误",
"M5066.Alarm.TimeOutFault","DB70.DBX130.3",Boolean,1,RO,100,,,,,,,,,,"M5066超时故障",
"M5066.Alarm.TM_JY_Fault","DB50.DBX1963.0",Boolean,1,RO,100,,,,,,,,,,"M5066条码校验故障",
"M5066.Alarm.TotalFault","DB70.DBX130.1",Boolean,1,RO,100,,,,,,,,,,"M5066总故障",
"M5066.Alarm.WX_Fault","DB50.DBX1962.1",Boolean,1,RO,100,,,,,,,,,,"M5066外形故障",
"M5066.Alarm.WX_TM_Fault","DB50.DBX1962.0",Boolean,1,RO,100,,,,,,,,,,"M5066外形条码总故障",
"M5066.State.Allow","DB50.DBB1969",Byte,1,RO,100,,,,,,,,,,"M5066允许拆盘",
"M5066.State.ForwardRun","DB70.DBX131.6",Boolean,1,RO,100,,,,,,,,,,"M5066正转运行",
"M5066.State.Get_Num","DB50.DBB1968",Byte,1,RO,100,,,,,,,,,,"M5066已取数量",
"M5066.State.KA5066_DOWN","Q41.3",Boolean,1,RO,100,,,,,,,,,,"5066气缸下降",
"M5066.State.KA5066_UP","Q41.1",Boolean,1,RO,100,,,,,,,,,,"5066气缸上升",
"M5066.State.LastOne","DB50.DBX1963.4",Boolean,1,RO,100,,,,,,,,,,"M5066强制推盘",
"M5066.State.Load","DB70.DBX131.5",Boolean,1,RO,100,,,,,,,,,,"M5066负载",
"M5066.State.MD_State1","DB50.DINT1970",Long,1,RO,100,,,,,,,,,,"M5066码垛状态1",
"M5066.State.MD_State2","DB50.DBB1974",Byte,1,RO,100,,,,,,,,,,"M5066码垛状态2",
"M5066.State.MS5066_1","I308.3",Boolean,1,RO,100,,,,,,,,,,"5066气缸高位",
"M5066.State.MS5066_2","I308.5",Boolean,1,RO,100,,,,,,,,,,"5066气缸低位",
"M5066.State.Need_Num","DB50.DBB1967",Byte,1,RO,100,,,,,,,,,,"M5066要取数量",
"M5066.State.PH1","I308.2",Boolean,1,RO,100,,,,,,,,,,"5066减速光电1",
"M5066.State.PH2","I308.4",Boolean,1,RO,100,,,,,,,,,,"5066到位光电1",
"M5066.State.PH3","I308.6",Boolean,1,RO,100,,,,,,,,,,"5066减速光电2",
"M5066.State.PH4","I308.1",Boolean,1,RO,100,,,,,,,,,,"5066到位光电2",
"M5066.State.ReversalRun","DB70.DBX131.7",Boolean,1,RO,100,,,,,,,,,,"M5066反转运行",
"M5066.State.Runing","DB70.DBX130.0",Boolean,1,RO,100,,,,,,,,,,"M5066设备运行标志",
"M5066.State.SelectPlace","DB70.DBX130.7",Boolean,1,RO,100,,,,,,,,,,"M5066选中位",
"M5066.State.YX_DX","DB50.DBB1965",Byte,1,RO,100,,,,,,,,,,"M5066码垛垛型",
"M5066.State.YX_Num","DB50.DBB1966",Byte,1,RO,100,,,,,,,,,,"M5066烟箱数量",
"M5066.State.YX_Type","DB50.DBB1964",Byte,1,RO,100,,,,,,,,,,"M5066烟箱类型",
"M5066.Task.Code","DB50.DINT1952",Long,1,RO,100,,,,,,,,,,"M5066托盘条码",
"M5066.Task.DestSta","DB50.DBW1960",Short,1,RO,100,,,,,,,,,,"M5066目标地址",
"M5066.Task.StartSta","DB50.DBW1958",Short,1,RO,100,,,,,,,,,,"M5066起始地址",
"M5066.Task.Task","DB50.DBW1950",Short,1,RO,100,,,,,,,,,,"M5066任务号",
"M5066.Task.TpType","DB50.DBW1956",Short,1,RO,100,,,,,,,,,,"M5066货物类型",
"M5067.Alarm.B_Fault","DB50.DBX1992.4",Boolean,1,RO,100,,,,,,,,,,"M5067后超长",
"M5067.Alarm.DriveFault","DB70.DBX132.2",Boolean,1,RO,100,,,,,,,,,,"M5067驱动器故障",
"M5067.Alarm.EstopFault","DB70.DBX133.3",Boolean,1,RO,100,,,,,,,,,,"M5067急停故障",
"M5067.Alarm.F_Fault","DB50.DBX1992.3",Boolean,1,RO,100,,,,,,,,,,"M5067前超长",
"M5067.Alarm.H_Fault","DB50.DBX1992.2",Boolean,1,RO,100,,,,,,,,,,"M5067超高",
"M5067.Alarm.L_Fault","DB50.DBX1992.5",Boolean,1,RO,100,,,,,,,,,,"M5067左超宽",
"M5067.Alarm.LS_Fault","DB70.DBX133.2",Boolean,1,RO,100,,,,,,,,,,"M5067限位故障",
"M5067.Alarm.NoRead","DB50.DBX1993.1",Boolean,1,RO,100,,,,,,,,,,"M5067条码未读出",
"M5067.Alarm.OutSideFault","DB70.DBX133.1",Boolean,1,RO,100,,,,,,,,,,"M5067货物超边故障",
"M5067.Alarm.PH_Fault","DB70.DBX132.6",Boolean,1,RO,100,,,,,,,,,,"M5067光电管异常",
"M5067.Alarm.QF_Fault","DB70.DBX132.4",Boolean,1,RO,100,,,,,,,,,,"M5067空开故障",
"M5067.Alarm.QS_Fault","DB70.DBX132.5",Boolean,1,RO,100,,,,,,,,,,"M5067隔离开关故障",
"M5067.Alarm.R_Fault","DB50.DBX1992.6",Boolean,1,RO,100,,,,,,,,,,"M5067右超宽",
"M5067.Alarm.RFID_ReadFault","DB50.DBX1993.3",Boolean,1,RO,100,,,,,,,,,,"M5067RFID读取错误",
"M5067.Alarm.RFID_WriteFault","DB50.DBX1993.2",Boolean,1,RO,100,,,,,,,,,,"M5067RFID写入错误",
"M5067.Alarm.STV_TimeOut","MX1102.5",Boolean,1,RO,100,,,,,,,,,,"M5067环穿任务超时",
"M5067.Alarm.TimeOutFault","DB70.DBX132.3",Boolean,1,RO,100,,,,,,,,,,"M5067超时故障",
"M5067.Alarm.TM_JY_Fault","DB50.DBX1993.0",Boolean,1,RO,100,,,,,,,,,,"M5067条码校验故障",
"M5067.Alarm.TotalFault","DB70.DBX132.1",Boolean,1,RO,100,,,,,,,,,,"M5067总故障",
"M5067.Alarm.WX_Fault","DB50.DBX1992.1",Boolean,1,RO,100,,,,,,,,,,"M5067外形故障",
"M5067.Alarm.WX_TM_Fault","DB50.DBX1992.0",Boolean,1,RO,100,,,,,,,,,,"M5067外形条码总故障",
"M5067.State.Allow","DB50.DBB1999",Byte,1,RO,100,,,,,,,,,,"M5067允许拆盘",
"M5067.State.ForwardRun","DB70.DBX133.6",Boolean,1,RO,100,,,,,,,,,,"M5067正转运行",
"M5067.State.Get_Num","DB50.DBB1998",Byte,1,RO,100,,,,,,,,,,"M5067已取数量",
"M5067.State.GET_OK1","Q116.2",Boolean,1,RO,100,,,,,,,,,,"5067取货OK",
"M5067.State.GET_REQ","I309.4",Boolean,1,RO,100,,,,,,,,,,"5067环穿请求取货",
"M5067.State.LastOne","DB50.DBX1993.4",Boolean,1,RO,100,,,,,,,,,,"M5067强制推盘",
"M5067.State.Load","DB70.DBX133.5",Boolean,1,RO,100,,,,,,,,,,"M5067负载",
"M5067.State.MD_State1","DB50.DINT2000",Long,1,RO,100,,,,,,,,,,"M5067码垛状态1",
"M5067.State.MD_State2","DB50.DBB2004",Byte,1,RO,100,,,,,,,,,,"M5067码垛状态2",
"M5067.State.MS_RUN2","Q116.4",Boolean,1,RO,100,,,,,,,,,,"5067MS可以行走",
"M5067.State.Need_Num","DB50.DBB1997",Byte,1,RO,100,,,,,,,,,,"M5067要取数量",
"M5067.State.PH1","I299.3",Boolean,1,RO,100,,,,,,,,,,"5067减速光电",
"M5067.State.PH2","I299.5",Boolean,1,RO,100,,,,,,,,,,"5067到位光电",
"M5067.State.PH3","I299.7",Boolean,1,RO,100,,,,,,,,,,"5067对射保护光电",
"M5067.State.READY","Q42.3",Boolean,1,RO,100,,,,,,,,,,"5067准备好",
"M5067.State.ReversalRun","DB70.DBX133.7",Boolean,1,RO,100,,,,,,,,,,"M5067反转运行",
"M5067.State.Runing","DB70.DBX132.0",Boolean,1,RO,100,,,,,,,,,,"M5067设备运行标志",
"M5067.State.RUNNING","Q42.1",Boolean,1,RO,100,,,,,,,,,,"5067移栽中",
"M5067.State.SelectPlace","DB70.DBX132.7",Boolean,1,RO,100,,,,,,,,,,"M5067选中位",
"M5067.State.YX_DX","DB50.DBB1995",Byte,1,RO,100,,,,,,,,,,"M5067码垛垛型",
"M5067.State.YX_Num","DB50.DBB1996",Byte,1,RO,100,,,,,,,,,,"M5067烟箱数量",
"M5067.State.YX_Type","DB50.DBB1994",Byte,1,RO,100,,,,,,,,,,"M5067烟箱类型",
"M5067.State.YZ_OK3","Q116.6",Boolean,1,RO,100,,,,,,,,,,"5067移栽OK",
"M5067.Task.Code","DB50.DINT1982",Long,1,RO,100,,,,,,,,,,"M5067托盘条码",
"M5067.Task.DestSta","DB50.DBW1990",Short,1,RO,100,,,,,,,,,,"M5067目标地址",
"M5067.Task.StartSta","DB50.DBW1988",Short,1,RO,100,,,,,,,,,,"M5067起始地址",
"M5067.Task.Task","DB50.DBW1980",Short,1,RO,100,,,,,,,,,,"M5067任务号",
"M5067.Task.TpType","DB50.DBW1986",Short,1,RO,100,,,,,,,,,,"M5067货物类型",
"M5068.Alarm.B_Fault","DB50.DBX2022.4",Boolean,1,RO,100,,,,,,,,,,"M5068后超长",
"M5068.Alarm.DriveFault","DB70.DBX134.2",Boolean,1,RO,100,,,,,,,,,,"M5068驱动器故障",
"M5068.Alarm.EstopFault","DB70.DBX135.3",Boolean,1,RO,100,,,,,,,,,,"M5068急停故障",
"M5068.Alarm.F_Fault","DB50.DBX2022.3",Boolean,1,RO,100,,,,,,,,,,"M5068前超长",
"M5068.Alarm.H_Fault","DB50.DBX2022.2",Boolean,1,RO,100,,,,,,,,,,"M5068超高",
"M5068.Alarm.L_Fault","DB50.DBX2022.5",Boolean,1,RO,100,,,,,,,,,,"M5068左超宽",
"M5068.Alarm.LS_Fault","DB70.DBX135.2",Boolean,1,RO,100,,,,,,,,,,"M5068限位故障",
"M5068.Alarm.NoRead","DB50.DBX2023.1",Boolean,1,RO,100,,,,,,,,,,"M5068条码未读出",
"M5068.Alarm.OutSideFault","DB70.DBX135.1",Boolean,1,RO,100,,,,,,,,,,"M5068货物超边故障",
"M5068.Alarm.PH_Fault","DB70.DBX134.6",Boolean,1,RO,100,,,,,,,,,,"M5068光电管异常",
"M5068.Alarm.QF_Fault","DB70.DBX134.4",Boolean,1,RO,100,,,,,,,,,,"M5068空开故障",
"M5068.Alarm.QS_Fault","DB70.DBX134.5",Boolean,1,RO,100,,,,,,,,,,"M5068隔离开关故障",
"M5068.Alarm.R_Fault","DB50.DBX2022.6",Boolean,1,RO,100,,,,,,,,,,"M5068右超宽",
"M5068.Alarm.RFID_ReadFault","DB50.DBX2023.3",Boolean,1,RO,100,,,,,,,,,,"M5068RFID读取错误",
"M5068.Alarm.RFID_WriteFault","DB50.DBX2023.2",Boolean,1,RO,100,,,,,,,,,,"M5068RFID写入错误",
"M5068.Alarm.TimeOutFault","DB70.DBX134.3",Boolean,1,RO,100,,,,,,,,,,"M5068超时故障",
"M5068.Alarm.TM_JY_Fault","DB50.DBX2023.0",Boolean,1,RO,100,,,,,,,,,,"M5068条码校验故障",
"M5068.Alarm.TotalFault","DB70.DBX134.1",Boolean,1,RO,100,,,,,,,,,,"M5068总故障",
"M5068.Alarm.WX_Fault","DB50.DBX2022.1",Boolean,1,RO,100,,,,,,,,,,"M5068外形故障",
"M5068.Alarm.WX_TM_Fault","DB50.DBX2022.0",Boolean,1,RO,100,,,,,,,,,,"M5068外形条码总故障",
"M5068.State.Allow","DB50.DBB2029",Byte,1,RO,100,,,,,,,,,,"M5068允许拆盘",
"M5068.State.ForwardRun","DB70.DBX135.6",Boolean,1,RO,100,,,,,,,,,,"M5068正转运行",
"M5068.State.Get_Num","DB50.DBB2028",Byte,1,RO,100,,,,,,,,,,"M5068已取数量",
"M5068.State.LastOne","DB50.DBX2023.4",Boolean,1,RO,100,,,,,,,,,,"M5068强制推盘",
"M5068.State.Load","DB70.DBX135.5",Boolean,1,RO,100,,,,,,,,,,"M5068负载",
"M5068.State.M5068_FZ","Q319.1",Boolean,1,RO,100,,,,,,,,,,"M5068反转",
"M5068.State.M5068_ZZ","Q319.0",Boolean,1,RO,100,,,,,,,,,,"M5068正转",
"M5068.State.MD_State1","DB50.DINT2030",Long,1,RO,100,,,,,,,,,,"M5068码垛状态1",
"M5068.State.MD_State2","DB50.DBB2034",Byte,1,RO,100,,,,,,,,,,"M5068码垛状态2",
"M5068.State.Need_Num","DB50.DBB2027",Byte,1,RO,100,,,,,,,,,,"M5068要取数量",
"M5068.State.PH1","I298.7",Boolean,1,RO,100,,,,,,,,,,"5068到位光电",
"M5068.State.ReversalRun","DB70.DBX135.7",Boolean,1,RO,100,,,,,,,,,,"M5068反转运行",
"M5068.State.Runing","DB70.DBX134.0",Boolean,1,RO,100,,,,,,,,,,"M5068设备运行标志",
"M5068.State.SelectPlace","DB70.DBX134.7",Boolean,1,RO,100,,,,,,,,,,"M5068选中位",
"M5068.State.YX_DX","DB50.DBB2025",Byte,1,RO,100,,,,,,,,,,"M5068码垛垛型",
"M5068.State.YX_Num","DB50.DBB2026",Byte,1,RO,100,,,,,,,,,,"M5068烟箱数量",
"M5068.State.YX_Type","DB50.DBB2024",Byte,1,RO,100,,,,,,,,,,"M5068烟箱类型",
"M5068.Task.Code","DB50.DINT2012",Long,1,RO,100,,,,,,,,,,"M5068托盘条码",
"M5068.Task.DestSta","DB50.DBW2020",Short,1,RO,100,,,,,,,,,,"M5068目标地址",
"M5068.Task.StartSta","DB50.DBW2018",Short,1,RO,100,,,,,,,,,,"M5068起始地址",
"M5068.Task.Task","DB50.DBW2010",Short,1,RO,100,,,,,,,,,,"M5068任务号",
"M5068.Task.TpType","DB50.DBW2016",Short,1,RO,100,,,,,,,,,,"M5068货物类型",
"M5069.Alarm.B_Fault","DB50.DBX2052.4",Boolean,1,RO,100,,,,,,,,,,"M5069后超长",
"M5069.Alarm.DriveFault","DB70.DBX136.2",Boolean,1,RO,100,,,,,,,,,,"M5069驱动器故障",
"M5069.Alarm.EstopFault","DB70.DBX137.3",Boolean,1,RO,100,,,,,,,,,,"M5069急停故障",
"M5069.Alarm.F_Fault","DB50.DBX2052.3",Boolean,1,RO,100,,,,,,,,,,"M5069前超长",
"M5069.Alarm.H_Fault","DB50.DBX2052.2",Boolean,1,RO,100,,,,,,,,,,"M5069超高",
"M5069.Alarm.L_Fault","DB50.DBX2052.5",Boolean,1,RO,100,,,,,,,,,,"M5069左超宽",
"M5069.Alarm.LS_Fault","DB70.DBX137.2",Boolean,1,RO,100,,,,,,,,,,"M5069限位故障",
"M5069.Alarm.NoRead","DB50.DBX2053.1",Boolean,1,RO,100,,,,,,,,,,"M5069条码未读出",
"M5069.Alarm.OutSideFault","DB70.DBX137.1",Boolean,1,RO,100,,,,,,,,,,"M5069货物超边故障",
"M5069.Alarm.PH_Fault","DB70.DBX136.6",Boolean,1,RO,100,,,,,,,,,,"M5069光电管异常",
"M5069.Alarm.QF_Fault","DB70.DBX136.4",Boolean,1,RO,100,,,,,,,,,,"M5069空开故障",
"M5069.Alarm.QS_Fault","DB70.DBX136.5",Boolean,1,RO,100,,,,,,,,,,"M5069隔离开关故障",
"M5069.Alarm.R_Fault","DB50.DBX2052.6",Boolean,1,RO,100,,,,,,,,,,"M5069右超宽",
"M5069.Alarm.RFID_ReadFault","DB50.DBX2053.3",Boolean,1,RO,100,,,,,,,,,,"M5069RFID读取错误",
"M5069.Alarm.RFID_WriteFault","DB50.DBX2053.2",Boolean,1,RO,100,,,,,,,,,,"M5069RFID写入错误",
"M5069.Alarm.TimeOutFault","DB70.DBX136.3",Boolean,1,RO,100,,,,,,,,,,"M5069超时故障",
"M5069.Alarm.TM_JY_Fault","DB50.DBX2053.0",Boolean,1,RO,100,,,,,,,,,,"M5069条码校验故障",
"M5069.Alarm.TotalFault","DB70.DBX136.1",Boolean,1,RO,100,,,,,,,,,,"M5069总故障",
"M5069.Alarm.WX_Fault","DB50.DBX2052.1",Boolean,1,RO,100,,,,,,,,,,"M5069外形故障",
"M5069.Alarm.WX_TM_Fault","DB50.DBX2052.0",Boolean,1,RO,100,,,,,,,,,,"M5069外形条码总故障",
"M5069.State.Allow","DB50.DBB2059",Byte,1,RO,100,,,,,,,,,,"M5069允许拆盘",
"M5069.State.ForwardRun","DB70.DBX137.6",Boolean,1,RO,100,,,,,,,,,,"M5069正转运行",
"M5069.State.Get_Num","DB50.DBB2058",Byte,1,RO,100,,,,,,,,,,"M5069已取数量",
"M5069.State.LastOne","DB50.DBX2053.4",Boolean,1,RO,100,,,,,,,,,,"M5069强制推盘",
"M5069.State.Load","DB70.DBX137.5",Boolean,1,RO,100,,,,,,,,,,"M5069负载",
"M5069.State.M5069_2_RF","Q329.0",Boolean,1,RO,100,,,,,,,,,,"M5069.2上升",
"M5069.State.MD_State1","DB50.DINT2060",Long,1,RO,100,,,,,,,,,,"M5069码垛状态1",
"M5069.State.MD_State2","DB50.DBB2064",Byte,1,RO,100,,,,,,,,,,"M5069码垛状态2",
"M5069.State.Need_Num","DB50.DBB2057",Byte,1,RO,100,,,,,,,,,,"M5069要取数量",
"M5069.State.PR5069_1","I321.4",Boolean,1,RO,100,,,,,,,,,,"5069高位",
"M5069.State.PR5069_2","I321.6",Boolean,1,RO,100,,,,,,,,,,"5069低位",
"M5069.State.ReversalRun","DB70.DBX137.7",Boolean,1,RO,100,,,,,,,,,,"M5069反转运行",
"M5069.State.Runing","DB70.DBX136.0",Boolean,1,RO,100,,,,,,,,,,"M5069设备运行标志",
"M5069.State.SelectPlace","DB70.DBX136.7",Boolean,1,RO,100,,,,,,,,,,"M5069选中位",
"M5069.State.YX_DX","DB50.DBB2055",Byte,1,RO,100,,,,,,,,,,"M5069码垛垛型",
"M5069.State.YX_Num","DB50.DBB2056",Byte,1,RO,100,,,,,,,,,,"M5069烟箱数量",
"M5069.State.YX_Type","DB50.DBB2054",Byte,1,RO,100,,,,,,,,,,"M5069烟箱类型",
"M5069.Task.Code","DB50.DINT2042",Long,1,RO,100,,,,,,,,,,"M5069托盘条码",
"M5069.Task.DestSta","DB50.DBW2050",Short,1,RO,100,,,,,,,,,,"M5069目标地址",
"M5069.Task.StartSta","DB50.DBW2048",Short,1,RO,100,,,,,,,,,,"M5069起始地址",
"M5069.Task.Task","DB50.DBW2040",Short,1,RO,100,,,,,,,,,,"M5069任务号",
"M5069.Task.TpType","DB50.DBW2046",Short,1,RO,100,,,,,,,,,,"M5069货物类型",
"M5070.Alarm.B_Fault","DB50.DBX2082.4",Boolean,1,RO,100,,,,,,,,,,"M5070后超长",
"M5070.Alarm.DriveFault","DB70.DBX138.2",Boolean,1,RO,100,,,,,,,,,,"M5070驱动器故障",
"M5070.Alarm.EstopFault","DB70.DBX139.3",Boolean,1,RO,100,,,,,,,,,,"M5070急停故障",
"M5070.Alarm.F_Fault","DB50.DBX2082.3",Boolean,1,RO,100,,,,,,,,,,"M5070前超长",
"M5070.Alarm.H_Fault","DB50.DBX2082.2",Boolean,1,RO,100,,,,,,,,,,"M5070超高",
"M5070.Alarm.L_Fault","DB50.DBX2082.5",Boolean,1,RO,100,,,,,,,,,,"M5070左超宽",
"M5070.Alarm.LS_Fault","DB70.DBX139.2",Boolean,1,RO,100,,,,,,,,,,"M5070限位故障",
"M5070.Alarm.NoRead","DB50.DBX2083.1",Boolean,1,RO,100,,,,,,,,,,"M5070条码未读出",
"M5070.Alarm.OutSideFault","DB70.DBX139.1",Boolean,1,RO,100,,,,,,,,,,"M5070货物超边故障",
"M5070.Alarm.PH_Fault","DB70.DBX138.6",Boolean,1,RO,100,,,,,,,,,,"M5070光电管异常",
"M5070.Alarm.QF_Fault","DB70.DBX138.4",Boolean,1,RO,100,,,,,,,,,,"M5070空开故障",
"M5070.Alarm.QS_Fault","DB70.DBX138.5",Boolean,1,RO,100,,,,,,,,,,"M5070隔离开关故障",
"M5070.Alarm.R_Fault","DB50.DBX2082.6",Boolean,1,RO,100,,,,,,,,,,"M5070右超宽",
"M5070.Alarm.RFID_ReadFault","DB50.DBX2083.3",Boolean,1,RO,100,,,,,,,,,,"M5070RFID读取错误",
"M5070.Alarm.RFID_WriteFault","DB50.DBX2083.2",Boolean,1,RO,100,,,,,,,,,,"M5070RFID写入错误",
"M5070.Alarm.TimeOutFault","DB70.DBX138.3",Boolean,1,RO,100,,,,,,,,,,"M5070超时故障",
"M5070.Alarm.TM_JY_Fault","DB50.DBX2083.0",Boolean,1,RO,100,,,,,,,,,,"M5070条码校验故障",
"M5070.Alarm.TotalFault","DB70.DBX138.1",Boolean,1,RO,100,,,,,,,,,,"M5070总故障",
"M5070.Alarm.WX_Fault","DB50.DBX2082.1",Boolean,1,RO,100,,,,,,,,,,"M5070外形故障",
"M5070.Alarm.WX_TM_Fault","DB50.DBX2082.0",Boolean,1,RO,100,,,,,,,,,,"M5070外形条码总故障",
"M5070.State.Allow","DB50.DBB2089",Byte,1,RO,100,,,,,,,,,,"M5070允许拆盘",
"M5070.State.ForwardRun","DB70.DBX139.6",Boolean,1,RO,100,,,,,,,,,,"M5070正转运行",
"M5070.State.Get_Num","DB50.DBB2088",Byte,1,RO,100,,,,,,,,,,"M5070已取数量",
"M5070.State.KA5070_DOWN","Q43.2",Boolean,1,RO,100,,,,,,,,,,"5070气缸下降",
"M5070.State.KA5070_UP","Q43.0",Boolean,1,RO,100,,,,,,,,,,"5070气缸上升",
"M5070.State.LastOne","DB50.DBX2083.4",Boolean,1,RO,100,,,,,,,,,,"M5070强制推盘",
"M5070.State.Load","DB70.DBX139.5",Boolean,1,RO,100,,,,,,,,,,"M5070负载",
"M5070.State.MD_State1","DB50.DINT2090",Long,1,RO,100,,,,,,,,,,"M5070码垛状态1",
"M5070.State.MD_State2","DB50.DBB2094",Byte,1,RO,100,,,,,,,,,,"M5070码垛状态2",
"M5070.State.MS5070_1","I322.3",Boolean,1,RO,100,,,,,,,,,,"5070气缸高位",
"M5070.State.MS5070_2","I322.5",Boolean,1,RO,100,,,,,,,,,,"5070气缸低位",
"M5070.State.Need_Num","DB50.DBB2087",Byte,1,RO,100,,,,,,,,,,"M5070要取数量",
"M5070.State.PH1","I322.2",Boolean,1,RO,100,,,,,,,,,,"5070减速光电1",
"M5070.State.PH2","I322.4",Boolean,1,RO,100,,,,,,,,,,"5070到位光电1",
"M5070.State.PH3","I322.6",Boolean,1,RO,100,,,,,,,,,,"5070减速光电2",
"M5070.State.PH4","I322.1",Boolean,1,RO,100,,,,,,,,,,"5070到位光电2",
"M5070.State.ReversalRun","DB70.DBX139.7",Boolean,1,RO,100,,,,,,,,,,"M5070反转运行",
"M5070.State.Runing","DB70.DBX138.0",Boolean,1,RO,100,,,,,,,,,,"M5070设备运行标志",
"M5070.State.SelectPlace","DB70.DBX138.7",Boolean,1,RO,100,,,,,,,,,,"M5070选中位",
"M5070.State.YX_DX","DB50.DBB2085",Byte,1,RO,100,,,,,,,,,,"M5070码垛垛型",
"M5070.State.YX_Num","DB50.DBB2086",Byte,1,RO,100,,,,,,,,,,"M5070烟箱数量",
"M5070.State.YX_Type","DB50.DBB2084",Byte,1,RO,100,,,,,,,,,,"M5070烟箱类型",
"M5070.Task.Code","DB50.DINT2072",Long,1,RO,100,,,,,,,,,,"M5070托盘条码",
"M5070.Task.DestSta","DB50.DBW2080",Short,1,RO,100,,,,,,,,,,"M5070目标地址",
"M5070.Task.StartSta","DB50.DBW2078",Short,1,RO,100,,,,,,,,,,"M5070起始地址",
"M5070.Task.Task","DB50.DBW2070",Short,1,RO,100,,,,,,,,,,"M5070任务号",
"M5070.Task.TpType","DB50.DBW2076",Short,1,RO,100,,,,,,,,,,"M5070货物类型",
"M5071.Alarm.B_Fault","DB50.DBX2112.4",Boolean,1,RO,100,,,,,,,,,,"M5071后超长",
"M5071.Alarm.DriveFault","DB70.DBX140.2",Boolean,1,RO,100,,,,,,,,,,"M5071驱动器故障",
"M5071.Alarm.EstopFault","DB70.DBX141.3",Boolean,1,RO,100,,,,,,,,,,"M5071急停故障",
"M5071.Alarm.F_Fault","DB50.DBX2112.3",Boolean,1,RO,100,,,,,,,,,,"M5071前超长",
"M5071.Alarm.H_Fault","DB50.DBX2112.2",Boolean,1,RO,100,,,,,,,,,,"M5071超高",
"M5071.Alarm.L_Fault","DB50.DBX2112.5",Boolean,1,RO,100,,,,,,,,,,"M5071左超宽",
"M5071.Alarm.LS_Fault","DB70.DBX141.2",Boolean,1,RO,100,,,,,,,,,,"M5071限位故障",
"M5071.Alarm.NoRead","DB50.DBX2113.1",Boolean,1,RO,100,,,,,,,,,,"M5071条码未读出",
"M5071.Alarm.OutSideFault","DB70.DBX141.1",Boolean,1,RO,100,,,,,,,,,,"M5071货物超边故障",
"M5071.Alarm.PH_Fault","DB70.DBX140.6",Boolean,1,RO,100,,,,,,,,,,"M5071光电管异常",
"M5071.Alarm.QF_Fault","DB70.DBX140.4",Boolean,1,RO,100,,,,,,,,,,"M5071空开故障",
"M5071.Alarm.QS_Fault","DB70.DBX140.5",Boolean,1,RO,100,,,,,,,,,,"M5071隔离开关故障",
"M5071.Alarm.R_Fault","DB50.DBX2112.6",Boolean,1,RO,100,,,,,,,,,,"M5071右超宽",
"M5071.Alarm.RFID_ReadFault","DB50.DBX2113.3",Boolean,1,RO,100,,,,,,,,,,"M5071RFID读取错误",
"M5071.Alarm.RFID_WriteFault","DB50.DBX2113.2",Boolean,1,RO,100,,,,,,,,,,"M5071RFID写入错误",
"M5071.Alarm.STV_TimeOut","MX1102.6",Boolean,1,RO,100,,,,,,,,,,"M5071环穿任务超时",
"M5071.Alarm.TimeOutFault","DB70.DBX140.3",Boolean,1,RO,100,,,,,,,,,,"M5071超时故障",
"M5071.Alarm.TM_JY_Fault","DB50.DBX2113.0",Boolean,1,RO,100,,,,,,,,,,"M5071条码校验故障",
"M5071.Alarm.TotalFault","DB70.DBX140.1",Boolean,1,RO,100,,,,,,,,,,"M5071总故障",
"M5071.Alarm.WX_Fault","DB50.DBX2112.1",Boolean,1,RO,100,,,,,,,,,,"M5071外形故障",
"M5071.Alarm.WX_TM_Fault","DB50.DBX2112.0",Boolean,1,RO,100,,,,,,,,,,"M5071外形条码总故障",
"M5071.State.Allow","DB50.DBB2119",Byte,1,RO,100,,,,,,,,,,"M5071允许拆盘",
"M5071.State.ForwardRun","DB70.DBX141.6",Boolean,1,RO,100,,,,,,,,,,"M5071正转运行",
"M5071.State.Get_Num","DB50.DBB2118",Byte,1,RO,100,,,,,,,,,,"M5071已取数量",
"M5071.State.GET_OK1","Q115.5",Boolean,1,RO,100,,,,,,,,,,"5071取货OK",
"M5071.State.GET_REQ","I327.0",Boolean,1,RO,100,,,,,,,,,,"5071环穿请求取货",
"M5071.State.LastOne","DB50.DBX2113.4",Boolean,1,RO,100,,,,,,,,,,"M5071强制推盘",
"M5071.State.Load","DB70.DBX141.5",Boolean,1,RO,100,,,,,,,,,,"M5071负载",
"M5071.State.MD_State1","DB50.DINT2120",Long,1,RO,100,,,,,,,,,,"M5071码垛状态1",
"M5071.State.MD_State2","DB50.DBB2124",Byte,1,RO,100,,,,,,,,,,"M5071码垛状态2",
"M5071.State.MS_RUN2","Q115.7",Boolean,1,RO,100,,,,,,,,,,"5071MS可以行走",
"M5071.State.Need_Num","DB50.DBB2117",Byte,1,RO,100,,,,,,,,,,"M5071要取数量",
"M5071.State.PH1","I321.3",Boolean,1,RO,100,,,,,,,,,,"5071减速光电",
"M5071.State.PH2","I321.5",Boolean,1,RO,100,,,,,,,,,,"5071到位光电",
"M5071.State.PH3","I321.7",Boolean,1,RO,100,,,,,,,,,,"5071对射保护光电",
"M5071.State.READY","Q44.2",Boolean,1,RO,100,,,,,,,,,,"5071准备好",
"M5071.State.ReversalRun","DB70.DBX141.7",Boolean,1,RO,100,,,,,,,,,,"M5071反转运行",
"M5071.State.Runing","DB70.DBX140.0",Boolean,1,RO,100,,,,,,,,,,"M5071设备运行标志",
"M5071.State.RUNNING","Q44.0",Boolean,1,RO,100,,,,,,,,,,"5071移栽中",
"M5071.State.SelectPlace","DB70.DBX140.7",Boolean,1,RO,100,,,,,,,,,,"M5071选中位",
"M5071.State.YX_DX","DB50.DBB2115",Byte,1,RO,100,,,,,,,,,,"M5071码垛垛型",
"M5071.State.YX_Num","DB50.DBB2116",Byte,1,RO,100,,,,,,,,,,"M5071烟箱数量",
"M5071.State.YX_Type","DB50.DBB2114",Byte,1,RO,100,,,,,,,,,,"M5071烟箱类型",
"M5071.State.YZ_OK3","Q116.0",Boolean,1,RO,100,,,,,,,,,,"5071移栽OK",
"M5071.Task.Code","DB50.DINT2102",Long,1,RO,100,,,,,,,,,,"M5071托盘条码",
"M5071.Task.DestSta","DB50.DBW2110",Short,1,RO,100,,,,,,,,,,"M5071目标地址",
"M5071.Task.StartSta","DB50.DBW2108",Short,1,RO,100,,,,,,,,,,"M5071起始地址",
"M5071.Task.Task","DB50.DBW2100",Short,1,RO,100,,,,,,,,,,"M5071任务号",
"M5071.Task.TpType","DB50.DBW2106",Short,1,RO,100,,,,,,,,,,"M5071货物类型",
"M5072.Alarm.B_Fault","DB50.DBX2142.4",Boolean,1,RO,100,,,,,,,,,,"M5072后超长",
"M5072.Alarm.DriveFault","DB70.DBX142.2",Boolean,1,RO,100,,,,,,,,,,"M5072驱动器故障",
"M5072.Alarm.EstopFault","DB70.DBX143.3",Boolean,1,RO,100,,,,,,,,,,"M5072急停故障",
"M5072.Alarm.F_Fault","DB50.DBX2142.3",Boolean,1,RO,100,,,,,,,,,,"M5072前超长",
"M5072.Alarm.H_Fault","DB50.DBX2142.2",Boolean,1,RO,100,,,,,,,,,,"M5072超高",
"M5072.Alarm.L_Fault","DB50.DBX2142.5",Boolean,1,RO,100,,,,,,,,,,"M5072左超宽",
"M5072.Alarm.LS_Fault","DB70.DBX143.2",Boolean,1,RO,100,,,,,,,,,,"M5072限位故障",
"M5072.Alarm.NoRead","DB50.DBX2143.1",Boolean,1,RO,100,,,,,,,,,,"M5072条码未读出",
"M5072.Alarm.OutSideFault","DB70.DBX143.1",Boolean,1,RO,100,,,,,,,,,,"M5072货物超边故障",
"M5072.Alarm.PH_Fault","DB70.DBX142.6",Boolean,1,RO,100,,,,,,,,,,"M5072光电管异常",
"M5072.Alarm.QF_Fault","DB70.DBX142.4",Boolean,1,RO,100,,,,,,,,,,"M5072空开故障",
"M5072.Alarm.QS_Fault","DB70.DBX142.5",Boolean,1,RO,100,,,,,,,,,,"M5072隔离开关故障",
"M5072.Alarm.R_Fault","DB50.DBX2142.6",Boolean,1,RO,100,,,,,,,,,,"M5072右超宽",
"M5072.Alarm.RFID_ReadFault","DB50.DBX2143.3",Boolean,1,RO,100,,,,,,,,,,"M5072RFID读取错误",
"M5072.Alarm.RFID_WriteFault","DB50.DBX2143.2",Boolean,1,RO,100,,,,,,,,,,"M5072RFID写入错误",
"M5072.Alarm.TimeOutFault","DB70.DBX142.3",Boolean,1,RO,100,,,,,,,,,,"M5072超时故障",
"M5072.Alarm.TM_JY_Fault","DB50.DBX2143.0",Boolean,1,RO,100,,,,,,,,,,"M5072条码校验故障",
"M5072.Alarm.TotalFault","DB70.DBX142.1",Boolean,1,RO,100,,,,,,,,,,"M5072总故障",
"M5072.Alarm.WX_Fault","DB50.DBX2142.1",Boolean,1,RO,100,,,,,,,,,,"M5072外形故障",
"M5072.Alarm.WX_TM_Fault","DB50.DBX2142.0",Boolean,1,RO,100,,,,,,,,,,"M5072外形条码总故障",
"M5072.State.Allow","DB50.DBB2149",Byte,1,RO,100,,,,,,,,,,"M5072允许拆盘",
"M5072.State.ForwardRun","DB70.DBX143.6",Boolean,1,RO,100,,,,,,,,,,"M5072正转运行",
"M5072.State.Get_Num","DB50.DBB2148",Byte,1,RO,100,,,,,,,,,,"M5072已取数量",
"M5072.State.LastOne","DB50.DBX2143.4",Boolean,1,RO,100,,,,,,,,,,"M5072强制推盘",
"M5072.State.Load","DB70.DBX143.5",Boolean,1,RO,100,,,,,,,,,,"M5072负载",
"M5072.State.M5072_2_RF","Q331.0",Boolean,1,RO,100,,,,,,,,,,"5072.2上升",
"M5072.State.MD_State1","DB50.DINT2150",Long,1,RO,100,,,,,,,,,,"M5072码垛状态1",
"M5072.State.MD_State2","DB50.DBB2154",Byte,1,RO,100,,,,,,,,,,"M5072码垛状态2",
"M5072.State.Need_Num","DB50.DBB2147",Byte,1,RO,100,,,,,,,,,,"M5072要取数量",
"M5072.State.PR5072_1","I323.4",Boolean,1,RO,100,,,,,,,,,,"5072高位",
"M5072.State.PR5072_2","I323.6",Boolean,1,RO,100,,,,,,,,,,"5072低位",
"M5072.State.ReversalRun","DB70.DBX143.7",Boolean,1,RO,100,,,,,,,,,,"M5072反转运行",
"M5072.State.Runing","DB70.DBX142.0",Boolean,1,RO,100,,,,,,,,,,"M5072设备运行标志",
"M5072.State.SelectPlace","DB70.DBX142.7",Boolean,1,RO,100,,,,,,,,,,"M5072选中位",
"M5072.State.YX_DX","DB50.DBB2145",Byte,1,RO,100,,,,,,,,,,"M5072码垛垛型",
"M5072.State.YX_Num","DB50.DBB2146",Byte,1,RO,100,,,,,,,,,,"M5072烟箱数量",
"M5072.State.YX_Type","DB50.DBB2144",Byte,1,RO,100,,,,,,,,,,"M5072烟箱类型",
"M5072.Task.Code","DB50.DINT2132",Long,1,RO,100,,,,,,,,,,"M5072托盘条码",
"M5072.Task.DestSta","DB50.DBW2140",Short,1,RO,100,,,,,,,,,,"M5072目标地址",
"M5072.Task.StartSta","DB50.DBW2138",Short,1,RO,100,,,,,,,,,,"M5072起始地址",
"M5072.Task.Task","DB50.DBW2130",Short,1,RO,100,,,,,,,,,,"M5072任务号",
"M5072.Task.TpType","DB50.DBW2136",Short,1,RO,100,,,,,,,,,,"M5072货物类型",
"M5073.Alarm.B_Fault","DB50.DBX2172.4",Boolean,1,RO,100,,,,,,,,,,"M5073后超长",
"M5073.Alarm.DriveFault","DB70.DBX144.2",Boolean,1,RO,100,,,,,,,,,,"M5073驱动器故障",
"M5073.Alarm.EstopFault","DB70.DBX145.3",Boolean,1,RO,100,,,,,,,,,,"M5073急停故障",
"M5073.Alarm.F_Fault","DB50.DBX2172.3",Boolean,1,RO,100,,,,,,,,,,"M5073前超长",
"M5073.Alarm.H_Fault","DB50.DBX2172.2",Boolean,1,RO,100,,,,,,,,,,"M5073超高",
"M5073.Alarm.L_Fault","DB50.DBX2172.5",Boolean,1,RO,100,,,,,,,,,,"M5073左超宽",
"M5073.Alarm.LS_Fault","DB70.DBX145.2",Boolean,1,RO,100,,,,,,,,,,"M5073限位故障",
"M5073.Alarm.NoRead","DB50.DBX2173.1",Boolean,1,RO,100,,,,,,,,,,"M5073条码未读出",
"M5073.Alarm.OutSideFault","DB70.DBX145.1",Boolean,1,RO,100,,,,,,,,,,"M5073货物超边故障",
"M5073.Alarm.PH_Fault","DB70.DBX144.6",Boolean,1,RO,100,,,,,,,,,,"M5073光电管异常",
"M5073.Alarm.QF_Fault","DB70.DBX144.4",Boolean,1,RO,100,,,,,,,,,,"M5073空开故障",
"M5073.Alarm.QS_Fault","DB70.DBX144.5",Boolean,1,RO,100,,,,,,,,,,"M5073隔离开关故障",
"M5073.Alarm.R_Fault","DB50.DBX2172.6",Boolean,1,RO,100,,,,,,,,,,"M5073右超宽",
"M5073.Alarm.RFID_ReadFault","DB50.DBX2173.3",Boolean,1,RO,100,,,,,,,,,,"M5073RFID读取错误",
"M5073.Alarm.RFID_WriteFault","DB50.DBX2173.2",Boolean,1,RO,100,,,,,,,,,,"M5073RFID写入错误",
"M5073.Alarm.TimeOutFault","DB70.DBX144.3",Boolean,1,RO,100,,,,,,,,,,"M5073超时故障",
"M5073.Alarm.TM_JY_Fault","DB50.DBX2173.0",Boolean,1,RO,100,,,,,,,,,,"M5073条码校验故障",
"M5073.Alarm.TotalFault","DB70.DBX144.1",Boolean,1,RO,100,,,,,,,,,,"M5073总故障",
"M5073.Alarm.WX_Fault","DB50.DBX2172.1",Boolean,1,RO,100,,,,,,,,,,"M5073外形故障",
"M5073.Alarm.WX_TM_Fault","DB50.DBX2172.0",Boolean,1,RO,100,,,,,,,,,,"M5073外形条码总故障",
"M5073.State.Allow","DB50.DBB2179",Byte,1,RO,100,,,,,,,,,,"M5073允许拆盘",
"M5073.State.ForwardRun","DB70.DBX145.6",Boolean,1,RO,100,,,,,,,,,,"M5073正转运行",
"M5073.State.Get_Num","DB50.DBB2178",Byte,1,RO,100,,,,,,,,,,"M5073已取数量",
"M5073.State.LastOne","DB50.DBX2173.4",Boolean,1,RO,100,,,,,,,,,,"M5073强制推盘",
"M5073.State.Load","DB70.DBX145.5",Boolean,1,RO,100,,,,,,,,,,"M5073负载",
"M5073.State.M5073_FZ","Q335.1",Boolean,1,RO,100,,,,,,,,,,"5073反转",
"M5073.State.M5073_ZZ","Q335.0",Boolean,1,RO,100,,,,,,,,,,"5073正转",
"M5073.State.MD_State1","DB50.DINT2180",Long,1,RO,100,,,,,,,,,,"M5073码垛状态1",
"M5073.State.MD_State2","DB50.DBB2184",Byte,1,RO,100,,,,,,,,,,"M5073码垛状态2",
"M5073.State.Need_Num","DB50.DBB2177",Byte,1,RO,100,,,,,,,,,,"M5073要取数量",
"M5073.State.PH1","I323.3",Boolean,1,RO,100,,,,,,,,,,"5073减速光电",
"M5073.State.PH2","I323.5",Boolean,1,RO,100,,,,,,,,,,"5073到位光电1",
"M5073.State.PH3","I323.7",Boolean,1,RO,100,,,,,,,,,,"5073到位光电2",
"M5073.State.ReversalRun","DB70.DBX145.7",Boolean,1,RO,100,,,,,,,,,,"M5073反转运行",
"M5073.State.Runing","DB70.DBX144.0",Boolean,1,RO,100,,,,,,,,,,"M5073设备运行标志",
"M5073.State.SelectPlace","DB70.DBX144.7",Boolean,1,RO,100,,,,,,,,,,"M5073选中位",
"M5073.State.YX_DX","DB50.DBB2175",Byte,1,RO,100,,,,,,,,,,"M5073码垛垛型",
"M5073.State.YX_Num","DB50.DBB2176",Byte,1,RO,100,,,,,,,,,,"M5073烟箱数量",
"M5073.State.YX_Type","DB50.DBB2174",Byte,1,RO,100,,,,,,,,,,"M5073烟箱类型",
"M5073.Task.Code","DB50.DINT2162",Long,1,RO,100,,,,,,,,,,"M5073托盘条码",
"M5073.Task.DestSta","DB50.DBW2170",Short,1,RO,100,,,,,,,,,,"M5073目标地址",
"M5073.Task.StartSta","DB50.DBW2168",Short,1,RO,100,,,,,,,,,,"M5073起始地址",
"M5073.Task.Task","DB50.DBW2160",Short,1,RO,100,,,,,,,,,,"M5073任务号",
"M5073.Task.TpType","DB50.DBW2166",Short,1,RO,100,,,,,,,,,,"M5073货物类型",
"M5074.Alarm.B_Fault","DB50.DBX2202.4",Boolean,1,RO,100,,,,,,,,,,"M5074后超长",
"M5074.Alarm.DriveFault","DB70.DBX146.2",Boolean,1,RO,100,,,,,,,,,,"M5074驱动器故障",
"M5074.Alarm.EstopFault","DB70.DBX147.3",Boolean,1,RO,100,,,,,,,,,,"M5074急停故障",
"M5074.Alarm.F_Fault","DB50.DBX2202.3",Boolean,1,RO,100,,,,,,,,,,"M5074前超长",
"M5074.Alarm.H_Fault","DB50.DBX2202.2",Boolean,1,RO,100,,,,,,,,,,"M5074超高",
"M5074.Alarm.L_Fault","DB50.DBX2202.5",Boolean,1,RO,100,,,,,,,,,,"M5074左超宽",
"M5074.Alarm.LS_Fault","DB70.DBX147.2",Boolean,1,RO,100,,,,,,,,,,"M5074限位故障",
"M5074.Alarm.NoRead","DB50.DBX2203.1",Boolean,1,RO,100,,,,,,,,,,"M5074条码未读出",
"M5074.Alarm.OutSideFault","DB70.DBX147.1",Boolean,1,RO,100,,,,,,,,,,"M5074货物超边故障",
"M5074.Alarm.PH_Fault","DB70.DBX146.6",Boolean,1,RO,100,,,,,,,,,,"M5074光电管异常",
"M5074.Alarm.QF_Fault","DB70.DBX146.4",Boolean,1,RO,100,,,,,,,,,,"M5074空开故障",
"M5074.Alarm.QS_Fault","DB70.DBX146.5",Boolean,1,RO,100,,,,,,,,,,"M5074隔离开关故障",
"M5074.Alarm.R_Fault","DB50.DBX2202.6",Boolean,1,RO,100,,,,,,,,,,"M5074右超宽",
"M5074.Alarm.RFID_ReadFault","DB50.DBX2203.3",Boolean,1,RO,100,,,,,,,,,,"M5074RFID读取错误",
"M5074.Alarm.RFID_WriteFault","DB50.DBX2203.2",Boolean,1,RO,100,,,,,,,,,,"M5074RFID写入错误",
"M5074.Alarm.STV_TimeOut","MX1102.7",Boolean,1,RO,100,,,,,,,,,,"M5074环穿任务超时",
"M5074.Alarm.TimeOutFault","DB70.DBX146.3",Boolean,1,RO,100,,,,,,,,,,"M5074超时故障",
"M5074.Alarm.TM_JY_Fault","DB50.DBX2203.0",Boolean,1,RO,100,,,,,,,,,,"M5074条码校验故障",
"M5074.Alarm.TotalFault","DB70.DBX146.1",Boolean,1,RO,100,,,,,,,,,,"M5074总故障",
"M5074.Alarm.WX_Fault","DB50.DBX2202.1",Boolean,1,RO,100,,,,,,,,,,"M5074外形故障",
"M5074.Alarm.WX_TM_Fault","DB50.DBX2202.0",Boolean,1,RO,100,,,,,,,,,,"M5074外形条码总故障",
"M5074.State.Allow","DB50.DBB2209",Byte,1,RO,100,,,,,,,,,,"M5074允许拆盘",
"M5074.State.ForwardRun","DB70.DBX147.6",Boolean,1,RO,100,,,,,,,,,,"M5074正转运行",
"M5074.State.Get_Num","DB50.DBB2208",Byte,1,RO,100,,,,,,,,,,"M5074已取数量",
"M5074.State.GET_OK1","Q115.6",Boolean,1,RO,100,,,,,,,,,,"5074取货OK",
"M5074.State.GET_REQ","I327.2",Boolean,1,RO,100,,,,,,,,,,"5074环穿请求取货",
"M5074.State.KA5074_DOWN","Q43.6",Boolean,1,RO,100,,,,,,,,,,"5074气缸下降",
"M5074.State.KA5074_UP","Q43.4",Boolean,1,RO,100,,,,,,,,,,"5074气缸上升",
"M5074.State.LastOne","DB50.DBX2203.4",Boolean,1,RO,100,,,,,,,,,,"M5074强制推盘",
"M5074.State.Load","DB70.DBX147.5",Boolean,1,RO,100,,,,,,,,,,"M5074负载",
"M5074.State.MD_State1","DB50.DINT2210",Long,1,RO,100,,,,,,,,,,"M5074码垛状态1",
"M5074.State.MD_State2","DB50.DBB2214",Byte,1,RO,100,,,,,,,,,,"M5074码垛状态2",
"M5074.State.MS_RUN2","Q115.1",Boolean,1,RO,100,,,,,,,,,,"5074MS可以行走",
"M5074.State.MS5074_1","I324.1",Boolean,1,RO,100,,,,,,,,,,"5074气缸高位",
"M5074.State.MS5074_2","I324.3",Boolean,1,RO,100,,,,,,,,,,"5074气缸低位",
"M5074.State.Need_Num","DB50.DBB2207",Byte,1,RO,100,,,,,,,,,,"M5074要取数量",
"M5074.State.PH1","I324.2",Boolean,1,RO,100,,,,,,,,,,"5074减速光电",
"M5074.State.PH2","I324.4",Boolean,1,RO,100,,,,,,,,,,"5074到位光电",
"M5074.State.PH3","I324.6",Boolean,1,RO,100,,,,,,,,,,"5074对射保护光电",
"M5074.State.READY","Q44.6",Boolean,1,RO,100,,,,,,,,,,"5074准备好",
"M5074.State.ReversalRun","DB70.DBX147.7",Boolean,1,RO,100,,,,,,,,,,"M5074反转运行",
"M5074.State.Runing","DB70.DBX146.0",Boolean,1,RO,100,,,,,,,,,,"M5074设备运行标志",
"M5074.State.RUNNING","Q44.4",Boolean,1,RO,100,,,,,,,,,,"5074移栽中",
"M5074.State.SelectPlace","DB70.DBX146.7",Boolean,1,RO,100,,,,,,,,,,"M5074选中位",
"M5074.State.YX_DX","DB50.DBB2205",Byte,1,RO,100,,,,,,,,,,"M5074码垛垛型",
"M5074.State.YX_Num","DB50.DBB2206",Byte,1,RO,100,,,,,,,,,,"M5074烟箱数量",
"M5074.State.YX_Type","DB50.DBB2204",Byte,1,RO,100,,,,,,,,,,"M5074烟箱类型",
"M5074.State.YZ_OK3","Q115.3",Boolean,1,RO,100,,,,,,,,,,"5074移栽OK",
"M5074.Task.Code","DB50.DINT2192",Long,1,RO,100,,,,,,,,,,"M5074托盘条码",
"M5074.Task.DestSta","DB50.DBW2200",Short,1,RO,100,,,,,,,,,,"M5074目标地址",
"M5074.Task.StartSta","DB50.DBW2198",Short,1,RO,100,,,,,,,,,,"M5074起始地址",
"M5074.Task.Task","DB50.DBW2190",Short,1,RO,100,,,,,,,,,,"M5074任务号",
"M5074.Task.TpType","DB50.DBW2196",Short,1,RO,100,,,,,,,,,,"M5074货物类型",
"M5075.Alarm.B_Fault","DB50.DBX2232.4",Boolean,1,RO,100,,,,,,,,,,"M5075后超长",
"M5075.Alarm.DriveFault","DB70.DBX148.2",Boolean,1,RO,100,,,,,,,,,,"M5075驱动器故障",
"M5075.Alarm.EstopFault","DB70.DBX149.3",Boolean,1,RO,100,,,,,,,,,,"M5075急停故障",
"M5075.Alarm.F_Fault","DB50.DBX2232.3",Boolean,1,RO,100,,,,,,,,,,"M5075前超长",
"M5075.Alarm.H_Fault","DB50.DBX2232.2",Boolean,1,RO,100,,,,,,,,,,"M5075超高",
"M5075.Alarm.L_Fault","DB50.DBX2232.5",Boolean,1,RO,100,,,,,,,,,,"M5075左超宽",
"M5075.Alarm.LS_Fault","DB70.DBX149.2",Boolean,1,RO,100,,,,,,,,,,"M5075限位故障",
"M5075.Alarm.NoRead","DB50.DBX2233.1",Boolean,1,RO,100,,,,,,,,,,"M5075条码未读出",
"M5075.Alarm.OutSideFault","DB70.DBX149.1",Boolean,1,RO,100,,,,,,,,,,"M5075货物超边故障",
"M5075.Alarm.PH_Fault","DB70.DBX148.6",Boolean,1,RO,100,,,,,,,,,,"M5075光电管异常",
"M5075.Alarm.QF_Fault","DB70.DBX148.4",Boolean,1,RO,100,,,,,,,,,,"M5075空开故障",
"M5075.Alarm.QS_Fault","DB70.DBX148.5",Boolean,1,RO,100,,,,,,,,,,"M5075隔离开关故障",
"M5075.Alarm.R_Fault","DB50.DBX2232.6",Boolean,1,RO,100,,,,,,,,,,"M5075右超宽",
"M5075.Alarm.RFID_ReadFault","DB50.DBX2233.3",Boolean,1,RO,100,,,,,,,,,,"M5075RFID读取错误",
"M5075.Alarm.RFID_WriteFault","DB50.DBX2233.2",Boolean,1,RO,100,,,,,,,,,,"M5075RFID写入错误",
"M5075.Alarm.TimeOutFault","DB70.DBX148.3",Boolean,1,RO,100,,,,,,,,,,"M5075超时故障",
"M5075.Alarm.TM_JY_Fault","DB50.DBX2233.0",Boolean,1,RO,100,,,,,,,,,,"M5075条码校验故障",
"M5075.Alarm.TotalFault","DB70.DBX148.1",Boolean,1,RO,100,,,,,,,,,,"M5075总故障",
"M5075.Alarm.WX_Fault","DB50.DBX2232.1",Boolean,1,RO,100,,,,,,,,,,"M5075外形故障",
"M5075.Alarm.WX_TM_Fault","DB50.DBX2232.0",Boolean,1,RO,100,,,,,,,,,,"M5075外形条码总故障",
"M5075.State.Allow","DB50.DBB2239",Byte,1,RO,100,,,,,,,,,,"M5075允许拆盘",
"M5075.State.ForwardRun","DB70.DBX149.6",Boolean,1,RO,100,,,,,,,,,,"M5075正转运行",
"M5075.State.Get_Num","DB50.DBB2238",Byte,1,RO,100,,,,,,,,,,"M5075已取数量",
"M5075.State.LastOne","DB50.DBX2233.4",Boolean,1,RO,100,,,,,,,,,,"M5075强制推盘",
"M5075.State.Load","DB70.DBX149.5",Boolean,1,RO,100,,,,,,,,,,"M5075负载",
"M5075.State.M5075_2_RF","Q333.0",Boolean,1,RO,100,,,,,,,,,,"5075.2上升",
"M5075.State.MD_State1","DB50.DINT2240",Long,1,RO,100,,,,,,,,,,"M5075码垛状态1",
"M5075.State.MD_State2","DB50.DBB2244",Byte,1,RO,100,,,,,,,,,,"M5075码垛状态2",
"M5075.State.Need_Num","DB50.DBB2237",Byte,1,RO,100,,,,,,,,,,"M5075要取数量",
"M5075.State.PR5075_1","I325.4",Boolean,1,RO,100,,,,,,,,,,"5075高位",
"M5075.State.PR5075_2","I325.6",Boolean,1,RO,100,,,,,,,,,,"5075低位",
"M5075.State.ReversalRun","DB70.DBX149.7",Boolean,1,RO,100,,,,,,,,,,"M5075反转运行",
"M5075.State.Runing","DB70.DBX148.0",Boolean,1,RO,100,,,,,,,,,,"M5075设备运行标志",
"M5075.State.SelectPlace","DB70.DBX148.7",Boolean,1,RO,100,,,,,,,,,,"M5075选中位",
"M5075.State.YX_DX","DB50.DBB2235",Byte,1,RO,100,,,,,,,,,,"M5075码垛垛型",
"M5075.State.YX_Num","DB50.DBB2236",Byte,1,RO,100,,,,,,,,,,"M5075烟箱数量",
"M5075.State.YX_Type","DB50.DBB2234",Byte,1,RO,100,,,,,,,,,,"M5075烟箱类型",
"M5075.Task.Code","DB50.DINT2222",Long,1,RO,100,,,,,,,,,,"M5075托盘条码",
"M5075.Task.DestSta","DB50.DBW2230",Short,1,RO,100,,,,,,,,,,"M5075目标地址",
"M5075.Task.StartSta","DB50.DBW2228",Short,1,RO,100,,,,,,,,,,"M5075起始地址",
"M5075.Task.Task","DB50.DBW2220",Short,1,RO,100,,,,,,,,,,"M5075任务号",
"M5075.Task.TpType","DB50.DBW2226",Short,1,RO,100,,,,,,,,,,"M5075货物类型",
"M5076.Alarm.B_Fault","DB50.DBX2262.4",Boolean,1,RO,100,,,,,,,,,,"M5076后超长",
"M5076.Alarm.DriveFault","DB70.DBX150.2",Boolean,1,RO,100,,,,,,,,,,"M5076驱动器故障",
"M5076.Alarm.EstopFault","DB70.DBX151.3",Boolean,1,RO,100,,,,,,,,,,"M5076急停故障",
"M5076.Alarm.F_Fault","DB50.DBX2262.3",Boolean,1,RO,100,,,,,,,,,,"M5076前超长",
"M5076.Alarm.H_Fault","DB50.DBX2262.2",Boolean,1,RO,100,,,,,,,,,,"M5076超高",
"M5076.Alarm.L_Fault","DB50.DBX2262.5",Boolean,1,RO,100,,,,,,,,,,"M5076左超宽",
"M5076.Alarm.LS_Fault","DB70.DBX151.2",Boolean,1,RO,100,,,,,,,,,,"M5076限位故障",
"M5076.Alarm.NoRead","DB50.DBX2263.1",Boolean,1,RO,100,,,,,,,,,,"M5076条码未读出",
"M5076.Alarm.OutSideFault","DB70.DBX151.1",Boolean,1,RO,100,,,,,,,,,,"M5076货物超边故障",
"M5076.Alarm.PH_Fault","DB70.DBX150.6",Boolean,1,RO,100,,,,,,,,,,"M5076光电管异常",
"M5076.Alarm.QF_Fault","DB70.DBX150.4",Boolean,1,RO,100,,,,,,,,,,"M5076空开故障",
"M5076.Alarm.QS_Fault","DB70.DBX150.5",Boolean,1,RO,100,,,,,,,,,,"M5076隔离开关故障",
"M5076.Alarm.R_Fault","DB50.DBX2262.6",Boolean,1,RO,100,,,,,,,,,,"M5076右超宽",
"M5076.Alarm.RFID_ReadFault","DB50.DBX2263.3",Boolean,1,RO,100,,,,,,,,,,"M5076RFID读取错误",
"M5076.Alarm.RFID_WriteFault","DB50.DBX2263.2",Boolean,1,RO,100,,,,,,,,,,"M5076RFID写入错误",
"M5076.Alarm.TimeOutFault","DB70.DBX150.3",Boolean,1,RO,100,,,,,,,,,,"M5076超时故障",
"M5076.Alarm.TM_JY_Fault","DB50.DBX2263.0",Boolean,1,RO,100,,,,,,,,,,"M5076条码校验故障",
"M5076.Alarm.TotalFault","DB70.DBX150.1",Boolean,1,RO,100,,,,,,,,,,"M5076总故障",
"M5076.Alarm.WX_Fault","DB50.DBX2262.1",Boolean,1,RO,100,,,,,,,,,,"M5076外形故障",
"M5076.Alarm.WX_TM_Fault","DB50.DBX2262.0",Boolean,1,RO,100,,,,,,,,,,"M5076外形条码总故障",
"M5076.State.Allow","DB50.DBB2269",Byte,1,RO,100,,,,,,,,,,"M5076允许拆盘",
"M5076.State.ForwardRun","DB70.DBX151.6",Boolean,1,RO,100,,,,,,,,,,"M5076正转运行",
"M5076.State.Get_Num","DB50.DBB2268",Byte,1,RO,100,,,,,,,,,,"M5076已取数量",
"M5076.State.KA5076_DOWN","Q43.3",Boolean,1,RO,100,,,,,,,,,,"5076气缸下降",
"M5076.State.KA5076_UP","Q43.1",Boolean,1,RO,100,,,,,,,,,,"5076气缸上升",
"M5076.State.LastOne","DB50.DBX2263.4",Boolean,1,RO,100,,,,,,,,,,"M5076强制推盘",
"M5076.State.Load","DB70.DBX151.5",Boolean,1,RO,100,,,,,,,,,,"M5076负载",
"M5076.State.MD_State1","DB50.DINT2270",Long,1,RO,100,,,,,,,,,,"M5076码垛状态1",
"M5076.State.MD_State2","DB50.DBB2274",Byte,1,RO,100,,,,,,,,,,"M5076码垛状态2",
"M5076.State.MS5076_1","I326.3",Boolean,1,RO,100,,,,,,,,,,"5076气缸高位",
"M5076.State.MS5076_2","I326.5",Boolean,1,RO,100,,,,,,,,,,"5076气缸低位",
"M5076.State.Need_Num","DB50.DBB2267",Byte,1,RO,100,,,,,,,,,,"M5076要取数量",
"M5076.State.PH1","I326.2",Boolean,1,RO,100,,,,,,,,,,"5076减速光电1",
"M5076.State.PH2","I326.4",Boolean,1,RO,100,,,,,,,,,,"5076到位光电1",
"M5076.State.PH3","I326.6",Boolean,1,RO,100,,,,,,,,,,"5076减速光电2",
"M5076.State.PH4","I326.1",Boolean,1,RO,100,,,,,,,,,,"5076到位光电2",
"M5076.State.ReversalRun","DB70.DBX151.7",Boolean,1,RO,100,,,,,,,,,,"M5076反转运行",
"M5076.State.Runing","DB70.DBX150.0",Boolean,1,RO,100,,,,,,,,,,"M5076设备运行标志",
"M5076.State.SelectPlace","DB70.DBX150.7",Boolean,1,RO,100,,,,,,,,,,"M5076选中位",
"M5076.State.YX_DX","DB50.DBB2265",Byte,1,RO,100,,,,,,,,,,"M5076码垛垛型",
"M5076.State.YX_Num","DB50.DBB2266",Byte,1,RO,100,,,,,,,,,,"M5076烟箱数量",
"M5076.State.YX_Type","DB50.DBB2264",Byte,1,RO,100,,,,,,,,,,"M5076烟箱类型",
"M5076.Task.Code","DB50.DINT2252",Long,1,RO,100,,,,,,,,,,"M5076托盘条码",
"M5076.Task.DestSta","DB50.DBW2260",Short,1,RO,100,,,,,,,,,,"M5076目标地址",
"M5076.Task.StartSta","DB50.DBW2258",Short,1,RO,100,,,,,,,,,,"M5076起始地址",
"M5076.Task.Task","DB50.DBW2250",Short,1,RO,100,,,,,,,,,,"M5076任务号",
"M5076.Task.TpType","DB50.DBW2256",Short,1,RO,100,,,,,,,,,,"M5076货物类型",
"M5077.Alarm.B_Fault","DB50.DBX2292.4",Boolean,1,RO,100,,,,,,,,,,"M5077后超长",
"M5077.Alarm.DriveFault","DB70.DBX152.2",Boolean,1,RO,100,,,,,,,,,,"M5077驱动器故障",
"M5077.Alarm.EstopFault","DB70.DBX153.3",Boolean,1,RO,100,,,,,,,,,,"M5077急停故障",
"M5077.Alarm.F_Fault","DB50.DBX2292.3",Boolean,1,RO,100,,,,,,,,,,"M5077前超长",
"M5077.Alarm.H_Fault","DB50.DBX2292.2",Boolean,1,RO,100,,,,,,,,,,"M5077超高",
"M5077.Alarm.L_Fault","DB50.DBX2292.5",Boolean,1,RO,100,,,,,,,,,,"M5077左超宽",
"M5077.Alarm.LS_Fault","DB70.DBX153.2",Boolean,1,RO,100,,,,,,,,,,"M5077限位故障",
"M5077.Alarm.NoRead","DB50.DBX2293.1",Boolean,1,RO,100,,,,,,,,,,"M5077条码未读出",
"M5077.Alarm.OutSideFault","DB70.DBX153.1",Boolean,1,RO,100,,,,,,,,,,"M5077货物超边故障",
"M5077.Alarm.PH_Fault","DB70.DBX152.6",Boolean,1,RO,100,,,,,,,,,,"M5077光电管异常",
"M5077.Alarm.QF_Fault","DB70.DBX152.4",Boolean,1,RO,100,,,,,,,,,,"M5077空开故障",
"M5077.Alarm.QS_Fault","DB70.DBX152.5",Boolean,1,RO,100,,,,,,,,,,"M5077隔离开关故障",
"M5077.Alarm.R_Fault","DB50.DBX2292.6",Boolean,1,RO,100,,,,,,,,,,"M5077右超宽",
"M5077.Alarm.RFID_ReadFault","DB50.DBX2293.3",Boolean,1,RO,100,,,,,,,,,,"M5077RFID读取错误",
"M5077.Alarm.RFID_WriteFault","DB50.DBX2293.2",Boolean,1,RO,100,,,,,,,,,,"M5077RFID写入错误",
"M5077.Alarm.STV_TimeOut","MX1103.0",Boolean,1,RO,100,,,,,,,,,,"M5077环穿任务超时",
"M5077.Alarm.TimeOutFault","DB70.DBX152.3",Boolean,1,RO,100,,,,,,,,,,"M5077超时故障",
"M5077.Alarm.TM_JY_Fault","DB50.DBX2293.0",Boolean,1,RO,100,,,,,,,,,,"M5077条码校验故障",
"M5077.Alarm.TotalFault","DB70.DBX152.1",Boolean,1,RO,100,,,,,,,,,,"M5077总故障",
"M5077.Alarm.WX_Fault","DB50.DBX2292.1",Boolean,1,RO,100,,,,,,,,,,"M5077外形故障",
"M5077.Alarm.WX_TM_Fault","DB50.DBX2292.0",Boolean,1,RO,100,,,,,,,,,,"M5077外形条码总故障",
"M5077.State.Allow","DB50.DBB2299",Byte,1,RO,100,,,,,,,,,,"M5077允许拆盘",
"M5077.State.ForwardRun","DB70.DBX153.6",Boolean,1,RO,100,,,,,,,,,,"M5077正转运行",
"M5077.State.Get_Num","DB50.DBB2298",Byte,1,RO,100,,,,,,,,,,"M5077已取数量",
"M5077.State.GET_OK1","Q115.0",Boolean,1,RO,100,,,,,,,,,,"5077取货OK",
"M5077.State.GET_REQ","I327.4",Boolean,1,RO,100,,,,,,,,,,"5077环穿请求取货",
"M5077.State.LastOne","DB50.DBX2293.4",Boolean,1,RO,100,,,,,,,,,,"M5077强制推盘",
"M5077.State.Load","DB70.DBX153.5",Boolean,1,RO,100,,,,,,,,,,"M5077负载",
"M5077.State.MD_State1","DB50.DINT2300",Long,1,RO,100,,,,,,,,,,"M5077码垛状态1",
"M5077.State.MD_State2","DB50.DBB2304",Byte,1,RO,100,,,,,,,,,,"M5077码垛状态2",
"M5077.State.MS_RUN2","Q115.2",Boolean,1,RO,100,,,,,,,,,,"5077MS可以行走",
"M5077.State.Need_Num","DB50.DBB2297",Byte,1,RO,100,,,,,,,,,,"M5077要取数量",
"M5077.State.PH1","I325.3",Boolean,1,RO,100,,,,,,,,,,"5077减速光电",
"M5077.State.PH2","I325.5",Boolean,1,RO,100,,,,,,,,,,"5077到位光电",
"M5077.State.PH3","I325.7",Boolean,1,RO,100,,,,,,,,,,"5077对射保护光电",
"M5077.State.READY","Q44.3",Boolean,1,RO,100,,,,,,,,,,"5077准备好",
"M5077.State.ReversalRun","DB70.DBX153.7",Boolean,1,RO,100,,,,,,,,,,"M5077反转运行",
"M5077.State.Runing","DB70.DBX152.0",Boolean,1,RO,100,,,,,,,,,,"M5077设备运行标志",
"M5077.State.RUNNING","Q44.1",Boolean,1,RO,100,,,,,,,,,,"5077移栽中",
"M5077.State.SelectPlace","DB70.DBX152.7",Boolean,1,RO,100,,,,,,,,,,"M5077选中位",
"M5077.State.YX_DX","DB50.DBB2295",Byte,1,RO,100,,,,,,,,,,"M5077码垛垛型",
"M5077.State.YX_Num","DB50.DBB2296",Byte,1,RO,100,,,,,,,,,,"M5077烟箱数量",
"M5077.State.YX_Type","DB50.DBB2294",Byte,1,RO,100,,,,,,,,,,"M5077烟箱类型",
"M5077.State.YZ_OK3","Q115.4",Boolean,1,RO,100,,,,,,,,,,"5077移栽OK",
"M5077.Task.Code","DB50.DINT2282",Long,1,RO,100,,,,,,,,,,"M5077托盘条码",
"M5077.Task.DestSta","DB50.DBW2290",Short,1,RO,100,,,,,,,,,,"M5077目标地址",
"M5077.Task.StartSta","DB50.DBW2288",Short,1,RO,100,,,,,,,,,,"M5077起始地址",
"M5077.Task.Task","DB50.DBW2280",Short,1,RO,100,,,,,,,,,,"M5077任务号",
"M5077.Task.TpType","DB50.DBW2286",Short,1,RO,100,,,,,,,,,,"M5077货物类型",
"M5078.Alarm.B_Fault","DB50.DBX2322.4",Boolean,1,RO,100,,,,,,,,,,"M5078后超长",
"M5078.Alarm.DriveFault","DB70.DBX154.2",Boolean,1,RO,100,,,,,,,,,,"M5078驱动器故障",
"M5078.Alarm.EstopFault","DB70.DBX155.3",Boolean,1,RO,100,,,,,,,,,,"M5078急停故障",
"M5078.Alarm.F_Fault","DB50.DBX2322.3",Boolean,1,RO,100,,,,,,,,,,"M5078前超长",
"M5078.Alarm.H_Fault","DB50.DBX2322.2",Boolean,1,RO,100,,,,,,,,,,"M5078超高",
"M5078.Alarm.L_Fault","DB50.DBX2322.5",Boolean,1,RO,100,,,,,,,,,,"M5078左超宽",
"M5078.Alarm.LS_Fault","DB70.DBX155.2",Boolean,1,RO,100,,,,,,,,,,"M5078限位故障",
"M5078.Alarm.NoRead","DB50.DBX2323.1",Boolean,1,RO,100,,,,,,,,,,"M5078条码未读出",
"M5078.Alarm.OutSideFault","DB70.DBX155.1",Boolean,1,RO,100,,,,,,,,,,"M5078货物超边故障",
"M5078.Alarm.PH_Fault","DB70.DBX154.6",Boolean,1,RO,100,,,,,,,,,,"M5078光电管异常",
"M5078.Alarm.QF_Fault","DB70.DBX154.4",Boolean,1,RO,100,,,,,,,,,,"M5078空开故障",
"M5078.Alarm.QS_Fault","DB70.DBX154.5",Boolean,1,RO,100,,,,,,,,,,"M5078隔离开关故障",
"M5078.Alarm.R_Fault","DB50.DBX2322.6",Boolean,1,RO,100,,,,,,,,,,"M5078右超宽",
"M5078.Alarm.RFID_ReadFault","DB50.DBX2323.3",Boolean,1,RO,100,,,,,,,,,,"M5078RFID读取错误",
"M5078.Alarm.RFID_WriteFault","DB50.DBX2323.2",Boolean,1,RO,100,,,,,,,,,,"M5078RFID写入错误",
"M5078.Alarm.TimeOutFault","DB70.DBX154.3",Boolean,1,RO,100,,,,,,,,,,"M5078超时故障",
"M5078.Alarm.TM_JY_Fault","DB50.DBX2323.0",Boolean,1,RO,100,,,,,,,,,,"M5078条码校验故障",
"M5078.Alarm.TotalFault","DB70.DBX154.1",Boolean,1,RO,100,,,,,,,,,,"M5078总故障",
"M5078.Alarm.WX_Fault","DB50.DBX2322.1",Boolean,1,RO,100,,,,,,,,,,"M5078外形故障",
"M5078.Alarm.WX_TM_Fault","DB50.DBX2322.0",Boolean,1,RO,100,,,,,,,,,,"M5078外形条码总故障",
"M5078.State.Allow","DB50.DBB2329",Byte,1,RO,100,,,,,,,,,,"M5078允许拆盘",
"M5078.State.ForwardRun","DB70.DBX155.6",Boolean,1,RO,100,,,,,,,,,,"M5078正转运行",
"M5078.State.Get_Num","DB50.DBB2328",Byte,1,RO,100,,,,,,,,,,"M5078已取数量",
"M5078.State.LastOne","DB50.DBX2323.4",Boolean,1,RO,100,,,,,,,,,,"M5078强制推盘",
"M5078.State.Load","DB70.DBX155.5",Boolean,1,RO,100,,,,,,,,,,"M5078负载",
"M5078.State.M5078_2_RF","Q345.0",Boolean,1,RO,100,,,,,,,,,,"5078.2上升",
"M5078.State.MD_State1","DB50.DINT2330",Long,1,RO,100,,,,,,,,,,"M5078码垛状态1",
"M5078.State.MD_State2","DB50.DBB2334",Byte,1,RO,100,,,,,,,,,,"M5078码垛状态2",
"M5078.State.Need_Num","DB50.DBB2327",Byte,1,RO,100,,,,,,,,,,"M5078要取数量",
"M5078.State.PR5078_1","I337.4",Boolean,1,RO,100,,,,,,,,,,"5078高位",
"M5078.State.PR5078_2","I337.6",Boolean,1,RO,100,,,,,,,,,,"5078低位",
"M5078.State.ReversalRun","DB70.DBX155.7",Boolean,1,RO,100,,,,,,,,,,"M5078反转运行",
"M5078.State.Runing","DB70.DBX154.0",Boolean,1,RO,100,,,,,,,,,,"M5078设备运行标志",
"M5078.State.SelectPlace","DB70.DBX154.7",Boolean,1,RO,100,,,,,,,,,,"M5078选中位",
"M5078.State.YX_DX","DB50.DBB2325",Byte,1,RO,100,,,,,,,,,,"M5078码垛垛型",
"M5078.State.YX_Num","DB50.DBB2326",Byte,1,RO,100,,,,,,,,,,"M5078烟箱数量",
"M5078.State.YX_Type","DB50.DBB2324",Byte,1,RO,100,,,,,,,,,,"M5078烟箱类型",
"M5078.Task.Code","DB50.DINT2312",Long,1,RO,100,,,,,,,,,,"M5078托盘条码",
"M5078.Task.DestSta","DB50.DBW2320",Short,1,RO,100,,,,,,,,,,"M5078目标地址",
"M5078.Task.StartSta","DB50.DBW2318",Short,1,RO,100,,,,,,,,,,"M5078起始地址",
"M5078.Task.Task","DB50.DBW2310",Short,1,RO,100,,,,,,,,,,"M5078任务号",
"M5078.Task.TpType","DB50.DBW2316",Short,1,RO,100,,,,,,,,,,"M5078货物类型",
"M5079.Alarm.B_Fault","DB50.DBX2352.4",Boolean,1,RO,100,,,,,,,,,,"M5079后超长",
"M5079.Alarm.DriveFault","DB70.DBX156.2",Boolean,1,RO,100,,,,,,,,,,"M5079驱动器故障",
"M5079.Alarm.EstopFault","DB70.DBX157.3",Boolean,1,RO,100,,,,,,,,,,"M5079急停故障",
"M5079.Alarm.F_Fault","DB50.DBX2352.3",Boolean,1,RO,100,,,,,,,,,,"M5079前超长",
"M5079.Alarm.H_Fault","DB50.DBX2352.2",Boolean,1,RO,100,,,,,,,,,,"M5079超高",
"M5079.Alarm.L_Fault","DB50.DBX2352.5",Boolean,1,RO,100,,,,,,,,,,"M5079左超宽",
"M5079.Alarm.LS_Fault","DB70.DBX157.2",Boolean,1,RO,100,,,,,,,,,,"M5079限位故障",
"M5079.Alarm.NoRead","DB50.DBX2353.1",Boolean,1,RO,100,,,,,,,,,,"M5079条码未读出",
"M5079.Alarm.OutSideFault","DB70.DBX157.1",Boolean,1,RO,100,,,,,,,,,,"M5079货物超边故障",
"M5079.Alarm.PH_Fault","DB70.DBX156.6",Boolean,1,RO,100,,,,,,,,,,"M5079光电管异常",
"M5079.Alarm.QF_Fault","DB70.DBX156.4",Boolean,1,RO,100,,,,,,,,,,"M5079空开故障",
"M5079.Alarm.QS_Fault","DB70.DBX156.5",Boolean,1,RO,100,,,,,,,,,,"M5079隔离开关故障",
"M5079.Alarm.R_Fault","DB50.DBX2352.6",Boolean,1,RO,100,,,,,,,,,,"M5079右超宽",
"M5079.Alarm.RFID_ReadFault","DB50.DBX2353.3",Boolean,1,RO,100,,,,,,,,,,"M5079RFID读取错误",
"M5079.Alarm.RFID_WriteFault","DB50.DBX2353.2",Boolean,1,RO,100,,,,,,,,,,"M5079RFID写入错误",
"M5079.Alarm.TimeOutFault","DB70.DBX156.3",Boolean,1,RO,100,,,,,,,,,,"M5079超时故障",
"M5079.Alarm.TM_JY_Fault","DB50.DBX2353.0",Boolean,1,RO,100,,,,,,,,,,"M5079条码校验故障",
"M5079.Alarm.TotalFault","DB70.DBX156.1",Boolean,1,RO,100,,,,,,,,,,"M5079总故障",
"M5079.Alarm.WX_Fault","DB50.DBX2352.1",Boolean,1,RO,100,,,,,,,,,,"M5079外形故障",
"M5079.Alarm.WX_TM_Fault","DB50.DBX2352.0",Boolean,1,RO,100,,,,,,,,,,"M5079外形条码总故障",
"M5079.State.Allow","DB50.DBB2359",Byte,1,RO,100,,,,,,,,,,"M5079允许拆盘",
"M5079.State.ForwardRun","DB70.DBX157.6",Boolean,1,RO,100,,,,,,,,,,"M5079正转运行",
"M5079.State.Get_Num","DB50.DBB2358",Byte,1,RO,100,,,,,,,,,,"M5079已取数量",
"M5079.State.KA5079_DOWN","Q45.3",Boolean,1,RO,100,,,,,,,,,,"5079气缸下降",
"M5079.State.KA5079_UP","Q45.1",Boolean,1,RO,100,,,,,,,,,,"5079气缸上升",
"M5079.State.LastOne","DB50.DBX2353.4",Boolean,1,RO,100,,,,,,,,,,"M5079强制推盘",
"M5079.State.Load","DB70.DBX157.5",Boolean,1,RO,100,,,,,,,,,,"M5079负载",
"M5079.State.MD_State1","DB50.DINT2360",Long,1,RO,100,,,,,,,,,,"M5079码垛状态1",
"M5079.State.MD_State2","DB50.DBB2364",Byte,1,RO,100,,,,,,,,,,"M5079码垛状态2",
"M5079.State.MS5079_1","I338.3",Boolean,1,RO,100,,,,,,,,,,"5079气缸高位",
"M5079.State.MS5079_2","I338.5",Boolean,1,RO,100,,,,,,,,,,"5079气缸低位",
"M5079.State.Need_Num","DB50.DBB2357",Byte,1,RO,100,,,,,,,,,,"M5079要取数量",
"M5079.State.PH1","I338.2",Boolean,1,RO,100,,,,,,,,,,"5079减速光电1",
"M5079.State.PH2","I338.4",Boolean,1,RO,100,,,,,,,,,,"5079到位光电1",
"M5079.State.PH3","I338.6",Boolean,1,RO,100,,,,,,,,,,"5079减速光电2",
"M5079.State.PH4","I338.1",Boolean,1,RO,100,,,,,,,,,,"5079到位光电2",
"M5079.State.ReversalRun","DB70.DBX157.7",Boolean,1,RO,100,,,,,,,,,,"M5079反转运行",
"M5079.State.Runing","DB70.DBX156.0",Boolean,1,RO,100,,,,,,,,,,"M5079设备运行标志",
"M5079.State.SelectPlace","DB70.DBX156.7",Boolean,1,RO,100,,,,,,,,,,"M5079选中位",
"M5079.State.YX_DX","DB50.DBB2355",Byte,1,RO,100,,,,,,,,,,"M5079码垛垛型",
"M5079.State.YX_Num","DB50.DBB2356",Byte,1,RO,100,,,,,,,,,,"M5079烟箱数量",
"M5079.State.YX_Type","DB50.DBB2354",Byte,1,RO,100,,,,,,,,,,"M5079烟箱类型",
"M5079.Task.Code","DB50.DINT2342",Long,1,RO,100,,,,,,,,,,"M5079托盘条码",
"M5079.Task.DestSta","DB50.DBW2350",Short,1,RO,100,,,,,,,,,,"M5079目标地址",
"M5079.Task.StartSta","DB50.DBW2348",Short,1,RO,100,,,,,,,,,,"M5079起始地址",
"M5079.Task.Task","DB50.DBW2340",Short,1,RO,100,,,,,,,,,,"M5079任务号",
"M5079.Task.TpType","DB50.DBW2346",Short,1,RO,100,,,,,,,,,,"M5079货物类型",
"M5080.Alarm.B_Fault","DB50.DBX2382.4",Boolean,1,RO,100,,,,,,,,,,"M5080后超长",
"M5080.Alarm.DriveFault","DB70.DBX158.2",Boolean,1,RO,100,,,,,,,,,,"M5080驱动器故障",
"M5080.Alarm.EstopFault","DB70.DBX159.3",Boolean,1,RO,100,,,,,,,,,,"M5080急停故障",
"M5080.Alarm.F_Fault","DB50.DBX2382.3",Boolean,1,RO,100,,,,,,,,,,"M5080前超长",
"M5080.Alarm.H_Fault","DB50.DBX2382.2",Boolean,1,RO,100,,,,,,,,,,"M5080超高",
"M5080.Alarm.L_Fault","DB50.DBX2382.5",Boolean,1,RO,100,,,,,,,,,,"M5080左超宽",
"M5080.Alarm.LS_Fault","DB70.DBX159.2",Boolean,1,RO,100,,,,,,,,,,"M5080限位故障",
"M5080.Alarm.NoRead","DB50.DBX2383.1",Boolean,1,RO,100,,,,,,,,,,"M5080条码未读出",
"M5080.Alarm.OutSideFault","DB70.DBX159.1",Boolean,1,RO,100,,,,,,,,,,"M5080货物超边故障",
"M5080.Alarm.PH_Fault","DB70.DBX158.6",Boolean,1,RO,100,,,,,,,,,,"M5080光电管异常",
"M5080.Alarm.QF_Fault","DB70.DBX158.4",Boolean,1,RO,100,,,,,,,,,,"M5080空开故障",
"M5080.Alarm.QS_Fault","DB70.DBX158.5",Boolean,1,RO,100,,,,,,,,,,"M5080隔离开关故障",
"M5080.Alarm.R_Fault","DB50.DBX2382.6",Boolean,1,RO,100,,,,,,,,,,"M5080右超宽",
"M5080.Alarm.RFID_ReadFault","DB50.DBX2383.3",Boolean,1,RO,100,,,,,,,,,,"M5080RFID读取错误",
"M5080.Alarm.RFID_WriteFault","DB50.DBX2383.2",Boolean,1,RO,100,,,,,,,,,,"M5080RFID写入错误",
"M5080.Alarm.STV_TimeOut","MX1103.1",Boolean,1,RO,100,,,,,,,,,,"M5080环穿任务超时",
"M5080.Alarm.TimeOutFault","DB70.DBX158.3",Boolean,1,RO,100,,,,,,,,,,"M5080超时故障",
"M5080.Alarm.TM_JY_Fault","DB50.DBX2383.0",Boolean,1,RO,100,,,,,,,,,,"M5080条码校验故障",
"M5080.Alarm.TotalFault","DB70.DBX158.1",Boolean,1,RO,100,,,,,,,,,,"M5080总故障",
"M5080.Alarm.WX_Fault","DB50.DBX2382.1",Boolean,1,RO,100,,,,,,,,,,"M5080外形故障",
"M5080.Alarm.WX_TM_Fault","DB50.DBX2382.0",Boolean,1,RO,100,,,,,,,,,,"M5080外形条码总故障",
"M5080.State.Allow","DB50.DBB2389",Byte,1,RO,100,,,,,,,,,,"M5080允许拆盘",
"M5080.State.ForwardRun","DB70.DBX159.6",Boolean,1,RO,100,,,,,,,,,,"M5080正转运行",
"M5080.State.Get_Num","DB50.DBB2388",Byte,1,RO,100,,,,,,,,,,"M5080已取数量",
"M5080.State.GET_OK1","Q114.3",Boolean,1,RO,100,,,,,,,,,,"5080取货OK",
"M5080.State.GET_REQ","I343.0",Boolean,1,RO,100,,,,,,,,,,"5080环穿请求取货",
"M5080.State.LastOne","DB50.DBX2383.4",Boolean,1,RO,100,,,,,,,,,,"M5080强制推盘",
"M5080.State.Load","DB70.DBX159.5",Boolean,1,RO,100,,,,,,,,,,"M5080负载",
"M5080.State.MD_State1","DB50.DINT2390",Long,1,RO,100,,,,,,,,,,"M5080码垛状态1",
"M5080.State.MD_State2","DB50.DBB2394",Byte,1,RO,100,,,,,,,,,,"M5080码垛状态2",
"M5080.State.MS_RUN2","Q114.5",Boolean,1,RO,100,,,,,,,,,,"5080MS可以行走",
"M5080.State.Need_Num","DB50.DBB2387",Byte,1,RO,100,,,,,,,,,,"M5080要取数量",
"M5080.State.PH1","I337.3",Boolean,1,RO,100,,,,,,,,,,"5080减速",
"M5080.State.PH2","I337.5",Boolean,1,RO,100,,,,,,,,,,"5080到位",
"M5080.State.PH3","I337.7",Boolean,1,RO,100,,,,,,,,,,"5080对射保护光电",
"M5080.State.READY","Q46.6",Boolean,1,RO,100,,,,,,,,,,"5080准备好",
"M5080.State.ReversalRun","DB70.DBX159.7",Boolean,1,RO,100,,,,,,,,,,"M5080反转运行",
"M5080.State.Runing","DB70.DBX158.0",Boolean,1,RO,100,,,,,,,,,,"M5080设备运行标志",
"M5080.State.RUNNING","Q46.4",Boolean,1,RO,100,,,,,,,,,,"5080移栽中",
"M5080.State.SelectPlace","DB70.DBX158.7",Boolean,1,RO,100,,,,,,,,,,"M5080选中位",
"M5080.State.YX_DX","DB50.DBB2385",Byte,1,RO,100,,,,,,,,,,"M5080码垛垛型",
"M5080.State.YX_Num","DB50.DBB2386",Byte,1,RO,100,,,,,,,,,,"M5080烟箱数量",
"M5080.State.YX_Type","DB50.DBB2384",Byte,1,RO,100,,,,,,,,,,"M5080烟箱类型",
"M5080.State.YZ_OK3","Q114.7",Boolean,1,RO,100,,,,,,,,,,"5080移栽OK",
"M5080.Task.Code","DB50.DINT2372",Long,1,RO,100,,,,,,,,,,"M5080托盘条码",
"M5080.Task.DestSta","DB50.DBW2380",Short,1,RO,100,,,,,,,,,,"M5080目标地址",
"M5080.Task.StartSta","DB50.DBW2378",Short,1,RO,100,,,,,,,,,,"M5080起始地址",
"M5080.Task.Task","DB50.DBW2370",Short,1,RO,100,,,,,,,,,,"M5080任务号",
"M5080.Task.TpType","DB50.DBW2376",Short,1,RO,100,,,,,,,,,,"M5080货物类型",
"M5081.Alarm.B_Fault","DB50.DBX2412.4",Boolean,1,RO,100,,,,,,,,,,"M5081后超长",
"M5081.Alarm.DriveFault","DB70.DBX160.2",Boolean,1,RO,100,,,,,,,,,,"M5081驱动器故障",
"M5081.Alarm.EstopFault","DB70.DBX161.3",Boolean,1,RO,100,,,,,,,,,,"M5081急停故障",
"M5081.Alarm.F_Fault","DB50.DBX2412.3",Boolean,1,RO,100,,,,,,,,,,"M5081前超长",
"M5081.Alarm.H_Fault","DB50.DBX2412.2",Boolean,1,RO,100,,,,,,,,,,"M5081超高",
"M5081.Alarm.L_Fault","DB50.DBX2412.5",Boolean,1,RO,100,,,,,,,,,,"M5081左超宽",
"M5081.Alarm.LS_Fault","DB70.DBX161.2",Boolean,1,RO,100,,,,,,,,,,"M5081限位故障",
"M5081.Alarm.NoRead","DB50.DBX2413.1",Boolean,1,RO,100,,,,,,,,,,"M5081条码未读出",
"M5081.Alarm.OutSideFault","DB70.DBX161.1",Boolean,1,RO,100,,,,,,,,,,"M5081货物超边故障",
"M5081.Alarm.PH_Fault","DB70.DBX160.6",Boolean,1,RO,100,,,,,,,,,,"M5081光电管异常",
"M5081.Alarm.QF_Fault","DB70.DBX160.4",Boolean,1,RO,100,,,,,,,,,,"M5081空开故障",
"M5081.Alarm.QS_Fault","DB70.DBX160.5",Boolean,1,RO,100,,,,,,,,,,"M5081隔离开关故障",
"M5081.Alarm.R_Fault","DB50.DBX2412.6",Boolean,1,RO,100,,,,,,,,,,"M5081右超宽",
"M5081.Alarm.RFID_ReadFault","DB50.DBX2413.3",Boolean,1,RO,100,,,,,,,,,,"M5081RFID读取错误",
"M5081.Alarm.RFID_WriteFault","DB50.DBX2413.2",Boolean,1,RO,100,,,,,,,,,,"M5081RFID写入错误",
"M5081.Alarm.TimeOutFault","DB70.DBX160.3",Boolean,1,RO,100,,,,,,,,,,"M5081超时故障",
"M5081.Alarm.TM_JY_Fault","DB50.DBX2413.0",Boolean,1,RO,100,,,,,,,,,,"M5081条码校验故障",
"M5081.Alarm.TotalFault","DB70.DBX160.1",Boolean,1,RO,100,,,,,,,,,,"M5081总故障",
"M5081.Alarm.WX_Fault","DB50.DBX2412.1",Boolean,1,RO,100,,,,,,,,,,"M5081外形故障",
"M5081.Alarm.WX_TM_Fault","DB50.DBX2412.0",Boolean,1,RO,100,,,,,,,,,,"M5081外形条码总故障",
"M5081.State.Allow","DB50.DBB2419",Byte,1,RO,100,,,,,,,,,,"M5081允许拆盘",
"M5081.State.ForwardRun","DB70.DBX161.6",Boolean,1,RO,100,,,,,,,,,,"M5081正转运行",
"M5081.State.Get_Num","DB50.DBB2418",Byte,1,RO,100,,,,,,,,,,"M5081已取数量",
"M5081.State.LastOne","DB50.DBX2413.4",Boolean,1,RO,100,,,,,,,,,,"M5081强制推盘",
"M5081.State.Load","DB70.DBX161.5",Boolean,1,RO,100,,,,,,,,,,"M5081负载",
"M5081.State.M5081_2_RF","Q347.0",Boolean,1,RO,100,,,,,,,,,,"5081.2上升",
"M5081.State.MD_State1","DB50.DINT2420",Long,1,RO,100,,,,,,,,,,"M5081码垛状态1",
"M5081.State.MD_State2","DB50.DBB2424",Byte,1,RO,100,,,,,,,,,,"M5081码垛状态2",
"M5081.State.Need_Num","DB50.DBB2417",Byte,1,RO,100,,,,,,,,,,"M5081要取数量",
"M5081.State.PR5081_1","I339.4",Boolean,1,RO,100,,,,,,,,,,"5081高位",
"M5081.State.PR5081_2","I339.6",Boolean,1,RO,100,,,,,,,,,,"5081低位",
"M5081.State.ReversalRun","DB70.DBX161.7",Boolean,1,RO,100,,,,,,,,,,"M5081反转运行",
"M5081.State.Runing","DB70.DBX160.0",Boolean,1,RO,100,,,,,,,,,,"M5081设备运行标志",
"M5081.State.SelectPlace","DB70.DBX160.7",Boolean,1,RO,100,,,,,,,,,,"M5081选中位",
"M5081.State.YX_DX","DB50.DBB2415",Byte,1,RO,100,,,,,,,,,,"M5081码垛垛型",
"M5081.State.YX_Num","DB50.DBB2416",Byte,1,RO,100,,,,,,,,,,"M5081烟箱数量",
"M5081.State.YX_Type","DB50.DBB2414",Byte,1,RO,100,,,,,,,,,,"M5081烟箱类型",
"M5081.Task.Code","DB50.DINT2402",Long,1,RO,100,,,,,,,,,,"M5081托盘条码",
"M5081.Task.DestSta","DB50.DBW2410",Short,1,RO,100,,,,,,,,,,"M5081目标地址",
"M5081.Task.StartSta","DB50.DBW2408",Short,1,RO,100,,,,,,,,,,"M5081起始地址",
"M5081.Task.Task","DB50.DBW2400",Short,1,RO,100,,,,,,,,,,"M5081任务号",
"M5081.Task.TpType","DB50.DBW2406",Short,1,RO,100,,,,,,,,,,"M5081货物类型",
"M5082.Alarm.B_Fault","DB50.DBX2442.4",Boolean,1,RO,100,,,,,,,,,,"M5082后超长",
"M5082.Alarm.DriveFault","DB70.DBX162.2",Boolean,1,RO,100,,,,,,,,,,"M5082驱动器故障",
"M5082.Alarm.EstopFault","DB70.DBX163.3",Boolean,1,RO,100,,,,,,,,,,"M5082急停故障",
"M5082.Alarm.F_Fault","DB50.DBX2442.3",Boolean,1,RO,100,,,,,,,,,,"M5082前超长",
"M5082.Alarm.H_Fault","DB50.DBX2442.2",Boolean,1,RO,100,,,,,,,,,,"M5082超高",
"M5082.Alarm.L_Fault","DB50.DBX2442.5",Boolean,1,RO,100,,,,,,,,,,"M5082左超宽",
"M5082.Alarm.LS_Fault","DB70.DBX163.2",Boolean,1,RO,100,,,,,,,,,,"M5082限位故障",
"M5082.Alarm.NoRead","DB50.DBX2443.1",Boolean,1,RO,100,,,,,,,,,,"M5082条码未读出",
"M5082.Alarm.OutSideFault","DB70.DBX163.1",Boolean,1,RO,100,,,,,,,,,,"M5082货物超边故障",
"M5082.Alarm.PH_Fault","DB70.DBX162.6",Boolean,1,RO,100,,,,,,,,,,"M5082光电管异常",
"M5082.Alarm.QF_Fault","DB70.DBX162.4",Boolean,1,RO,100,,,,,,,,,,"M5082空开故障",
"M5082.Alarm.QS_Fault","DB70.DBX162.5",Boolean,1,RO,100,,,,,,,,,,"M5082隔离开关故障",
"M5082.Alarm.R_Fault","DB50.DBX2442.6",Boolean,1,RO,100,,,,,,,,,,"M5082右超宽",
"M5082.Alarm.RFID_ReadFault","DB50.DBX2443.3",Boolean,1,RO,100,,,,,,,,,,"M5082RFID读取错误",
"M5082.Alarm.RFID_WriteFault","DB50.DBX2443.2",Boolean,1,RO,100,,,,,,,,,,"M5082RFID写入错误",
"M5082.Alarm.TimeOutFault","DB70.DBX162.3",Boolean,1,RO,100,,,,,,,,,,"M5082超时故障",
"M5082.Alarm.TM_JY_Fault","DB50.DBX2443.0",Boolean,1,RO,100,,,,,,,,,,"M5082条码校验故障",
"M5082.Alarm.TotalFault","DB70.DBX162.1",Boolean,1,RO,100,,,,,,,,,,"M5082总故障",
"M5082.Alarm.WX_Fault","DB50.DBX2442.1",Boolean,1,RO,100,,,,,,,,,,"M5082外形故障",
"M5082.Alarm.WX_TM_Fault","DB50.DBX2442.0",Boolean,1,RO,100,,,,,,,,,,"M5082外形条码总故障",
"M5082.State.Allow","DB50.DBB2449",Byte,1,RO,100,,,,,,,,,,"M5082允许拆盘",
"M5082.State.ForwardRun","DB70.DBX163.6",Boolean,1,RO,100,,,,,,,,,,"M5082正转运行",
"M5082.State.Get_Num","DB50.DBB2448",Byte,1,RO,100,,,,,,,,,,"M5082已取数量",
"M5082.State.LastOne","DB50.DBX2443.4",Boolean,1,RO,100,,,,,,,,,,"M5082强制推盘",
"M5082.State.Load","DB70.DBX163.5",Boolean,1,RO,100,,,,,,,,,,"M5082负载",
"M5082.State.M5082_FZ","Q351.1",Boolean,1,RO,100,,,,,,,,,,"5082反转",
"M5082.State.M5082_ZZ","Q351.0",Boolean,1,RO,100,,,,,,,,,,"5082正转",
"M5082.State.MD_State1","DB50.DINT2450",Long,1,RO,100,,,,,,,,,,"M5082码垛状态1",
"M5082.State.MD_State2","DB50.DBB2454",Byte,1,RO,100,,,,,,,,,,"M5082码垛状态2",
"M5082.State.Need_Num","DB50.DBB2447",Byte,1,RO,100,,,,,,,,,,"M5082要取数量",
"M5082.State.PH1","I339.3",Boolean,1,RO,100,,,,,,,,,,"5082减速光电",
"M5082.State.PH2","I339.5",Boolean,1,RO,100,,,,,,,,,,"5082到位光电1",
"M5082.State.PH3","I339.7",Boolean,1,RO,100,,,,,,,,,,"5082到位光电2",
"M5082.State.ReversalRun","DB70.DBX163.7",Boolean,1,RO,100,,,,,,,,,,"M5082反转运行",
"M5082.State.Runing","DB70.DBX162.0",Boolean,1,RO,100,,,,,,,,,,"M5082设备运行标志",
"M5082.State.SelectPlace","DB70.DBX162.7",Boolean,1,RO,100,,,,,,,,,,"M5082选中位",
"M5082.State.YX_DX","DB50.DBB2445",Byte,1,RO,100,,,,,,,,,,"M5082码垛垛型",
"M5082.State.YX_Num","DB50.DBB2446",Byte,1,RO,100,,,,,,,,,,"M5082烟箱数量",
"M5082.State.YX_Type","DB50.DBB2444",Byte,1,RO,100,,,,,,,,,,"M5082烟箱类型",
"M5082.Task.Code","DB50.DINT2432",Long,1,RO,100,,,,,,,,,,"M5082托盘条码",
"M5082.Task.DestSta","DB50.DBW2440",Short,1,RO,100,,,,,,,,,,"M5082目标地址",
"M5082.Task.StartSta","DB50.DBW2438",Short,1,RO,100,,,,,,,,,,"M5082起始地址",
"M5082.Task.Task","DB50.DBW2430",Short,1,RO,100,,,,,,,,,,"M5082任务号",
"M5082.Task.TpType","DB50.DBW2436",Short,1,RO,100,,,,,,,,,,"M5082货物类型",
"M5083.Alarm.B_Fault","DB50.DBX2472.4",Boolean,1,RO,100,,,,,,,,,,"M5083后超长",
"M5083.Alarm.DriveFault","DB70.DBX164.2",Boolean,1,RO,100,,,,,,,,,,"M5083驱动器故障",
"M5083.Alarm.EstopFault","DB70.DBX165.3",Boolean,1,RO,100,,,,,,,,,,"M5083急停故障",
"M5083.Alarm.F_Fault","DB50.DBX2472.3",Boolean,1,RO,100,,,,,,,,,,"M5083前超长",
"M5083.Alarm.H_Fault","DB50.DBX2472.2",Boolean,1,RO,100,,,,,,,,,,"M5083超高",
"M5083.Alarm.L_Fault","DB50.DBX2472.5",Boolean,1,RO,100,,,,,,,,,,"M5083左超宽",
"M5083.Alarm.LS_Fault","DB70.DBX165.2",Boolean,1,RO,100,,,,,,,,,,"M5083限位故障",
"M5083.Alarm.NoRead","DB50.DBX2473.1",Boolean,1,RO,100,,,,,,,,,,"M5083条码未读出",
"M5083.Alarm.OutSideFault","DB70.DBX165.1",Boolean,1,RO,100,,,,,,,,,,"M5083货物超边故障",
"M5083.Alarm.PH_Fault","DB70.DBX164.6",Boolean,1,RO,100,,,,,,,,,,"M5083光电管异常",
"M5083.Alarm.QF_Fault","DB70.DBX164.4",Boolean,1,RO,100,,,,,,,,,,"M5083空开故障",
"M5083.Alarm.QS_Fault","DB70.DBX164.5",Boolean,1,RO,100,,,,,,,,,,"M5083隔离开关故障",
"M5083.Alarm.R_Fault","DB50.DBX2472.6",Boolean,1,RO,100,,,,,,,,,,"M5083右超宽",
"M5083.Alarm.RFID_ReadFault","DB50.DBX2473.3",Boolean,1,RO,100,,,,,,,,,,"M5083RFID读取错误",
"M5083.Alarm.RFID_WriteFault","DB50.DBX2473.2",Boolean,1,RO,100,,,,,,,,,,"M5083RFID写入错误",
"M5083.Alarm.STV_TimeOut","MX1103.2",Boolean,1,RO,100,,,,,,,,,,"M5083环穿任务超时",
"M5083.Alarm.TimeOutFault","DB70.DBX164.3",Boolean,1,RO,100,,,,,,,,,,"M5083超时故障",
"M5083.Alarm.TM_JY_Fault","DB50.DBX2473.0",Boolean,1,RO,100,,,,,,,,,,"M5083条码校验故障",
"M5083.Alarm.TotalFault","DB70.DBX164.1",Boolean,1,RO,100,,,,,,,,,,"M5083总故障",
"M5083.Alarm.WX_Fault","DB50.DBX2472.1",Boolean,1,RO,100,,,,,,,,,,"M5083外形故障",
"M5083.Alarm.WX_TM_Fault","DB50.DBX2472.0",Boolean,1,RO,100,,,,,,,,,,"M5083外形条码总故障",
"M5083.State.Allow","DB50.DBB2479",Byte,1,RO,100,,,,,,,,,,"M5083允许拆盘",
"M5083.State.ForwardRun","DB70.DBX165.6",Boolean,1,RO,100,,,,,,,,,,"M5083正转运行",
"M5083.State.Get_Num","DB50.DBB2478",Byte,1,RO,100,,,,,,,,,,"M5083已取数量",
"M5083.State.GET_OK1","Q114.4",Boolean,1,RO,100,,,,,,,,,,"5083取货OK",
"M5083.State.GET_REQ","I343.2",Boolean,1,RO,100,,,,,,,,,,"5083环穿请求取货",
"M5083.State.KA5083_DOWN","Q45.7",Boolean,1,RO,100,,,,,,,,,,"5083气缸下降",
"M5083.State.KA5083_UP","Q45.5",Boolean,1,RO,100,,,,,,,,,,"5083气缸上升",
"M5083.State.LastOne","DB50.DBX2473.4",Boolean,1,RO,100,,,,,,,,,,"M5083强制推盘",
"M5083.State.Load","DB70.DBX165.5",Boolean,1,RO,100,,,,,,,,,,"M5083负载",
"M5083.State.MD_State1","DB50.DINT2480",Long,1,RO,100,,,,,,,,,,"M5083码垛状态1",
"M5083.State.MD_State2","DB50.DBB2484",Byte,1,RO,100,,,,,,,,,,"M5083码垛状态2",
"M5083.State.MS_RUN2","Q114.6",Boolean,1,RO,100,,,,,,,,,,"5083MS可以行走",
"M5083.State.MS5083_1","I340.1",Boolean,1,RO,100,,,,,,,,,,"5083气缸高位",
"M5083.State.MS5083_2","I340.3",Boolean,1,RO,100,,,,,,,,,,"5083气缸低位",
"M5083.State.Need_Num","DB50.DBB2477",Byte,1,RO,100,,,,,,,,,,"M5083要取数量",
"M5083.State.PH1","I340.2",Boolean,1,RO,100,,,,,,,,,,"5083减速光电",
"M5083.State.PH2","I340.4",Boolean,1,RO,100,,,,,,,,,,"5083到位光电1",
"M5083.State.PH3","I340.6",Boolean,1,RO,100,,,,,,,,,,"5083对射保护光电",
"M5083.State.READY","Q46.3",Boolean,1,RO,100,,,,,,,,,,"5083准备好",
"M5083.State.ReversalRun","DB70.DBX165.7",Boolean,1,RO,100,,,,,,,,,,"M5083反转运行",
"M5083.State.Runing","DB70.DBX164.0",Boolean,1,RO,100,,,,,,,,,,"M5083设备运行标志",
"M5083.State.RUNNING","Q46.1",Boolean,1,RO,100,,,,,,,,,,"5083移栽中",
"M5083.State.SelectPlace","DB70.DBX164.7",Boolean,1,RO,100,,,,,,,,,,"M5083选中位",
"M5083.State.YX_DX","DB50.DBB2475",Byte,1,RO,100,,,,,,,,,,"M5083码垛垛型",
"M5083.State.YX_Num","DB50.DBB2476",Byte,1,RO,100,,,,,,,,,,"M5083烟箱数量",
"M5083.State.YX_Type","DB50.DBB2474",Byte,1,RO,100,,,,,,,,,,"M5083烟箱类型",
"M5083.State.YZ_OK3","Q114.1",Boolean,1,RO,100,,,,,,,,,,"5083移栽OK",
"M5083.Task.Code","DB50.DINT2462",Long,1,RO,100,,,,,,,,,,"M5083托盘条码",
"M5083.Task.DestSta","DB50.DBW2470",Short,1,RO,100,,,,,,,,,,"M5083目标地址",
"M5083.Task.StartSta","DB50.DBW2468",Short,1,RO,100,,,,,,,,,,"M5083起始地址",
"M5083.Task.Task","DB50.DBW2460",Short,1,RO,100,,,,,,,,,,"M5083任务号",
"M5083.Task.TpType","DB50.DBW2466",Short,1,RO,100,,,,,,,,,,"M5083货物类型",
"M5084.Alarm.B_Fault","DB50.DBX2502.4",Boolean,1,RO,100,,,,,,,,,,"M5084后超长",
"M5084.Alarm.DriveFault","DB70.DBX166.2",Boolean,1,RO,100,,,,,,,,,,"M5084驱动器故障",
"M5084.Alarm.EstopFault","DB70.DBX167.3",Boolean,1,RO,100,,,,,,,,,,"M5084急停故障",
"M5084.Alarm.F_Fault","DB50.DBX2502.3",Boolean,1,RO,100,,,,,,,,,,"M5084前超长",
"M5084.Alarm.H_Fault","DB50.DBX2502.2",Boolean,1,RO,100,,,,,,,,,,"M5084超高",
"M5084.Alarm.L_Fault","DB50.DBX2502.5",Boolean,1,RO,100,,,,,,,,,,"M5084左超宽",
"M5084.Alarm.LS_Fault","DB70.DBX167.2",Boolean,1,RO,100,,,,,,,,,,"M5084限位故障",
"M5084.Alarm.NoRead","DB50.DBX2503.1",Boolean,1,RO,100,,,,,,,,,,"M5084条码未读出",
"M5084.Alarm.OutSideFault","DB70.DBX167.1",Boolean,1,RO,100,,,,,,,,,,"M5084货物超边故障",
"M5084.Alarm.PH_Fault","DB70.DBX166.6",Boolean,1,RO,100,,,,,,,,,,"M5084光电管异常",
"M5084.Alarm.QF_Fault","DB70.DBX166.4",Boolean,1,RO,100,,,,,,,,,,"M5084空开故障",
"M5084.Alarm.QS_Fault","DB70.DBX166.5",Boolean,1,RO,100,,,,,,,,,,"M5084隔离开关故障",
"M5084.Alarm.R_Fault","DB50.DBX2502.6",Boolean,1,RO,100,,,,,,,,,,"M5084右超宽",
"M5084.Alarm.RFID_ReadFault","DB50.DBX2503.3",Boolean,1,RO,100,,,,,,,,,,"M5084RFID读取错误",
"M5084.Alarm.RFID_WriteFault","DB50.DBX2503.2",Boolean,1,RO,100,,,,,,,,,,"M5084RFID写入错误",
"M5084.Alarm.TimeOutFault","DB70.DBX166.3",Boolean,1,RO,100,,,,,,,,,,"M5084超时故障",
"M5084.Alarm.TM_JY_Fault","DB50.DBX2503.0",Boolean,1,RO,100,,,,,,,,,,"M5084条码校验故障",
"M5084.Alarm.TotalFault","DB70.DBX166.1",Boolean,1,RO,100,,,,,,,,,,"M5084总故障",
"M5084.Alarm.WX_Fault","DB50.DBX2502.1",Boolean,1,RO,100,,,,,,,,,,"M5084外形故障",
"M5084.Alarm.WX_TM_Fault","DB50.DBX2502.0",Boolean,1,RO,100,,,,,,,,,,"M5084外形条码总故障",
"M5084.State.Allow","DB50.DBB2509",Byte,1,RO,100,,,,,,,,,,"M5084允许拆盘",
"M5084.State.ForwardRun","DB70.DBX167.6",Boolean,1,RO,100,,,,,,,,,,"M5084正转运行",
"M5084.State.Get_Num","DB50.DBB2508",Byte,1,RO,100,,,,,,,,,,"M5084已取数量",
"M5084.State.LastOne","DB50.DBX2503.4",Boolean,1,RO,100,,,,,,,,,,"M5084强制推盘",
"M5084.State.Load","DB70.DBX167.5",Boolean,1,RO,100,,,,,,,,,,"M5084负载",
"M5084.State.M5084_2_RF","Q349.0",Boolean,1,RO,100,,,,,,,,,,"M5084.2上升",
"M5084.State.MD_State1","DB50.DINT2510",Long,1,RO,100,,,,,,,,,,"M5084码垛状态1",
"M5084.State.MD_State2","DB50.DBB2514",Byte,1,RO,100,,,,,,,,,,"M5084码垛状态2",
"M5084.State.Need_Num","DB50.DBB2507",Byte,1,RO,100,,,,,,,,,,"M5084要取数量",
"M5084.State.PR5084_1","I341.4",Boolean,1,RO,100,,,,,,,,,,"5084高位",
"M5084.State.PR5084_2","I341.6",Boolean,1,RO,100,,,,,,,,,,"5084低位",
"M5084.State.ReversalRun","DB70.DBX167.7",Boolean,1,RO,100,,,,,,,,,,"M5084反转运行",
"M5084.State.Runing","DB70.DBX166.0",Boolean,1,RO,100,,,,,,,,,,"M5084设备运行标志",
"M5084.State.SelectPlace","DB70.DBX166.7",Boolean,1,RO,100,,,,,,,,,,"M5084选中位",
"M5084.State.YX_DX","DB50.DBB2505",Byte,1,RO,100,,,,,,,,,,"M5084码垛垛型",
"M5084.State.YX_Num","DB50.DBB2506",Byte,1,RO,100,,,,,,,,,,"M5084烟箱数量",
"M5084.State.YX_Type","DB50.DBB2504",Byte,1,RO,100,,,,,,,,,,"M5084烟箱类型",
"M5084.Task.Code","DB50.DINT2492",Long,1,RO,100,,,,,,,,,,"M5084托盘条码",
"M5084.Task.DestSta","DB50.DBW2500",Short,1,RO,100,,,,,,,,,,"M5084目标地址",
"M5084.Task.StartSta","DB50.DBW2498",Short,1,RO,100,,,,,,,,,,"M5084起始地址",
"M5084.Task.Task","DB50.DBW2490",Short,1,RO,100,,,,,,,,,,"M5084任务号",
"M5084.Task.TpType","DB50.DBW2496",Short,1,RO,100,,,,,,,,,,"M5084货物类型",
"M5085.Alarm.B_Fault","DB50.DBX2532.4",Boolean,1,RO,100,,,,,,,,,,"M5085后超长",
"M5085.Alarm.DriveFault","DB70.DBX168.2",Boolean,1,RO,100,,,,,,,,,,"M5085驱动器故障",
"M5085.Alarm.EstopFault","DB70.DBX169.3",Boolean,1,RO,100,,,,,,,,,,"M5085急停故障",
"M5085.Alarm.F_Fault","DB50.DBX2532.3",Boolean,1,RO,100,,,,,,,,,,"M5085前超长",
"M5085.Alarm.H_Fault","DB50.DBX2532.2",Boolean,1,RO,100,,,,,,,,,,"M5085超高",
"M5085.Alarm.L_Fault","DB50.DBX2532.5",Boolean,1,RO,100,,,,,,,,,,"M5085左超宽",
"M5085.Alarm.LS_Fault","DB70.DBX169.2",Boolean,1,RO,100,,,,,,,,,,"M5085限位故障",
"M5085.Alarm.NoRead","DB50.DBX2533.1",Boolean,1,RO,100,,,,,,,,,,"M5085条码未读出",
"M5085.Alarm.OutSideFault","DB70.DBX169.1",Boolean,1,RO,100,,,,,,,,,,"M5085货物超边故障",
"M5085.Alarm.PH_Fault","DB70.DBX168.6",Boolean,1,RO,100,,,,,,,,,,"M5085光电管异常",
"M5085.Alarm.QF_Fault","DB70.DBX168.4",Boolean,1,RO,100,,,,,,,,,,"M5085空开故障",
"M5085.Alarm.QS_Fault","DB70.DBX168.5",Boolean,1,RO,100,,,,,,,,,,"M5085隔离开关故障",
"M5085.Alarm.R_Fault","DB50.DBX2532.6",Boolean,1,RO,100,,,,,,,,,,"M5085右超宽",
"M5085.Alarm.RFID_ReadFault","DB50.DBX2533.3",Boolean,1,RO,100,,,,,,,,,,"M5085RFID读取错误",
"M5085.Alarm.RFID_WriteFault","DB50.DBX2533.2",Boolean,1,RO,100,,,,,,,,,,"M5085RFID写入错误",
"M5085.Alarm.TimeOutFault","DB70.DBX168.3",Boolean,1,RO,100,,,,,,,,,,"M5085超时故障",
"M5085.Alarm.TM_JY_Fault","DB50.DBX2533.0",Boolean,1,RO,100,,,,,,,,,,"M5085条码校验故障",
"M5085.Alarm.TotalFault","DB70.DBX168.1",Boolean,1,RO,100,,,,,,,,,,"M5085总故障",
"M5085.Alarm.WX_Fault","DB50.DBX2532.1",Boolean,1,RO,100,,,,,,,,,,"M5085外形故障",
"M5085.Alarm.WX_TM_Fault","DB50.DBX2532.0",Boolean,1,RO,100,,,,,,,,,,"M5085外形条码总故障",
"M5085.State.Allow","DB50.DBB2539",Byte,1,RO,100,,,,,,,,,,"M5085允许拆盘",
"M5085.State.ForwardRun","DB70.DBX169.6",Boolean,1,RO,100,,,,,,,,,,"M5085正转运行",
"M5085.State.Get_Num","DB50.DBB2538",Byte,1,RO,100,,,,,,,,,,"M5085已取数量",
"M5085.State.KA5085_DOWN","Q46.2",Boolean,1,RO,100,,,,,,,,,,"5085气缸下降",
"M5085.State.KA5085_UP","Q46.0",Boolean,1,RO,100,,,,,,,,,,"5085气缸上升",
"M5085.State.LastOne","DB50.DBX2533.4",Boolean,1,RO,100,,,,,,,,,,"M5085强制推盘",
"M5085.State.Load","DB70.DBX169.5",Boolean,1,RO,100,,,,,,,,,,"M5085负载",
"M5085.State.MD_State1","DB50.DINT2540",Long,1,RO,100,,,,,,,,,,"M5085码垛状态1",
"M5085.State.MD_State2","DB50.DBB2544",Byte,1,RO,100,,,,,,,,,,"M5085码垛状态2",
"M5085.State.MS5085_1","I342.3",Boolean,1,RO,100,,,,,,,,,,"5085气缸高位",
"M5085.State.MS5085-2","I342.5",Boolean,1,RO,100,,,,,,,,,,"5085气缸低位",
"M5085.State.Need_Num","DB50.DBB2537",Byte,1,RO,100,,,,,,,,,,"M5085要取数量",
"M5085.State.PH1","I342.2",Boolean,1,RO,100,,,,,,,,,,"5085减速光电1",
"M5085.State.PH2","I342.4",Boolean,1,RO,100,,,,,,,,,,"5085到位光电1",
"M5085.State.PH3","I342.6",Boolean,1,RO,100,,,,,,,,,,"5085减速光电2",
"M5085.State.PH4","I342.1",Boolean,1,RO,100,,,,,,,,,,"5085到位光电2",
"M5085.State.ReversalRun","DB70.DBX169.7",Boolean,1,RO,100,,,,,,,,,,"M5085反转运行",
"M5085.State.Runing","DB70.DBX168.0",Boolean,1,RO,100,,,,,,,,,,"M5085设备运行标志",
"M5085.State.SelectPlace","DB70.DBX168.7",Boolean,1,RO,100,,,,,,,,,,"M5085选中位",
"M5085.State.YX_DX","DB50.DBB2535",Byte,1,RO,100,,,,,,,,,,"M5085码垛垛型",
"M5085.State.YX_Num","DB50.DBB2536",Byte,1,RO,100,,,,,,,,,,"M5085烟箱数量",
"M5085.State.YX_Type","DB50.DBB2534",Byte,1,RO,100,,,,,,,,,,"M5085烟箱类型",
"M5085.Task.Code","DB50.DINT2522",Long,1,RO,100,,,,,,,,,,"M5085托盘条码",
"M5085.Task.DestSta","DB50.DBW2530",Short,1,RO,100,,,,,,,,,,"M5085目标地址",
"M5085.Task.StartSta","DB50.DBW2528",Short,1,RO,100,,,,,,,,,,"M5085起始地址",
"M5085.Task.Task","DB50.DBW2520",Short,1,RO,100,,,,,,,,,,"M5085任务号",
"M5085.Task.TpType","DB50.DBW2526",Short,1,RO,100,,,,,,,,,,"M5085货物类型",
"M5086.Alarm.B_Fault","DB50.DBX2562.4",Boolean,1,RO,100,,,,,,,,,,"M5086后超长",
"M5086.Alarm.DriveFault","DB70.DBX170.2",Boolean,1,RO,100,,,,,,,,,,"M5086驱动器故障",
"M5086.Alarm.EstopFault","DB70.DBX171.3",Boolean,1,RO,100,,,,,,,,,,"M5086急停故障",
"M5086.Alarm.F_Fault","DB50.DBX2562.3",Boolean,1,RO,100,,,,,,,,,,"M5086前超长",
"M5086.Alarm.H_Fault","DB50.DBX2562.2",Boolean,1,RO,100,,,,,,,,,,"M5086超高",
"M5086.Alarm.L_Fault","DB50.DBX2562.5",Boolean,1,RO,100,,,,,,,,,,"M5086左超宽",
"M5086.Alarm.LS_Fault","DB70.DBX171.2",Boolean,1,RO,100,,,,,,,,,,"M5086限位故障",
"M5086.Alarm.NoRead","DB50.DBX2563.1",Boolean,1,RO,100,,,,,,,,,,"M5086条码未读出",
"M5086.Alarm.OutSideFault","DB70.DBX171.1",Boolean,1,RO,100,,,,,,,,,,"M5086货物超边故障",
"M5086.Alarm.PH_Fault","DB70.DBX170.6",Boolean,1,RO,100,,,,,,,,,,"M5086光电管异常",
"M5086.Alarm.QF_Fault","DB70.DBX170.4",Boolean,1,RO,100,,,,,,,,,,"M5086空开故障",
"M5086.Alarm.QS_Fault","DB70.DBX170.5",Boolean,1,RO,100,,,,,,,,,,"M5086隔离开关故障",
"M5086.Alarm.R_Fault","DB50.DBX2562.6",Boolean,1,RO,100,,,,,,,,,,"M5086右超宽",
"M5086.Alarm.RFID_ReadFault","DB50.DBX2563.3",Boolean,1,RO,100,,,,,,,,,,"M5086RFID读取错误",
"M5086.Alarm.RFID_WriteFault","DB50.DBX2563.2",Boolean,1,RO,100,,,,,,,,,,"M5086RFID写入错误",
"M5086.Alarm.STV_TimeOut","MX1103.3",Boolean,1,RO,100,,,,,,,,,,"M5086环穿任务超时",
"M5086.Alarm.TimeOutFault","DB70.DBX170.3",Boolean,1,RO,100,,,,,,,,,,"M5086超时故障",
"M5086.Alarm.TM_JY_Fault","DB50.DBX2563.0",Boolean,1,RO,100,,,,,,,,,,"M5086条码校验故障",
"M5086.Alarm.TotalFault","DB70.DBX170.1",Boolean,1,RO,100,,,,,,,,,,"M5086总故障",
"M5086.Alarm.WX_Fault","DB50.DBX2562.1",Boolean,1,RO,100,,,,,,,,,,"M5086外形故障",
"M5086.Alarm.WX_TM_Fault","DB50.DBX2562.0",Boolean,1,RO,100,,,,,,,,,,"M5086外形条码总故障",
"M5086.State.Allow","DB50.DBB2569",Byte,1,RO,100,,,,,,,,,,"M5086允许拆盘",
"M5086.State.ForwardRun","DB70.DBX171.6",Boolean,1,RO,100,,,,,,,,,,"M5086正转运行",
"M5086.State.Get_Num","DB50.DBB2568",Byte,1,RO,100,,,,,,,,,,"M5086已取数量",
"M5086.State.GET_OK1","Q113.7",Boolean,1,RO,100,,,,,,,,,,"5086取货OK",
"M5086.State.GET_REQ","I343.4",Boolean,1,RO,100,,,,,,,,,,"5086环穿请求取货",
"M5086.State.LastOne","DB50.DBX2563.4",Boolean,1,RO,100,,,,,,,,,,"M5086强制推盘",
"M5086.State.Load","DB70.DBX171.5",Boolean,1,RO,100,,,,,,,,,,"M5086负载",
"M5086.State.MD_State1","DB50.DINT2570",Long,1,RO,100,,,,,,,,,,"M5086码垛状态1",
"M5086.State.MD_State2","DB50.DBB2574",Byte,1,RO,100,,,,,,,,,,"M5086码垛状态2",
"M5086.State.MS-RUN2","Q114.0",Boolean,1,RO,100,,,,,,,,,,"5086MS可以行走",
"M5086.State.Need_Num","DB50.DBB2567",Byte,1,RO,100,,,,,,,,,,"M5086要取数量",
"M5086.State.PH1","I341.3",Boolean,1,RO,100,,,,,,,,,,"5086减速光电",
"M5086.State.PH2","I341.5",Boolean,1,RO,100,,,,,,,,,,"5086到位光电",
"M5086.State.PH3","I341.7",Boolean,1,RO,100,,,,,,,,,,"5086对射保护光电",
"M5086.State.READY","Q46.7",Boolean,1,RO,100,,,,,,,,,,"5086准备好",
"M5086.State.ReversalRun","DB70.DBX171.7",Boolean,1,RO,100,,,,,,,,,,"M5086反转运行",
"M5086.State.Runing","DB70.DBX170.0",Boolean,1,RO,100,,,,,,,,,,"M5086设备运行标志",
"M5086.State.RUNNING","Q46.5",Boolean,1,RO,100,,,,,,,,,,"5086移栽中",
"M5086.State.SelectPlace","DB70.DBX170.7",Boolean,1,RO,100,,,,,,,,,,"M5086选中位",
"M5086.State.YX_DX","DB50.DBB2565",Byte,1,RO,100,,,,,,,,,,"M5086码垛垛型",
"M5086.State.YX_Num","DB50.DBB2566",Byte,1,RO,100,,,,,,,,,,"M5086烟箱数量",
"M5086.State.YX_Type","DB50.DBB2564",Byte,1,RO,100,,,,,,,,,,"M5086烟箱类型",
"M5086.State.YZ_OK3","Q114.2",Boolean,1,RO,100,,,,,,,,,,"5086移栽OK",
"M5086.Task.Code","DB50.DINT2552",Long,1,RO,100,,,,,,,,,,"M5086托盘条码",
"M5086.Task.DestSta","DB50.DBW2560",Short,1,RO,100,,,,,,,,,,"M5086目标地址",
"M5086.Task.StartSta","DB50.DBW2558",Short,1,RO,100,,,,,,,,,,"M5086起始地址",
"M5086.Task.Task","DB50.DBW2550",Short,1,RO,100,,,,,,,,,,"M5086任务号",
"M5086.Task.TpType","DB50.DBW2556",Short,1,RO,100,,,,,,,,,,"M5086货物类型",
"M5087.Alarm.B_Fault","DB50.DBX2592.4",Boolean,1,RO,100,,,,,,,,,,"M5087后超长",
"M5087.Alarm.DriveFault","DB70.DBX172.2",Boolean,1,RO,100,,,,,,,,,,"M5087驱动器故障",
"M5087.Alarm.EstopFault","DB70.DBX173.3",Boolean,1,RO,100,,,,,,,,,,"M5087急停故障",
"M5087.Alarm.F_Fault","DB50.DBX2592.3",Boolean,1,RO,100,,,,,,,,,,"M5087前超长",
"M5087.Alarm.H_Fault","DB50.DBX2592.2",Boolean,1,RO,100,,,,,,,,,,"M5087超高",
"M5087.Alarm.L_Fault","DB50.DBX2592.5",Boolean,1,RO,100,,,,,,,,,,"M5087左超宽",
"M5087.Alarm.LS_Fault","DB70.DBX173.2",Boolean,1,RO,100,,,,,,,,,,"M5087限位故障",
"M5087.Alarm.NoRead","DB50.DBX2593.1",Boolean,1,RO,100,,,,,,,,,,"M5087条码未读出",
"M5087.Alarm.OutSideFault","DB70.DBX173.1",Boolean,1,RO,100,,,,,,,,,,"M5087货物超边故障",
"M5087.Alarm.PH_Fault","DB70.DBX172.6",Boolean,1,RO,100,,,,,,,,,,"M5087光电管异常",
"M5087.Alarm.QF_Fault","DB70.DBX172.4",Boolean,1,RO,100,,,,,,,,,,"M5087空开故障",
"M5087.Alarm.QS_Fault","DB70.DBX172.5",Boolean,1,RO,100,,,,,,,,,,"M5087隔离开关故障",
"M5087.Alarm.R_Fault","DB50.DBX2592.6",Boolean,1,RO,100,,,,,,,,,,"M5087右超宽",
"M5087.Alarm.RFID_ReadFault","DB50.DBX2593.3",Boolean,1,RO,100,,,,,,,,,,"M5087RFID读取错误",
"M5087.Alarm.RFID_WriteFault","DB50.DBX2593.2",Boolean,1,RO,100,,,,,,,,,,"M5087RFID写入错误",
"M5087.Alarm.TimeOutFault","DB70.DBX172.3",Boolean,1,RO,100,,,,,,,,,,"M5087超时故障",
"M5087.Alarm.TM_JY_Fault","DB50.DBX2593.0",Boolean,1,RO,100,,,,,,,,,,"M5087条码校验故障",
"M5087.Alarm.TotalFault","DB70.DBX172.1",Boolean,1,RO,100,,,,,,,,,,"M5087总故障",
"M5087.Alarm.WX_Fault","DB50.DBX2592.1",Boolean,1,RO,100,,,,,,,,,,"M5087外形故障",
"M5087.Alarm.WX_TM_Fault","DB50.DBX2592.0",Boolean,1,RO,100,,,,,,,,,,"M5087外形条码总故障",
"M5087.State.Allow","DB50.DBB2599",Byte,1,RO,100,,,,,,,,,,"M5087允许拆盘",
"M5087.State.ForwardRun","DB70.DBX173.6",Boolean,1,RO,100,,,,,,,,,,"M5087正转运行",
"M5087.State.Get_Num","DB50.DBB2598",Byte,1,RO,100,,,,,,,,,,"M5087已取数量",
"M5087.State.LastOne","DB50.DBX2593.4",Boolean,1,RO,100,,,,,,,,,,"M5087强制推盘",
"M5087.State.Load","DB70.DBX173.5",Boolean,1,RO,100,,,,,,,,,,"M5087负载",
"M5087.State.M5087_2_RF","Q200.0",Boolean,1,RO,100,,,,,,,,,,"5087.2上升",
"M5087.State.MD_State1","DB50.DINT2600",Long,1,RO,100,,,,,,,,,,"M5087码垛状态1",
"M5087.State.MD_State2","DB50.DBB2604",Byte,1,RO,100,,,,,,,,,,"M5087码垛状态2",
"M5087.State.Need_Num","DB50.DBB2597",Byte,1,RO,100,,,,,,,,,,"M5087要取数量",
"M5087.State.PR5087_1","I5.4",Boolean,1,RO,100,,,,,,,,,,"5087高位接近开关",
"M5087.State.PR5087_2","I5.6",Boolean,1,RO,100,,,,,,,,,,"5087低位接近开关",
"M5087.State.ReversalRun","DB70.DBX173.7",Boolean,1,RO,100,,,,,,,,,,"M5087反转运行",
"M5087.State.Runing","DB70.DBX172.0",Boolean,1,RO,100,,,,,,,,,,"M5087设备运行标志",
"M5087.State.SelectPlace","DB70.DBX172.7",Boolean,1,RO,100,,,,,,,,,,"M5087选中位",
"M5087.State.YX_DX","DB50.DBB2595",Byte,1,RO,100,,,,,,,,,,"M5087码垛垛型",
"M5087.State.YX_Num","DB50.DBB2596",Byte,1,RO,100,,,,,,,,,,"M5087烟箱数量",
"M5087.State.YX_Type","DB50.DBB2594",Byte,1,RO,100,,,,,,,,,,"M5087烟箱类型",
"M5087.Task.Code","DB50.DINT2582",Long,1,RO,100,,,,,,,,,,"M5087托盘条码",
"M5087.Task.DestSta","DB50.DBW2590",Short,1,RO,100,,,,,,,,,,"M5087目标地址",
"M5087.Task.StartSta","DB50.DBW2588",Short,1,RO,100,,,,,,,,,,"M5087起始地址",
"M5087.Task.Task","DB50.DBW2580",Short,1,RO,100,,,,,,,,,,"M5087任务号",
"M5087.Task.TpType","DB50.DBW2586",Short,1,RO,100,,,,,,,,,,"M5087货物类型",
"M5088.Alarm.B_Fault","DB50.DBX2622.4",Boolean,1,RO,100,,,,,,,,,,"M5088后超长",
"M5088.Alarm.DriveFault","DB70.DBX174.2",Boolean,1,RO,100,,,,,,,,,,"M5088驱动器故障",
"M5088.Alarm.EstopFault","DB70.DBX175.3",Boolean,1,RO,100,,,,,,,,,,"M5088急停故障",
"M5088.Alarm.F_Fault","DB50.DBX2622.3",Boolean,1,RO,100,,,,,,,,,,"M5088前超长",
"M5088.Alarm.H_Fault","DB50.DBX2622.2",Boolean,1,RO,100,,,,,,,,,,"M5088超高",
"M5088.Alarm.L_Fault","DB50.DBX2622.5",Boolean,1,RO,100,,,,,,,,,,"M5088左超宽",
"M5088.Alarm.LS_Fault","DB70.DBX175.2",Boolean,1,RO,100,,,,,,,,,,"M5088限位故障",
"M5088.Alarm.NoRead","DB50.DBX2623.1",Boolean,1,RO,100,,,,,,,,,,"M5088条码未读出",
"M5088.Alarm.OutSideFault","DB70.DBX175.1",Boolean,1,RO,100,,,,,,,,,,"M5088货物超边故障",
"M5088.Alarm.PH_Fault","DB70.DBX174.6",Boolean,1,RO,100,,,,,,,,,,"M5088光电管异常",
"M5088.Alarm.QF_Fault","DB70.DBX174.4",Boolean,1,RO,100,,,,,,,,,,"M5088空开故障",
"M5088.Alarm.QS_Fault","DB70.DBX174.5",Boolean,1,RO,100,,,,,,,,,,"M5088隔离开关故障",
"M5088.Alarm.R_Fault","DB50.DBX2622.6",Boolean,1,RO,100,,,,,,,,,,"M5088右超宽",
"M5088.Alarm.RFID_ReadFault","DB50.DBX2623.3",Boolean,1,RO,100,,,,,,,,,,"M5088RFID读取错误",
"M5088.Alarm.RFID_WriteFault","DB50.DBX2623.2",Boolean,1,RO,100,,,,,,,,,,"M5088RFID写入错误",
"M5088.Alarm.TimeOutFault","DB70.DBX174.3",Boolean,1,RO,100,,,,,,,,,,"M5088超时故障",
"M5088.Alarm.TM_JY_Fault","DB50.DBX2623.0",Boolean,1,RO,100,,,,,,,,,,"M5088条码校验故障",
"M5088.Alarm.TotalFault","DB70.DBX174.1",Boolean,1,RO,100,,,,,,,,,,"M5088总故障",
"M5088.Alarm.WX_Fault","DB50.DBX2622.1",Boolean,1,RO,100,,,,,,,,,,"M5088外形故障",
"M5088.Alarm.WX_TM_Fault","DB50.DBX2622.0",Boolean,1,RO,100,,,,,,,,,,"M5088外形条码总故障",
"M5088.State.Allow","DB50.DBB2629",Byte,1,RO,100,,,,,,,,,,"M5088允许拆盘",
"M5088.State.ForwardRun","DB70.DBX175.6",Boolean,1,RO,100,,,,,,,,,,"M5088正转运行",
"M5088.State.Get_Num","DB50.DBB2628",Byte,1,RO,100,,,,,,,,,,"M5088已取数量",
"M5088.State.LastOne","DB50.DBX2623.4",Boolean,1,RO,100,,,,,,,,,,"M5088强制推盘",
"M5088.State.Load","DB70.DBX175.5",Boolean,1,RO,100,,,,,,,,,,"M5088负载",
"M5088.State.MD_State1","DB50.DINT2630",Long,1,RO,100,,,,,,,,,,"M5088码垛状态1",
"M5088.State.MD_State2","DB50.DBB2634",Byte,1,RO,100,,,,,,,,,,"M5088码垛状态2",
"M5088.State.Need_Num","DB50.DBB2627",Byte,1,RO,100,,,,,,,,,,"M5088要取数量",
"M5088.State.PH1","I6.2",Boolean,1,RO,100,,,,,,,,,,"5088减速光电1",
"M5088.State.PH2","I6.4",Boolean,1,RO,100,,,,,,,,,,"5088到位光电2",
"M5088.State.PH3","I6.6",Boolean,1,RO,100,,,,,,,,,,"5088反向到位光电3",
"M5088.State.PH4","I6.1",Boolean,1,RO,100,,,,,,,,,,"5088到位光电4",
"M5088.State.PH5","I6.3",Boolean,1,RO,100,,,,,,,,,,"5088对射保护光电5",
"M5088.State.ReversalRun","DB70.DBX175.7",Boolean,1,RO,100,,,,,,,,,,"M5088反转运行",
"M5088.State.Runing","DB70.DBX174.0",Boolean,1,RO,100,,,,,,,,,,"M5088设备运行标志",
"M5088.State.SelectPlace","DB70.DBX174.7",Boolean,1,RO,100,,,,,,,,,,"M5088选中位",
"M5088.State.YX_DX","DB50.DBB2625",Byte,1,RO,100,,,,,,,,,,"M5088码垛垛型",
"M5088.State.YX_Num","DB50.DBB2626",Byte,1,RO,100,,,,,,,,,,"M5088烟箱数量",
"M5088.State.YX_Type","DB50.DBB2624",Byte,1,RO,100,,,,,,,,,,"M5088烟箱类型",
"M5088.Task.Code","DB50.DINT2612",Long,1,RO,100,,,,,,,,,,"M5088托盘条码",
"M5088.Task.DestSta","DB50.DBW2620",Short,1,RO,100,,,,,,,,,,"M5088目标地址",
"M5088.Task.StartSta","DB50.DBW2618",Short,1,RO,100,,,,,,,,,,"M5088起始地址",
"M5088.Task.Task","DB50.DBW2610",Short,1,RO,100,,,,,,,,,,"M5088任务号",
"M5088.Task.TpType","DB50.DBW2616",Short,1,RO,100,,,,,,,,,,"M5088货物类型",
"M5089.Alarm.B_Fault","DB50.DBX2652.4",Boolean,1,RO,100,,,,,,,,,,"M5089后超长",
"M5089.Alarm.DriveFault","DB70.DBX176.2",Boolean,1,RO,100,,,,,,,,,,"M5089驱动器故障",
"M5089.Alarm.EstopFault","DB70.DBX177.3",Boolean,1,RO,100,,,,,,,,,,"M5089急停故障",
"M5089.Alarm.F_Fault","DB50.DBX2652.3",Boolean,1,RO,100,,,,,,,,,,"M5089前超长",
"M5089.Alarm.H_Fault","DB50.DBX2652.2",Boolean,1,RO,100,,,,,,,,,,"M5089超高",
"M5089.Alarm.L_Fault","DB50.DBX2652.5",Boolean,1,RO,100,,,,,,,,,,"M5089左超宽",
"M5089.Alarm.LS_Fault","DB70.DBX177.2",Boolean,1,RO,100,,,,,,,,,,"M5089限位故障",
"M5089.Alarm.NoRead","DB50.DBX2653.1",Boolean,1,RO,100,,,,,,,,,,"M5089条码未读出",
"M5089.Alarm.OutSideFault","DB70.DBX177.1",Boolean,1,RO,100,,,,,,,,,,"M5089货物超边故障",
"M5089.Alarm.PH_Fault","DB70.DBX176.6",Boolean,1,RO,100,,,,,,,,,,"M5089光电管异常",
"M5089.Alarm.QF_Fault","DB70.DBX176.4",Boolean,1,RO,100,,,,,,,,,,"M5089空开故障",
"M5089.Alarm.QS_Fault","DB70.DBX176.5",Boolean,1,RO,100,,,,,,,,,,"M5089隔离开关故障",
"M5089.Alarm.R_Fault","DB50.DBX2652.6",Boolean,1,RO,100,,,,,,,,,,"M5089右超宽",
"M5089.Alarm.RFID_ReadFault","DB50.DBX2653.3",Boolean,1,RO,100,,,,,,,,,,"M5089RFID读取错误",
"M5089.Alarm.RFID_WriteFault","DB50.DBX2653.2",Boolean,1,RO,100,,,,,,,,,,"M5089RFID写入错误",
"M5089.Alarm.TimeOutFault","DB70.DBX176.3",Boolean,1,RO,100,,,,,,,,,,"M5089超时故障",
"M5089.Alarm.TM_JY_Fault","DB50.DBX2653.0",Boolean,1,RO,100,,,,,,,,,,"M5089条码校验故障",
"M5089.Alarm.TotalFault","DB70.DBX176.1",Boolean,1,RO,100,,,,,,,,,,"M5089总故障",
"M5089.Alarm.WX_Fault","DB50.DBX2652.1",Boolean,1,RO,100,,,,,,,,,,"M5089外形故障",
"M5089.Alarm.WX_TM_Fault","DB50.DBX2652.0",Boolean,1,RO,100,,,,,,,,,,"M5089外形条码总故障",
"M5089.State.Allow","DB50.DBB2659",Byte,1,RO,100,,,,,,,,,,"M5089允许拆盘",
"M5089.State.ForwardRun","DB70.DBX177.6",Boolean,1,RO,100,,,,,,,,,,"M5089正转运行",
"M5089.State.Get_Num","DB50.DBB2658",Byte,1,RO,100,,,,,,,,,,"M5089已取数量",
"M5089.State.LastOne","DB50.DBX2653.4",Boolean,1,RO,100,,,,,,,,,,"M5089强制推盘",
"M5089.State.Load","DB70.DBX177.5",Boolean,1,RO,100,,,,,,,,,,"M5089负载",
"M5089.State.MD_State1","DB50.DINT2660",Long,1,RO,100,,,,,,,,,,"M5089码垛状态1",
"M5089.State.MD_State2","DB50.DBB2664",Byte,1,RO,100,,,,,,,,,,"M5089码垛状态2",
"M5089.State.Need_Num","DB50.DBB2657",Byte,1,RO,100,,,,,,,,,,"M5089要取数量",
"M5089.State.PH1","I7.2",Boolean,1,RO,100,,,,,,,,,,"5089减速光电1",
"M5089.State.PH2","I7.4",Boolean,1,RO,100,,,,,,,,,,"5089到位光电2",
"M5089.State.PH3","I7.6",Boolean,1,RO,100,,,,,,,,,,"5089对射保护光电3",
"M5089.State.ReversalRun","DB70.DBX177.7",Boolean,1,RO,100,,,,,,,,,,"M5089反转运行",
"M5089.State.Runing","DB70.DBX176.0",Boolean,1,RO,100,,,,,,,,,,"M5089设备运行标志",
"M5089.State.SelectPlace","DB70.DBX176.7",Boolean,1,RO,100,,,,,,,,,,"M5089选中位",
"M5089.State.YX_DX","DB50.DBB2655",Byte,1,RO,100,,,,,,,,,,"M5089码垛垛型",
"M5089.State.YX_Num","DB50.DBB2656",Byte,1,RO,100,,,,,,,,,,"M5089烟箱数量",
"M5089.State.YX_Type","DB50.DBB2654",Byte,1,RO,100,,,,,,,,,,"M5089烟箱类型",
"M5089.Task.Code","DB50.DINT2642",Long,1,RO,100,,,,,,,,,,"M5089托盘条码",
"M5089.Task.DestSta","DB50.DBW2650",Short,1,RO,100,,,,,,,,,,"M5089目标地址",
"M5089.Task.StartSta","DB50.DBW2648",Short,1,RO,100,,,,,,,,,,"M5089起始地址",
"M5089.Task.Task","DB50.DBW2640",Short,1,RO,100,,,,,,,,,,"M5089任务号",
"M5089.Task.TpType","DB50.DBW2646",Short,1,RO,100,,,,,,,,,,"M5089货物类型",
"M5090.Alarm.B_Fault","DB50.DBX2682.4",Boolean,1,RO,100,,,,,,,,,,"M5090后超长",
"M5090.Alarm.DriveFault","DB70.DBX178.2",Boolean,1,RO,100,,,,,,,,,,"M5090驱动器故障",
"M5090.Alarm.EstopFault","DB70.DBX179.3",Boolean,1,RO,100,,,,,,,,,,"M5090急停故障",
"M5090.Alarm.F_Fault","DB50.DBX2682.3",Boolean,1,RO,100,,,,,,,,,,"M5090前超长",
"M5090.Alarm.H_Fault","DB50.DBX2682.2",Boolean,1,RO,100,,,,,,,,,,"M5090超高",
"M5090.Alarm.L_Fault","DB50.DBX2682.5",Boolean,1,RO,100,,,,,,,,,,"M5090左超宽",
"M5090.Alarm.LS_Fault","DB70.DBX179.2",Boolean,1,RO,100,,,,,,,,,,"M5090限位故障",
"M5090.Alarm.NoRead","DB50.DBX2683.1",Boolean,1,RO,100,,,,,,,,,,"M5090条码未读出",
"M5090.Alarm.OutSideFault","DB70.DBX179.1",Boolean,1,RO,100,,,,,,,,,,"M5090货物超边故障",
"M5090.Alarm.PH_Fault","DB70.DBX178.6",Boolean,1,RO,100,,,,,,,,,,"M5090光电管异常",
"M5090.Alarm.QF_Fault","DB70.DBX178.4",Boolean,1,RO,100,,,,,,,,,,"M5090空开故障",
"M5090.Alarm.QS_Fault","DB70.DBX178.5",Boolean,1,RO,100,,,,,,,,,,"M5090隔离开关故障",
"M5090.Alarm.R_Fault","DB50.DBX2682.6",Boolean,1,RO,100,,,,,,,,,,"M5090右超宽",
"M5090.Alarm.RFID_ReadFault","DB50.DBX2683.3",Boolean,1,RO,100,,,,,,,,,,"M5090RFID读取错误",
"M5090.Alarm.RFID_WriteFault","DB50.DBX2683.2",Boolean,1,RO,100,,,,,,,,,,"M5090RFID写入错误",
"M5090.Alarm.TimeOutFault","DB70.DBX178.3",Boolean,1,RO,100,,,,,,,,,,"M5090超时故障",
"M5090.Alarm.TM_JY_Fault","DB50.DBX2683.0",Boolean,1,RO,100,,,,,,,,,,"M5090条码校验故障",
"M5090.Alarm.TotalFault","DB70.DBX178.1",Boolean,1,RO,100,,,,,,,,,,"M5090总故障",
"M5090.Alarm.WX_Fault","DB50.DBX2682.1",Boolean,1,RO,100,,,,,,,,,,"M5090外形故障",
"M5090.Alarm.WX_TM_Fault","DB50.DBX2682.0",Boolean,1,RO,100,,,,,,,,,,"M5090外形条码总故障",
"M5090.State.Allow","DB50.DBB2689",Byte,1,RO,100,,,,,,,,,,"M5090允许拆盘",
"M5090.State.ForwardRun","DB70.DBX179.6",Boolean,1,RO,100,,,,,,,,,,"M5090正转运行",
"M5090.State.Get_Num","DB50.DBB2688",Byte,1,RO,100,,,,,,,,,,"M5090已取数量",
"M5090.State.LastOne","DB50.DBX2683.4",Boolean,1,RO,100,,,,,,,,,,"M5090强制推盘",
"M5090.State.Load","DB70.DBX179.5",Boolean,1,RO,100,,,,,,,,,,"M5090负载",
"M5090.State.MD_State1","DB50.DINT2690",Long,1,RO,100,,,,,,,,,,"M5090码垛状态1",
"M5090.State.MD_State2","DB50.DBB2694",Byte,1,RO,100,,,,,,,,,,"M5090码垛状态2",
"M5090.State.Need_Num","DB50.DBB2687",Byte,1,RO,100,,,,,,,,,,"M5090要取数量",
"M5090.State.ReversalRun","DB70.DBX179.7",Boolean,1,RO,100,,,,,,,,,,"M5090反转运行",
"M5090.State.Runing","DB70.DBX178.0",Boolean,1,RO,100,,,,,,,,,,"M5090设备运行标志",
"M5090.State.SelectPlace","DB70.DBX178.7",Boolean,1,RO,100,,,,,,,,,,"M5090选中位",
"M5090.State.YX_DX","DB50.DBB2685",Byte,1,RO,100,,,,,,,,,,"M5090码垛垛型",
"M5090.State.YX_Num","DB50.DBB2686",Byte,1,RO,100,,,,,,,,,,"M5090烟箱数量",
"M5090.State.YX_Type","DB50.DBB2684",Byte,1,RO,100,,,,,,,,,,"M5090烟箱类型",
"M5090.Task.Code","DB50.DINT2672",Long,1,RO,100,,,,,,,,,,"M5090托盘条码",
"M5090.Task.DestSta","DB50.DBW2680",Short,1,RO,100,,,,,,,,,,"M5090目标地址",
"M5090.Task.StartSta","DB50.DBW2678",Short,1,RO,100,,,,,,,,,,"M5090起始地址",
"M5090.Task.Task","DB50.DBW2670",Short,1,RO,100,,,,,,,,,,"M5090任务号",
"M5090.Task.TpType","DB50.DBW2676",Short,1,RO,100,,,,,,,,,,"M5090货物类型",
"M5091.Alarm.B_Fault","DB50.DBX2712.4",Boolean,1,RO,100,,,,,,,,,,"M5091后超长",
"M5091.Alarm.DriveFault","DB70.DBX180.2",Boolean,1,RO,100,,,,,,,,,,"M5091驱动器故障",
"M5091.Alarm.EstopFault","DB70.DBX181.3",Boolean,1,RO,100,,,,,,,,,,"M5091急停故障",
"M5091.Alarm.F_Fault","DB50.DBX2712.3",Boolean,1,RO,100,,,,,,,,,,"M5091前超长",
"M5091.Alarm.H_Fault","DB50.DBX2712.2",Boolean,1,RO,100,,,,,,,,,,"M5091超高",
"M5091.Alarm.L_Fault","DB50.DBX2712.5",Boolean,1,RO,100,,,,,,,,,,"M5091左超宽",
"M5091.Alarm.LS_Fault","DB70.DBX181.2",Boolean,1,RO,100,,,,,,,,,,"M5091限位故障",
"M5091.Alarm.NoRead","DB50.DBX2713.1",Boolean,1,RO,100,,,,,,,,,,"M5091条码未读出",
"M5091.Alarm.OutSideFault","DB70.DBX181.1",Boolean,1,RO,100,,,,,,,,,,"M5091货物超边故障",
"M5091.Alarm.PH_Fault","DB70.DBX180.6",Boolean,1,RO,100,,,,,,,,,,"M5091光电管异常",
"M5091.Alarm.QF_Fault","DB70.DBX180.4",Boolean,1,RO,100,,,,,,,,,,"M5091空开故障",
"M5091.Alarm.QS_Fault","DB70.DBX180.5",Boolean,1,RO,100,,,,,,,,,,"M5091隔离开关故障",
"M5091.Alarm.R_Fault","DB50.DBX2712.6",Boolean,1,RO,100,,,,,,,,,,"M5091右超宽",
"M5091.Alarm.RFID_ReadFault","DB50.DBX2713.3",Boolean,1,RO,100,,,,,,,,,,"M5091RFID读取错误",
"M5091.Alarm.RFID_WriteFault","DB50.DBX2713.2",Boolean,1,RO,100,,,,,,,,,,"M5091RFID写入错误",
"M5091.Alarm.TimeOutFault","DB70.DBX180.3",Boolean,1,RO,100,,,,,,,,,,"M5091超时故障",
"M5091.Alarm.TM_JY_Fault","DB50.DBX2713.0",Boolean,1,RO,100,,,,,,,,,,"M5091条码校验故障",
"M5091.Alarm.TotalFault","DB70.DBX180.1",Boolean,1,RO,100,,,,,,,,,,"M5091总故障",
"M5091.Alarm.WX_Fault","DB50.DBX2712.1",Boolean,1,RO,100,,,,,,,,,,"M5091外形故障",
"M5091.Alarm.WX_TM_Fault","DB50.DBX2712.0",Boolean,1,RO,100,,,,,,,,,,"M5091外形条码总故障",
"M5091.State.Allow","DB50.DBB2719",Byte,1,RO,100,,,,,,,,,,"M5091允许拆盘",
"M5091.State.ForwardRun","DB70.DBX181.6",Boolean,1,RO,100,,,,,,,,,,"M5091正转运行",
"M5091.State.Get_Num","DB50.DBB2718",Byte,1,RO,100,,,,,,,,,,"M5091已取数量",
"M5091.State.LastOne","DB50.DBX2713.4",Boolean,1,RO,100,,,,,,,,,,"M5091强制推盘",
"M5091.State.Load","DB70.DBX181.5",Boolean,1,RO,100,,,,,,,,,,"M5091负载",
"M5091.State.MD_State1","DB50.DINT2720",Long,1,RO,100,,,,,,,,,,"M5091码垛状态1",
"M5091.State.MD_State2","DB50.DBB2724",Byte,1,RO,100,,,,,,,,,,"M5091码垛状态2",
"M5091.State.Need_Num","DB50.DBB2717",Byte,1,RO,100,,,,,,,,,,"M5091要取数量",
"M5091.State.PH1","I8.2",Boolean,1,RO,100,,,,,,,,,,"5091到位光电1",
"M5091.State.PH2","I8.4",Boolean,1,RO,100,,,,,,,,,,"5090反向减速光电",
"M5091.State.PH3","I8.6",Boolean,1,RO,100,,,,,,,,,,"5090反向到位光电",
"M5091.State.PH4","I8.1",Boolean,1,RO,100,,,,,,,,,,"5091到位光电4",
"M5091.State.PH5","I8.3",Boolean,1,RO,100,,,,,,,,,,"5091对射保护光电",
"M5091.State.ReversalRun","DB70.DBX181.7",Boolean,1,RO,100,,,,,,,,,,"M5091反转运行",
"M5091.State.Runing","DB70.DBX180.0",Boolean,1,RO,100,,,,,,,,,,"M5091设备运行标志",
"M5091.State.SelectPlace","DB70.DBX180.7",Boolean,1,RO,100,,,,,,,,,,"M5091选中位",
"M5091.State.YX_DX","DB50.DBB2715",Byte,1,RO,100,,,,,,,,,,"M5091码垛垛型",
"M5091.State.YX_Num","DB50.DBB2716",Byte,1,RO,100,,,,,,,,,,"M5091烟箱数量",
"M5091.State.YX_Type","DB50.DBB2714",Byte,1,RO,100,,,,,,,,,,"M5091烟箱类型",
"M5091.Task.Code","DB50.DINT2702",Long,1,RO,100,,,,,,,,,,"M5091托盘条码",
"M5091.Task.DestSta","DB50.DBW2710",Short,1,RO,100,,,,,,,,,,"M5091目标地址",
"M5091.Task.StartSta","DB50.DBW2708",Short,1,RO,100,,,,,,,,,,"M5091起始地址",
"M5091.Task.Task","DB50.DBW2700",Short,1,RO,100,,,,,,,,,,"M5091任务号",
"M5091.Task.TpType","DB50.DBW2706",Short,1,RO,100,,,,,,,,,,"M5091货物类型",
"M5092.Alarm.B_Fault","DB50.DBX2742.4",Boolean,1,RO,100,,,,,,,,,,"M5092后超长",
"M5092.Alarm.DriveFault","DB70.DBX182.2",Boolean,1,RO,100,,,,,,,,,,"M5092驱动器故障",
"M5092.Alarm.EstopFault","DB70.DBX183.3",Boolean,1,RO,100,,,,,,,,,,"M5092急停故障",
"M5092.Alarm.F_Fault","DB50.DBX2742.3",Boolean,1,RO,100,,,,,,,,,,"M5092前超长",
"M5092.Alarm.H_Fault","DB50.DBX2742.2",Boolean,1,RO,100,,,,,,,,,,"M5092超高",
"M5092.Alarm.L_Fault","DB50.DBX2742.5",Boolean,1,RO,100,,,,,,,,,,"M5092左超宽",
"M5092.Alarm.LS_Fault","DB70.DBX183.2",Boolean,1,RO,100,,,,,,,,,,"M5092限位故障",
"M5092.Alarm.NoRead","DB50.DBX2743.1",Boolean,1,RO,100,,,,,,,,,,"M5092条码未读出",
"M5092.Alarm.OutSideFault","DB70.DBX183.1",Boolean,1,RO,100,,,,,,,,,,"M5092货物超边故障",
"M5092.Alarm.PH_Fault","DB70.DBX182.6",Boolean,1,RO,100,,,,,,,,,,"M5092光电管异常",
"M5092.Alarm.QF_Fault","DB70.DBX182.4",Boolean,1,RO,100,,,,,,,,,,"M5092空开故障",
"M5092.Alarm.QS_Fault","DB70.DBX182.5",Boolean,1,RO,100,,,,,,,,,,"M5092隔离开关故障",
"M5092.Alarm.R_Fault","DB50.DBX2742.6",Boolean,1,RO,100,,,,,,,,,,"M5092右超宽",
"M5092.Alarm.RFID_ReadFault","DB50.DBX2743.3",Boolean,1,RO,100,,,,,,,,,,"M5092RFID读取错误",
"M5092.Alarm.RFID_WriteFault","DB50.DBX2743.2",Boolean,1,RO,100,,,,,,,,,,"M5092RFID写入错误",
"M5092.Alarm.TimeOutFault","DB70.DBX182.3",Boolean,1,RO,100,,,,,,,,,,"M5092超时故障",
"M5092.Alarm.TM_JY_Fault","DB50.DBX2743.0",Boolean,1,RO,100,,,,,,,,,,"M5092条码校验故障",
"M5092.Alarm.TotalFault","DB70.DBX182.1",Boolean,1,RO,100,,,,,,,,,,"M5092总故障",
"M5092.Alarm.WX_Fault","DB50.DBX2742.1",Boolean,1,RO,100,,,,,,,,,,"M5092外形故障",
"M5092.Alarm.WX_TM_Fault","DB50.DBX2742.0",Boolean,1,RO,100,,,,,,,,,,"M5092外形条码总故障",
"M5092.State.Allow","DB50.DBB2749",Byte,1,RO,100,,,,,,,,,,"M5092允许拆盘",
"M5092.State.ForwardRun","DB70.DBX183.6",Boolean,1,RO,100,,,,,,,,,,"M5092正转运行",
"M5092.State.Get_Num","DB50.DBB2748",Byte,1,RO,100,,,,,,,,,,"M5092已取数量",
"M5092.State.LastOne","DB50.DBX2743.4",Boolean,1,RO,100,,,,,,,,,,"M5092强制推盘",
"M5092.State.Load","DB70.DBX183.5",Boolean,1,RO,100,,,,,,,,,,"M5092负载",
"M5092.State.MD_State1","DB50.DINT2750",Long,1,RO,100,,,,,,,,,,"M5092码垛状态1",
"M5092.State.MD_State2","DB50.DBB2754",Byte,1,RO,100,,,,,,,,,,"M5092码垛状态2",
"M5092.State.Need_Num","DB50.DBB2747",Byte,1,RO,100,,,,,,,,,,"M5092要取数量",
"M5092.State.PH1","I7.3",Boolean,1,RO,100,,,,,,,,,,"5092对射保护光电1",
"M5092.State.PH2","I7.5",Boolean,1,RO,100,,,,,,,,,,"5092到位光电2",
"M5092.State.PH3","I7.7",Boolean,1,RO,100,,,,,,,,,,"5092到位光电3",
"M5092.State.ReversalRun","DB70.DBX183.7",Boolean,1,RO,100,,,,,,,,,,"M5092反转运行",
"M5092.State.Runing","DB70.DBX182.0",Boolean,1,RO,100,,,,,,,,,,"M5092设备运行标志",
"M5092.State.SelectPlace","DB70.DBX182.7",Boolean,1,RO,100,,,,,,,,,,"M5092选中位",
"M5092.State.YX_DX","DB50.DBB2745",Byte,1,RO,100,,,,,,,,,,"M5092码垛垛型",
"M5092.State.YX_Num","DB50.DBB2746",Byte,1,RO,100,,,,,,,,,,"M5092烟箱数量",
"M5092.State.YX_Type","DB50.DBB2744",Byte,1,RO,100,,,,,,,,,,"M5092烟箱类型",
"M5092.Task.Code","DB50.DINT2732",Long,1,RO,100,,,,,,,,,,"M5092托盘条码",
"M5092.Task.DestSta","DB50.DBW2740",Short,1,RO,100,,,,,,,,,,"M5092目标地址",
"M5092.Task.StartSta","DB50.DBW2738",Short,1,RO,100,,,,,,,,,,"M5092起始地址",
"M5092.Task.Task","DB50.DBW2730",Short,1,RO,100,,,,,,,,,,"M5092任务号",
"M5092.Task.TpType","DB50.DBW2736",Short,1,RO,100,,,,,,,,,,"M5092货物类型",
"M5093.Alarm.B_Fault","DB50.DBX2772.4",Boolean,1,RO,100,,,,,,,,,,"M5093后超长",
"M5093.Alarm.DriveFault","DB70.DBX184.2",Boolean,1,RO,100,,,,,,,,,,"M5093驱动器故障",
"M5093.Alarm.EstopFault","DB70.DBX185.3",Boolean,1,RO,100,,,,,,,,,,"M5093急停故障",
"M5093.Alarm.F_Fault","DB50.DBX2772.3",Boolean,1,RO,100,,,,,,,,,,"M5093前超长",
"M5093.Alarm.H_Fault","DB50.DBX2772.2",Boolean,1,RO,100,,,,,,,,,,"M5093超高",
"M5093.Alarm.L_Fault","DB50.DBX2772.5",Boolean,1,RO,100,,,,,,,,,,"M5093左超宽",
"M5093.Alarm.LS_Fault","DB70.DBX185.2",Boolean,1,RO,100,,,,,,,,,,"M5093限位故障",
"M5093.Alarm.NoRead","DB50.DBX2773.1",Boolean,1,RO,100,,,,,,,,,,"M5093条码未读出",
"M5093.Alarm.OutSideFault","DB70.DBX185.1",Boolean,1,RO,100,,,,,,,,,,"M5093货物超边故障",
"M5093.Alarm.PH_Fault","DB70.DBX184.6",Boolean,1,RO,100,,,,,,,,,,"M5093光电管异常",
"M5093.Alarm.QF_Fault","DB70.DBX184.4",Boolean,1,RO,100,,,,,,,,,,"M5093空开故障",
"M5093.Alarm.QS_Fault","DB70.DBX184.5",Boolean,1,RO,100,,,,,,,,,,"M5093隔离开关故障",
"M5093.Alarm.R_Fault","DB50.DBX2772.6",Boolean,1,RO,100,,,,,,,,,,"M5093右超宽",
"M5093.Alarm.RFID_ReadFault","DB50.DBX2773.3",Boolean,1,RO,100,,,,,,,,,,"M5093RFID读取错误",
"M5093.Alarm.RFID_WriteFault","DB50.DBX2773.2",Boolean,1,RO,100,,,,,,,,,,"M5093RFID写入错误",
"M5093.Alarm.TimeOutFault","DB70.DBX184.3",Boolean,1,RO,100,,,,,,,,,,"M5093超时故障",
"M5093.Alarm.TM_JY_Fault","DB50.DBX2773.0",Boolean,1,RO,100,,,,,,,,,,"M5093条码校验故障",
"M5093.Alarm.TotalFault","DB70.DBX184.1",Boolean,1,RO,100,,,,,,,,,,"M5093总故障",
"M5093.Alarm.WX_Fault","DB50.DBX2772.1",Boolean,1,RO,100,,,,,,,,,,"M5093外形故障",
"M5093.Alarm.WX_TM_Fault","DB50.DBX2772.0",Boolean,1,RO,100,,,,,,,,,,"M5093外形条码总故障",
"M5093.State.Allow","DB50.DBB2779",Byte,1,RO,100,,,,,,,,,,"M5093允许拆盘",
"M5093.State.ForwardRun","DB70.DBX185.6",Boolean,1,RO,100,,,,,,,,,,"M5093正转运行",
"M5093.State.Get_Num","DB50.DBB2778",Byte,1,RO,100,,,,,,,,,,"M5093已取数量",
"M5093.State.LastOne","DB50.DBX2773.4",Boolean,1,RO,100,,,,,,,,,,"M5093强制推盘",
"M5093.State.Load","DB70.DBX185.5",Boolean,1,RO,100,,,,,,,,,,"M5093负载",
"M5093.State.MD_State1","DB50.DINT2780",Long,1,RO,100,,,,,,,,,,"M5093码垛状态1",
"M5093.State.MD_State2","DB50.DBB2784",Byte,1,RO,100,,,,,,,,,,"M5093码垛状态2",
"M5093.State.Need_Num","DB50.DBB2777",Byte,1,RO,100,,,,,,,,,,"M5093要取数量",
"M5093.State.PH1","I15.2",Boolean,1,RO,100,,,,,,,,,,"5093到位光电1",
"M5093.State.PH2","I15.4",Boolean,1,RO,100,,,,,,,,,,"5093到位光电2",
"M5093.State.ReversalRun","DB70.DBX185.7",Boolean,1,RO,100,,,,,,,,,,"M5093反转运行",
"M5093.State.Runing","DB70.DBX184.0",Boolean,1,RO,100,,,,,,,,,,"M5093设备运行标志",
"M5093.State.SelectPlace","DB70.DBX184.7",Boolean,1,RO,100,,,,,,,,,,"M5093选中位",
"M5093.State.YX_DX","DB50.DBB2775",Byte,1,RO,100,,,,,,,,,,"M5093码垛垛型",
"M5093.State.YX_Num","DB50.DBB2776",Byte,1,RO,100,,,,,,,,,,"M5093烟箱数量",
"M5093.State.YX_Type","DB50.DBB2774",Byte,1,RO,100,,,,,,,,,,"M5093烟箱类型",
"M5093.Task.Code","DB50.DINT2762",Long,1,RO,100,,,,,,,,,,"M5093托盘条码",
"M5093.Task.DestSta","DB50.DBW2770",Short,1,RO,100,,,,,,,,,,"M5093目标地址",
"M5093.Task.StartSta","DB50.DBW2768",Short,1,RO,100,,,,,,,,,,"M5093起始地址",
"M5093.Task.Task","DB50.DBW2760",Short,1,RO,100,,,,,,,,,,"M5093任务号",
"M5093.Task.TpType","DB50.DBW2766",Short,1,RO,100,,,,,,,,,,"M5093货物类型",
"M5094.Alarm.B_Fault","DB50.DBX2802.4",Boolean,1,RO,100,,,,,,,,,,"M5094后超长",
"M5094.Alarm.DriveFault","DB70.DBX186.2",Boolean,1,RO,100,,,,,,,,,,"M5094驱动器故障",
"M5094.Alarm.EstopFault","DB70.DBX187.3",Boolean,1,RO,100,,,,,,,,,,"M5094急停故障",
"M5094.Alarm.F_Fault","DB50.DBX2802.3",Boolean,1,RO,100,,,,,,,,,,"M5094前超长",
"M5094.Alarm.H_Fault","DB50.DBX2802.2",Boolean,1,RO,100,,,,,,,,,,"M5094超高",
"M5094.Alarm.L_Fault","DB50.DBX2802.5",Boolean,1,RO,100,,,,,,,,,,"M5094左超宽",
"M5094.Alarm.LS_Fault","DB70.DBX187.2",Boolean,1,RO,100,,,,,,,,,,"M5094限位故障",
"M5094.Alarm.NoRead","DB50.DBX2803.1",Boolean,1,RO,100,,,,,,,,,,"M5094条码未读出",
"M5094.Alarm.OutSideFault","DB70.DBX187.1",Boolean,1,RO,100,,,,,,,,,,"M5094货物超边故障",
"M5094.Alarm.PH_Fault","DB70.DBX186.6",Boolean,1,RO,100,,,,,,,,,,"M5094光电管异常",
"M5094.Alarm.QF_Fault","DB70.DBX186.4",Boolean,1,RO,100,,,,,,,,,,"M5094空开故障",
"M5094.Alarm.QS_Fault","DB70.DBX186.5",Boolean,1,RO,100,,,,,,,,,,"M5094隔离开关故障",
"M5094.Alarm.R_Fault","DB50.DBX2802.6",Boolean,1,RO,100,,,,,,,,,,"M5094右超宽",
"M5094.Alarm.RFID_ReadFault","DB50.DBX2803.3",Boolean,1,RO,100,,,,,,,,,,"M5094RFID读取错误",
"M5094.Alarm.RFID_WriteFault","DB50.DBX2803.2",Boolean,1,RO,100,,,,,,,,,,"M5094RFID写入错误",
"M5094.Alarm.TimeOutFault","DB70.DBX186.3",Boolean,1,RO,100,,,,,,,,,,"M5094超时故障",
"M5094.Alarm.TM_JY_Fault","DB50.DBX2803.0",Boolean,1,RO,100,,,,,,,,,,"M5094条码校验故障",
"M5094.Alarm.TotalFault","DB70.DBX186.1",Boolean,1,RO,100,,,,,,,,,,"M5094总故障",
"M5094.Alarm.WX_Fault","DB50.DBX2802.1",Boolean,1,RO,100,,,,,,,,,,"M5094外形故障",
"M5094.Alarm.WX_TM_Fault","DB50.DBX2802.0",Boolean,1,RO,100,,,,,,,,,,"M5094外形条码总故障",
"M5094.State.Allow","DB50.DBB2809",Byte,1,RO,100,,,,,,,,,,"M5094允许拆盘",
"M5094.State.ForwardRun","DB70.DBX187.6",Boolean,1,RO,100,,,,,,,,,,"M5094正转运行",
"M5094.State.Get_Num","DB50.DBB2808",Byte,1,RO,100,,,,,,,,,,"M5094已取数量",
"M5094.State.LastOne","DB50.DBX2803.4",Boolean,1,RO,100,,,,,,,,,,"M5094强制推盘",
"M5094.State.Load","DB70.DBX187.5",Boolean,1,RO,100,,,,,,,,,,"M5094负载",
"M5094.State.MD_State1","DB50.DINT2810",Long,1,RO,100,,,,,,,,,,"M5094码垛状态1",
"M5094.State.MD_State2","DB50.DBB2814",Byte,1,RO,100,,,,,,,,,,"M5094码垛状态2",
"M5094.State.Need_Num","DB50.DBB2807",Byte,1,RO,100,,,,,,,,,,"M5094要取数量",
"M5094.State.PH1","I15.1",Boolean,1,RO,100,,,,,,,,,,"5094到位光电1",
"M5094.State.PH2","I15.3",Boolean,1,RO,100,,,,,,,,,,"5094到位光电2",
"M5094.State.PH3","I15.5",Boolean,1,RO,100,,,,,,,,,,"5094对射保护光电3",
"M5094.State.ReversalRun","DB70.DBX187.7",Boolean,1,RO,100,,,,,,,,,,"M5094反转运行",
"M5094.State.Runing","DB70.DBX186.0",Boolean,1,RO,100,,,,,,,,,,"M5094设备运行标志",
"M5094.State.SelectPlace","DB70.DBX186.7",Boolean,1,RO,100,,,,,,,,,,"M5094选中位",
"M5094.State.YX_DX","DB50.DBB2805",Byte,1,RO,100,,,,,,,,,,"M5094码垛垛型",
"M5094.State.YX_Num","DB50.DBB2806",Byte,1,RO,100,,,,,,,,,,"M5094烟箱数量",
"M5094.State.YX_Type","DB50.DBB2804",Byte,1,RO,100,,,,,,,,,,"M5094烟箱类型",
"M5094.Task.Code","DB50.DINT2792",Long,1,RO,100,,,,,,,,,,"M5094托盘条码",
"M5094.Task.DestSta","DB50.DBW2800",Short,1,RO,100,,,,,,,,,,"M5094目标地址",
"M5094.Task.StartSta","DB50.DBW2798",Short,1,RO,100,,,,,,,,,,"M5094起始地址",
"M5094.Task.Task","DB50.DBW2790",Short,1,RO,100,,,,,,,,,,"M5094任务号",
"M5094.Task.TpType","DB50.DBW2796",Short,1,RO,100,,,,,,,,,,"M5094货物类型",
"M5095.Alarm.B_Fault","DB50.DBX2832.4",Boolean,1,RO,100,,,,,,,,,,"M5095后超长",
"M5095.Alarm.DriveFault","DB70.DBX188.2",Boolean,1,RO,100,,,,,,,,,,"M5095驱动器故障",
"M5095.Alarm.EstopFault","DB70.DBX189.3",Boolean,1,RO,100,,,,,,,,,,"M5095急停故障",
"M5095.Alarm.F_Fault","DB50.DBX2832.3",Boolean,1,RO,100,,,,,,,,,,"M5095前超长",
"M5095.Alarm.H_Fault","DB50.DBX2832.2",Boolean,1,RO,100,,,,,,,,,,"M5095超高",
"M5095.Alarm.L_Fault","DB50.DBX2832.5",Boolean,1,RO,100,,,,,,,,,,"M5095左超宽",
"M5095.Alarm.LS_Fault","DB70.DBX189.2",Boolean,1,RO,100,,,,,,,,,,"M5095限位故障",
"M5095.Alarm.NoRead","DB50.DBX2833.1",Boolean,1,RO,100,,,,,,,,,,"M5095条码未读出",
"M5095.Alarm.OutSideFault","DB70.DBX189.1",Boolean,1,RO,100,,,,,,,,,,"M5095货物超边故障",
"M5095.Alarm.PH_Fault","DB70.DBX188.6",Boolean,1,RO,100,,,,,,,,,,"M5095光电管异常",
"M5095.Alarm.QF_Fault","DB70.DBX188.4",Boolean,1,RO,100,,,,,,,,,,"M5095空开故障",
"M5095.Alarm.QS_Fault","DB70.DBX188.5",Boolean,1,RO,100,,,,,,,,,,"M5095隔离开关故障",
"M5095.Alarm.R_Fault","DB50.DBX2832.6",Boolean,1,RO,100,,,,,,,,,,"M5095右超宽",
"M5095.Alarm.RFID_ReadFault","DB50.DBX2833.3",Boolean,1,RO,100,,,,,,,,,,"M5095RFID读取错误",
"M5095.Alarm.RFID_WriteFault","DB50.DBX2833.2",Boolean,1,RO,100,,,,,,,,,,"M5095RFID写入错误",
"M5095.Alarm.TimeOutFault","DB70.DBX188.3",Boolean,1,RO,100,,,,,,,,,,"M5095超时故障",
"M5095.Alarm.TM_JY_Fault","DB50.DBX2833.0",Boolean,1,RO,100,,,,,,,,,,"M5095条码校验故障",
"M5095.Alarm.TotalFault","DB70.DBX188.1",Boolean,1,RO,100,,,,,,,,,,"M5095总故障",
"M5095.Alarm.WX_Fault","DB50.DBX2832.1",Boolean,1,RO,100,,,,,,,,,,"M5095外形故障",
"M5095.Alarm.WX_TM_Fault","DB50.DBX2832.0",Boolean,1,RO,100,,,,,,,,,,"M5095外形条码总故障",
"M5095.State.Allow","DB50.DBB2839",Byte,1,RO,100,,,,,,,,,,"M5095允许拆盘",
"M5095.State.ForwardRun","DB70.DBX189.6",Boolean,1,RO,100,,,,,,,,,,"M5095正转运行",
"M5095.State.Get_Num","DB50.DBB2838",Byte,1,RO,100,,,,,,,,,,"M5095已取数量",
"M5095.State.LastOne","DB50.DBX2833.4",Boolean,1,RO,100,,,,,,,,,,"M5095强制推盘",
"M5095.State.Load","DB70.DBX189.5",Boolean,1,RO,100,,,,,,,,,,"M5095负载",
"M5095.State.MD_State1","DB50.DINT2840",Long,1,RO,100,,,,,,,,,,"M5095码垛状态1",
"M5095.State.MD_State2","DB50.DBB2844",Byte,1,RO,100,,,,,,,,,,"M5095码垛状态2",
"M5095.State.Need_Num","DB50.DBB2837",Byte,1,RO,100,,,,,,,,,,"M5095要取数量",
"M5095.State.PH1","I18.2",Boolean,1,RO,100,,,,,,,,,,"5095到位光电1",
"M5095.State.PH2","I18.4",Boolean,1,RO,100,,,,,,,,,,"5095到位光电2",
"M5095.State.ReversalRun","DB70.DBX189.7",Boolean,1,RO,100,,,,,,,,,,"M5095反转运行",
"M5095.State.Runing","DB70.DBX188.0",Boolean,1,RO,100,,,,,,,,,,"M5095设备运行标志",
"M5095.State.SelectPlace","DB70.DBX188.7",Boolean,1,RO,100,,,,,,,,,,"M5095选中位",
"M5095.State.YX_DX","DB50.DBB2835",Byte,1,RO,100,,,,,,,,,,"M5095码垛垛型",
"M5095.State.YX_Num","DB50.DBB2836",Byte,1,RO,100,,,,,,,,,,"M5095烟箱数量",
"M5095.State.YX_Type","DB50.DBB2834",Byte,1,RO,100,,,,,,,,,,"M5095烟箱类型",
"M5095.Task.Code","DB50.DINT2822",Long,1,RO,100,,,,,,,,,,"M5095托盘条码",
"M5095.Task.DestSta","DB50.DBW2830",Short,1,RO,100,,,,,,,,,,"M5095目标地址",
"M5095.Task.StartSta","DB50.DBW2828",Short,1,RO,100,,,,,,,,,,"M5095起始地址",
"M5095.Task.Task","DB50.DBW2820",Short,1,RO,100,,,,,,,,,,"M5095任务号",
"M5095.Task.TpType","DB50.DBW2826",Short,1,RO,100,,,,,,,,,,"M5095货物类型",
"M5096.Alarm.B_Fault","DB50.DBX2862.4",Boolean,1,RO,100,,,,,,,,,,"M5096后超长",
"M5096.Alarm.DriveFault","DB70.DBX190.2",Boolean,1,RO,100,,,,,,,,,,"M5096驱动器故障",
"M5096.Alarm.EstopFault","DB70.DBX191.3",Boolean,1,RO,100,,,,,,,,,,"M5096急停故障",
"M5096.Alarm.F_Fault","DB50.DBX2862.3",Boolean,1,RO,100,,,,,,,,,,"M5096前超长",
"M5096.Alarm.H_Fault","DB50.DBX2862.2",Boolean,1,RO,100,,,,,,,,,,"M5096超高",
"M5096.Alarm.L_Fault","DB50.DBX2862.5",Boolean,1,RO,100,,,,,,,,,,"M5096左超宽",
"M5096.Alarm.LS_Fault","DB70.DBX191.2",Boolean,1,RO,100,,,,,,,,,,"M5096限位故障",
"M5096.Alarm.NoRead","DB50.DBX2863.1",Boolean,1,RO,100,,,,,,,,,,"M5096条码未读出",
"M5096.Alarm.OutSideFault","DB70.DBX191.1",Boolean,1,RO,100,,,,,,,,,,"M5096货物超边故障",
"M5096.Alarm.PH_Fault","DB70.DBX190.6",Boolean,1,RO,100,,,,,,,,,,"M5096光电管异常",
"M5096.Alarm.QF_Fault","DB70.DBX190.4",Boolean,1,RO,100,,,,,,,,,,"M5096空开故障",
"M5096.Alarm.QS_Fault","DB70.DBX190.5",Boolean,1,RO,100,,,,,,,,,,"M5096隔离开关故障",
"M5096.Alarm.R_Fault","DB50.DBX2862.6",Boolean,1,RO,100,,,,,,,,,,"M5096右超宽",
"M5096.Alarm.RFID_ReadFault","DB50.DBX2863.3",Boolean,1,RO,100,,,,,,,,,,"M5096RFID读取错误",
"M5096.Alarm.RFID_WriteFault","DB50.DBX2863.2",Boolean,1,RO,100,,,,,,,,,,"M5096RFID写入错误",
"M5096.Alarm.TimeOutFault","DB70.DBX190.3",Boolean,1,RO,100,,,,,,,,,,"M5096超时故障",
"M5096.Alarm.TM_JY_Fault","DB50.DBX2863.0",Boolean,1,RO,100,,,,,,,,,,"M5096条码校验故障",
"M5096.Alarm.TotalFault","DB70.DBX190.1",Boolean,1,RO,100,,,,,,,,,,"M5096总故障",
"M5096.Alarm.WX_Fault","DB50.DBX2862.1",Boolean,1,RO,100,,,,,,,,,,"M5096外形故障",
"M5096.Alarm.WX_TM_Fault","DB50.DBX2862.0",Boolean,1,RO,100,,,,,,,,,,"M5096外形条码总故障",
"M5096.State.Allow","DB50.DBB2869",Byte,1,RO,100,,,,,,,,,,"M5096允许拆盘",
"M5096.State.ForwardRun","DB70.DBX191.6",Boolean,1,RO,100,,,,,,,,,,"M5096正转运行",
"M5096.State.Get_Num","DB50.DBB2868",Byte,1,RO,100,,,,,,,,,,"M5096已取数量",
"M5096.State.LastOne","DB50.DBX2863.4",Boolean,1,RO,100,,,,,,,,,,"M5096强制推盘",
"M5096.State.Load","DB70.DBX191.5",Boolean,1,RO,100,,,,,,,,,,"M5096负载",
"M5096.State.MD_State1","DB50.DINT2870",Long,1,RO,100,,,,,,,,,,"M5096码垛状态1",
"M5096.State.MD_State2","DB50.DBB2874",Byte,1,RO,100,,,,,,,,,,"M5096码垛状态2",
"M5096.State.Need_Num","DB50.DBB2867",Byte,1,RO,100,,,,,,,,,,"M5096要取数量",
"M5096.State.PH1","I16.2",Boolean,1,RO,100,,,,,,,,,,"5096到位光电1",
"M5096.State.PH2","I16.4",Boolean,1,RO,100,,,,,,,,,,"5096到位光电2",
"M5096.State.PH3","I16.6",Boolean,1,RO,100,,,,,,,,,,"5096对射保护光电3",
"M5096.State.ReversalRun","DB70.DBX191.7",Boolean,1,RO,100,,,,,,,,,,"M5096反转运行",
"M5096.State.Runing","DB70.DBX190.0",Boolean,1,RO,100,,,,,,,,,,"M5096设备运行标志",
"M5096.State.SelectPlace","DB70.DBX190.7",Boolean,1,RO,100,,,,,,,,,,"M5096选中位",
"M5096.State.YX_DX","DB50.DBB2865",Byte,1,RO,100,,,,,,,,,,"M5096码垛垛型",
"M5096.State.YX_Num","DB50.DBB2866",Byte,1,RO,100,,,,,,,,,,"M5096烟箱数量",
"M5096.State.YX_Type","DB50.DBB2864",Byte,1,RO,100,,,,,,,,,,"M5096烟箱类型",
"M5096.Task.Code","DB50.DINT2852",Long,1,RO,100,,,,,,,,,,"M5096托盘条码",
"M5096.Task.DestSta","DB50.DBW2860",Short,1,RO,100,,,,,,,,,,"M5096目标地址",
"M5096.Task.StartSta","DB50.DBW2858",Short,1,RO,100,,,,,,,,,,"M5096起始地址",
"M5096.Task.Task","DB50.DBW2850",Short,1,RO,100,,,,,,,,,,"M5096任务号",
"M5096.Task.TpType","DB50.DBW2856",Short,1,RO,100,,,,,,,,,,"M5096货物类型",
"M5097.Alarm.B_Fault","DB50.DBX2892.4",Boolean,1,RO,100,,,,,,,,,,"M5097后超长",
"M5097.Alarm.DriveFault","DB70.DBX192.2",Boolean,1,RO,100,,,,,,,,,,"M5097驱动器故障",
"M5097.Alarm.EstopFault","DB70.DBX193.3",Boolean,1,RO,100,,,,,,,,,,"M5097急停故障",
"M5097.Alarm.F_Fault","DB50.DBX2892.3",Boolean,1,RO,100,,,,,,,,,,"M5097前超长",
"M5097.Alarm.H_Fault","DB50.DBX2892.2",Boolean,1,RO,100,,,,,,,,,,"M5097超高",
"M5097.Alarm.L_Fault","DB50.DBX2892.5",Boolean,1,RO,100,,,,,,,,,,"M5097左超宽",
"M5097.Alarm.LS_Fault","DB70.DBX193.2",Boolean,1,RO,100,,,,,,,,,,"M5097限位故障",
"M5097.Alarm.NoRead","DB50.DBX2893.1",Boolean,1,RO,100,,,,,,,,,,"M5097条码未读出",
"M5097.Alarm.OutSideFault","DB70.DBX193.1",Boolean,1,RO,100,,,,,,,,,,"M5097货物超边故障",
"M5097.Alarm.PH_Fault","DB70.DBX192.6",Boolean,1,RO,100,,,,,,,,,,"M5097光电管异常",
"M5097.Alarm.QF_Fault","DB70.DBX192.4",Boolean,1,RO,100,,,,,,,,,,"M5097空开故障",
"M5097.Alarm.QS_Fault","DB70.DBX192.5",Boolean,1,RO,100,,,,,,,,,,"M5097隔离开关故障",
"M5097.Alarm.R_Fault","DB50.DBX2892.6",Boolean,1,RO,100,,,,,,,,,,"M5097右超宽",
"M5097.Alarm.RFID_ReadFault","DB50.DBX2893.3",Boolean,1,RO,100,,,,,,,,,,"M5097RFID读取错误",
"M5097.Alarm.RFID_WriteFault","DB50.DBX2893.2",Boolean,1,RO,100,,,,,,,,,,"M5097RFID写入错误",
"M5097.Alarm.TimeOutFault","DB70.DBX192.3",Boolean,1,RO,100,,,,,,,,,,"M5097超时故障",
"M5097.Alarm.TM_JY_Fault","DB50.DBX2893.0",Boolean,1,RO,100,,,,,,,,,,"M5097条码校验故障",
"M5097.Alarm.TotalFault","DB70.DBX192.1",Boolean,1,RO,100,,,,,,,,,,"M5097总故障",
"M5097.Alarm.WX_Fault","DB50.DBX2892.1",Boolean,1,RO,100,,,,,,,,,,"M5097外形故障",
"M5097.Alarm.WX_TM_Fault","DB50.DBX2892.0",Boolean,1,RO,100,,,,,,,,,,"M5097外形条码总故障",
"M5097.State.Allow","DB50.DBB2899",Byte,1,RO,100,,,,,,,,,,"M5097允许拆盘",
"M5097.State.ForwardRun","DB70.DBX193.6",Boolean,1,RO,100,,,,,,,,,,"M5097正转运行",
"M5097.State.Get_Num","DB50.DBB2898",Byte,1,RO,100,,,,,,,,,,"M5097已取数量",
"M5097.State.LastOne","DB50.DBX2893.4",Boolean,1,RO,100,,,,,,,,,,"M5097强制推盘",
"M5097.State.Load","DB70.DBX193.5",Boolean,1,RO,100,,,,,,,,,,"M5097负载",
"M5097.State.MD_State1","DB50.DINT2900",Long,1,RO,100,,,,,,,,,,"M5097码垛状态1",
"M5097.State.MD_State2","DB50.DBB2904",Byte,1,RO,100,,,,,,,,,,"M5097码垛状态2",
"M5097.State.Need_Num","DB50.DBB2897",Byte,1,RO,100,,,,,,,,,,"M5097要取数量",
"M5097.State.PH1","I16.3",Boolean,1,RO,100,,,,,,,,,,"5097对射保护光电1",
"M5097.State.PH2","I16.5",Boolean,1,RO,100,,,,,,,,,,"5097到位光电2",
"M5097.State.PH3","I16.7",Boolean,1,RO,100,,,,,,,,,,"5097到位光电3",
"M5097.State.ReversalRun","DB70.DBX193.7",Boolean,1,RO,100,,,,,,,,,,"M5097反转运行",
"M5097.State.Runing","DB70.DBX192.0",Boolean,1,RO,100,,,,,,,,,,"M5097设备运行标志",
"M5097.State.SelectPlace","DB70.DBX192.7",Boolean,1,RO,100,,,,,,,,,,"M5097选中位",
"M5097.State.YX_DX","DB50.DBB2895",Byte,1,RO,100,,,,,,,,,,"M5097码垛垛型",
"M5097.State.YX_Num","DB50.DBB2896",Byte,1,RO,100,,,,,,,,,,"M5097烟箱数量",
"M5097.State.YX_Type","DB50.DBB2894",Byte,1,RO,100,,,,,,,,,,"M5097烟箱类型",
"M5097.Task.Code","DB50.DINT2882",Long,1,RO,100,,,,,,,,,,"M5097托盘条码",
"M5097.Task.DestSta","DB50.DBW2890",Short,1,RO,100,,,,,,,,,,"M5097目标地址",
"M5097.Task.StartSta","DB50.DBW2888",Short,1,RO,100,,,,,,,,,,"M5097起始地址",
"M5097.Task.Task","DB50.DBW2880",Short,1,RO,100,,,,,,,,,,"M5097任务号",
"M5097.Task.TpType","DB50.DBW2886",Short,1,RO,100,,,,,,,,,,"M5097货物类型",
"M5098.Alarm.B_Fault","DB50.DBX2922.4",Boolean,1,RO,100,,,,,,,,,,"M5098后超长",
"M5098.Alarm.DriveFault","DB70.DBX194.2",Boolean,1,RO,100,,,,,,,,,,"M5098驱动器故障",
"M5098.Alarm.EstopFault","DB70.DBX195.3",Boolean,1,RO,100,,,,,,,,,,"M5098急停故障",
"M5098.Alarm.F_Fault","DB50.DBX2922.3",Boolean,1,RO,100,,,,,,,,,,"M5098前超长",
"M5098.Alarm.H_Fault","DB50.DBX2922.2",Boolean,1,RO,100,,,,,,,,,,"M5098超高",
"M5098.Alarm.L_Fault","DB50.DBX2922.5",Boolean,1,RO,100,,,,,,,,,,"M5098左超宽",
"M5098.Alarm.LS_Fault","DB70.DBX195.2",Boolean,1,RO,100,,,,,,,,,,"M5098限位故障",
"M5098.Alarm.NoRead","DB50.DBX2923.1",Boolean,1,RO,100,,,,,,,,,,"M5098条码未读出",
"M5098.Alarm.OutSideFault","DB70.DBX195.1",Boolean,1,RO,100,,,,,,,,,,"M5098货物超边故障",
"M5098.Alarm.PH_Fault","DB70.DBX194.6",Boolean,1,RO,100,,,,,,,,,,"M5098光电管异常",
"M5098.Alarm.QF_Fault","DB70.DBX194.4",Boolean,1,RO,100,,,,,,,,,,"M5098空开故障",
"M5098.Alarm.QS_Fault","DB70.DBX194.5",Boolean,1,RO,100,,,,,,,,,,"M5098隔离开关故障",
"M5098.Alarm.R_Fault","DB50.DBX2922.6",Boolean,1,RO,100,,,,,,,,,,"M5098右超宽",
"M5098.Alarm.RFID_ReadFault","DB50.DBX2923.3",Boolean,1,RO,100,,,,,,,,,,"M5098RFID读取错误",
"M5098.Alarm.RFID_WriteFault","DB50.DBX2923.2",Boolean,1,RO,100,,,,,,,,,,"M5098RFID写入错误",
"M5098.Alarm.TimeOutFault","DB70.DBX194.3",Boolean,1,RO,100,,,,,,,,,,"M5098超时故障",
"M5098.Alarm.TM_JY_Fault","DB50.DBX2923.0",Boolean,1,RO,100,,,,,,,,,,"M5098条码校验故障",
"M5098.Alarm.TotalFault","DB70.DBX194.1",Boolean,1,RO,100,,,,,,,,,,"M5098总故障",
"M5098.Alarm.WX_Fault","DB50.DBX2922.1",Boolean,1,RO,100,,,,,,,,,,"M5098外形故障",
"M5098.Alarm.WX_TM_Fault","DB50.DBX2922.0",Boolean,1,RO,100,,,,,,,,,,"M5098外形条码总故障",
"M5098.State.Allow","DB50.DBB2929",Byte,1,RO,100,,,,,,,,,,"M5098允许拆盘",
"M5098.State.ForwardRun","DB70.DBX195.6",Boolean,1,RO,100,,,,,,,,,,"M5098正转运行",
"M5098.State.Get_Num","DB50.DBB2928",Byte,1,RO,100,,,,,,,,,,"M5098已取数量",
"M5098.State.LastOne","DB50.DBX2923.4",Boolean,1,RO,100,,,,,,,,,,"M5098强制推盘",
"M5098.State.Load","DB70.DBX195.5",Boolean,1,RO,100,,,,,,,,,,"M5098负载",
"M5098.State.MD_State1","DB50.DINT2930",Long,1,RO,100,,,,,,,,,,"M5098码垛状态1",
"M5098.State.MD_State2","DB50.DBB2934",Byte,1,RO,100,,,,,,,,,,"M5098码垛状态2",
"M5098.State.Need_Num","DB50.DBB2927",Byte,1,RO,100,,,,,,,,,,"M5098要取数量",
"M5098.State.PH1","I17.2",Boolean,1,RO,100,,,,,,,,,,"5098到位光电1",
"M5098.State.PH2","I17.4",Boolean,1,RO,100,,,,,,,,,,"5098到位光电2",
"M5098.State.PH3","I17.6",Boolean,1,RO,100,,,,,,,,,,"5098到位光电3",
"M5098.State.ReversalRun","DB70.DBX195.7",Boolean,1,RO,100,,,,,,,,,,"M5098反转运行",
"M5098.State.Runing","DB70.DBX194.0",Boolean,1,RO,100,,,,,,,,,,"M5098设备运行标志",
"M5098.State.SelectPlace","DB70.DBX194.7",Boolean,1,RO,100,,,,,,,,,,"M5098选中位",
"M5098.State.YX_DX","DB50.DBB2925",Byte,1,RO,100,,,,,,,,,,"M5098码垛垛型",
"M5098.State.YX_Num","DB50.DBB2926",Byte,1,RO,100,,,,,,,,,,"M5098烟箱数量",
"M5098.State.YX_Type","DB50.DBB2924",Byte,1,RO,100,,,,,,,,,,"M5098烟箱类型",
"M5098.Task.Code","DB50.DINT2912",Long,1,RO,100,,,,,,,,,,"M5098托盘条码",
"M5098.Task.DestSta","DB50.DBW2920",Short,1,RO,100,,,,,,,,,,"M5098目标地址",
"M5098.Task.StartSta","DB50.DBW2918",Short,1,RO,100,,,,,,,,,,"M5098起始地址",
"M5098.Task.Task","DB50.DBW2910",Short,1,RO,100,,,,,,,,,,"M5098任务号",
"M5098.Task.TpType","DB50.DBW2916",Short,1,RO,100,,,,,,,,,,"M5098货物类型",
"M5099.Alarm.B_Fault","DB50.DBX2952.4",Boolean,1,RO,100,,,,,,,,,,"M5099后超长",
"M5099.Alarm.DriveFault","DB70.DBX196.2",Boolean,1,RO,100,,,,,,,,,,"M5099驱动器故障",
"M5099.Alarm.EstopFault","DB70.DBX197.3",Boolean,1,RO,100,,,,,,,,,,"M5099急停故障",
"M5099.Alarm.F_Fault","DB50.DBX2952.3",Boolean,1,RO,100,,,,,,,,,,"M5099前超长",
"M5099.Alarm.H_Fault","DB50.DBX2952.2",Boolean,1,RO,100,,,,,,,,,,"M5099超高",
"M5099.Alarm.L_Fault","DB50.DBX2952.5",Boolean,1,RO,100,,,,,,,,,,"M5099左超宽",
"M5099.Alarm.LS_Fault","DB70.DBX197.2",Boolean,1,RO,100,,,,,,,,,,"M5099限位故障",
"M5099.Alarm.NoRead","DB50.DBX2953.1",Boolean,1,RO,100,,,,,,,,,,"M5099条码未读出",
"M5099.Alarm.OutSideFault","DB70.DBX197.1",Boolean,1,RO,100,,,,,,,,,,"M5099货物超边故障",
"M5099.Alarm.PH_Fault","DB70.DBX196.6",Boolean,1,RO,100,,,,,,,,,,"M5099光电管异常",
"M5099.Alarm.QF_Fault","DB70.DBX196.4",Boolean,1,RO,100,,,,,,,,,,"M5099空开故障",
"M5099.Alarm.QS_Fault","DB70.DBX196.5",Boolean,1,RO,100,,,,,,,,,,"M5099隔离开关故障",
"M5099.Alarm.R_Fault","DB50.DBX2952.6",Boolean,1,RO,100,,,,,,,,,,"M5099右超宽",
"M5099.Alarm.RFID_ReadFault","DB50.DBX2953.3",Boolean,1,RO,100,,,,,,,,,,"M5099RFID读取错误",
"M5099.Alarm.RFID_WriteFault","DB50.DBX2953.2",Boolean,1,RO,100,,,,,,,,,,"M5099RFID写入错误",
"M5099.Alarm.TimeOutFault","DB70.DBX196.3",Boolean,1,RO,100,,,,,,,,,,"M5099超时故障",
"M5099.Alarm.TM_JY_Fault","DB50.DBX2953.0",Boolean,1,RO,100,,,,,,,,,,"M5099条码校验故障",
"M5099.Alarm.TotalFault","DB70.DBX196.1",Boolean,1,RO,100,,,,,,,,,,"M5099总故障",
"M5099.Alarm.WX_Fault","DB50.DBX2952.1",Boolean,1,RO,100,,,,,,,,,,"M5099外形故障",
"M5099.Alarm.WX_TM_Fault","DB50.DBX2952.0",Boolean,1,RO,100,,,,,,,,,,"M5099外形条码总故障",
"M5099.State.Allow","DB50.DBB2959",Byte,1,RO,100,,,,,,,,,,"M5099允许拆盘",
"M5099.State.ForwardRun","DB70.DBX197.6",Boolean,1,RO,100,,,,,,,,,,"M5099正转运行",
"M5099.State.Get_Num","DB50.DBB2958",Byte,1,RO,100,,,,,,,,,,"M5099已取数量",
"M5099.State.LastOne","DB50.DBX2953.4",Boolean,1,RO,100,,,,,,,,,,"M5099强制推盘",
"M5099.State.Load","DB70.DBX197.5",Boolean,1,RO,100,,,,,,,,,,"M5099负载",
"M5099.State.MD_State1","DB50.DINT2960",Long,1,RO,100,,,,,,,,,,"M5099码垛状态1",
"M5099.State.MD_State2","DB50.DBB2964",Byte,1,RO,100,,,,,,,,,,"M5099码垛状态2",
"M5099.State.Need_Num","DB50.DBB2957",Byte,1,RO,100,,,,,,,,,,"M5099要取数量",
"M5099.State.PH1","I18.1",Boolean,1,RO,100,,,,,,,,,,"5099到位光电1",
"M5099.State.PH2","I18.3",Boolean,1,RO,100,,,,,,,,,,"5099到位光电2",
"M5099.State.ReversalRun","DB70.DBX197.7",Boolean,1,RO,100,,,,,,,,,,"M5099反转运行",
"M5099.State.Runing","DB70.DBX196.0",Boolean,1,RO,100,,,,,,,,,,"M5099设备运行标志",
"M5099.State.SelectPlace","DB70.DBX196.7",Boolean,1,RO,100,,,,,,,,,,"M5099选中位",
"M5099.State.YX_DX","DB50.DBB2955",Byte,1,RO,100,,,,,,,,,,"M5099码垛垛型",
"M5099.State.YX_Num","DB50.DBB2956",Byte,1,RO,100,,,,,,,,,,"M5099烟箱数量",
"M5099.State.YX_Type","DB50.DBB2954",Byte,1,RO,100,,,,,,,,,,"M5099烟箱类型",
"M5099.Task.Code","DB50.DINT2942",Long,1,RO,100,,,,,,,,,,"M5099托盘条码",
"M5099.Task.DestSta","DB50.DBW2950",Short,1,RO,100,,,,,,,,,,"M5099目标地址",
"M5099.Task.StartSta","DB50.DBW2948",Short,1,RO,100,,,,,,,,,,"M5099起始地址",
"M5099.Task.Task","DB50.DBW2940",Short,1,RO,100,,,,,,,,,,"M5099任务号",
"M5099.Task.TpType","DB50.DBW2946",Short,1,RO,100,,,,,,,,,,"M5099货物类型",
"M5100.Alarm.B_Fault","DB50.DBX2982.4",Boolean,1,RO,100,,,,,,,,,,"M5100后超长",
"M5100.Alarm.DriveFault","DB70.DBX198.2",Boolean,1,RO,100,,,,,,,,,,"M5100驱动器故障",
"M5100.Alarm.EstopFault","DB70.DBX199.3",Boolean,1,RO,100,,,,,,,,,,"M5100急停故障",
"M5100.Alarm.F_Fault","DB50.DBX2982.3",Boolean,1,RO,100,,,,,,,,,,"M5100前超长",
"M5100.Alarm.H_Fault","DB50.DBX2982.2",Boolean,1,RO,100,,,,,,,,,,"M5100超高",
"M5100.Alarm.L_Fault","DB50.DBX2982.5",Boolean,1,RO,100,,,,,,,,,,"M5100左超宽",
"M5100.Alarm.LS_Fault","DB70.DBX199.2",Boolean,1,RO,100,,,,,,,,,,"M5100限位故障",
"M5100.Alarm.NoRead","DB50.DBX2983.1",Boolean,1,RO,100,,,,,,,,,,"M5100条码未读出",
"M5100.Alarm.OutSideFault","DB70.DBX199.1",Boolean,1,RO,100,,,,,,,,,,"M5100货物超边故障",
"M5100.Alarm.PH_Fault","DB70.DBX198.6",Boolean,1,RO,100,,,,,,,,,,"M5100光电管异常",
"M5100.Alarm.QF_Fault","DB70.DBX198.4",Boolean,1,RO,100,,,,,,,,,,"M5100空开故障",
"M5100.Alarm.QS_Fault","DB70.DBX198.5",Boolean,1,RO,100,,,,,,,,,,"M5100隔离开关故障",
"M5100.Alarm.R_Fault","DB50.DBX2982.6",Boolean,1,RO,100,,,,,,,,,,"M5100右超宽",
"M5100.Alarm.RFID_ReadFault","DB50.DBX2983.3",Boolean,1,RO,100,,,,,,,,,,"M5100RFID读取错误",
"M5100.Alarm.RFID_WriteFault","DB50.DBX2983.2",Boolean,1,RO,100,,,,,,,,,,"M5100RFID写入错误",
"M5100.Alarm.TimeOutFault","DB70.DBX198.3",Boolean,1,RO,100,,,,,,,,,,"M5100超时故障",
"M5100.Alarm.TM_JY_Fault","DB50.DBX2983.0",Boolean,1,RO,100,,,,,,,,,,"M5100条码校验故障",
"M5100.Alarm.TotalFault","DB70.DBX198.1",Boolean,1,RO,100,,,,,,,,,,"M5100总故障",
"M5100.Alarm.WX_Fault","DB50.DBX2982.1",Boolean,1,RO,100,,,,,,,,,,"M5100外形故障",
"M5100.Alarm.WX_TM_Fault","DB50.DBX2982.0",Boolean,1,RO,100,,,,,,,,,,"M5100外形条码总故障",
"M5100.State.Allow","DB50.DBB2989",Byte,1,RO,100,,,,,,,,,,"M5100允许拆盘",
"M5100.State.ForwardRun","DB70.DBX199.6",Boolean,1,RO,100,,,,,,,,,,"M5100正转运行",
"M5100.State.Get_Num","DB50.DBB2988",Byte,1,RO,100,,,,,,,,,,"M5100已取数量",
"M5100.State.LastOne","DB50.DBX2983.4",Boolean,1,RO,100,,,,,,,,,,"M5100强制推盘",
"M5100.State.Load","DB70.DBX199.5",Boolean,1,RO,100,,,,,,,,,,"M5100负载",
"M5100.State.MD_State1","DB50.DINT2990",Long,1,RO,100,,,,,,,,,,"M5100码垛状态1",
"M5100.State.MD_State2","DB50.DBB2994",Byte,1,RO,100,,,,,,,,,,"M5100码垛状态2",
"M5100.State.Need_Num","DB50.DBB2987",Byte,1,RO,100,,,,,,,,,,"M5100要取数量",
"M5100.State.PH1","I17.3",Boolean,1,RO,100,,,,,,,,,,"5100到位光电1",
"M5100.State.PH2","I17.5",Boolean,1,RO,100,,,,,,,,,,"5100到位光电2",
"M5100.State.PH3","I17.7",Boolean,1,RO,100,,,,,,,,,,"5100对射保护光电3",
"M5100.State.ReversalRun","DB70.DBX199.7",Boolean,1,RO,100,,,,,,,,,,"M5100反转运行",
"M5100.State.Runing","DB70.DBX198.0",Boolean,1,RO,100,,,,,,,,,,"M5100设备运行标志",
"M5100.State.SelectPlace","DB70.DBX198.7",Boolean,1,RO,100,,,,,,,,,,"M5100选中位",
"M5100.State.YX_DX","DB50.DBB2985",Byte,1,RO,100,,,,,,,,,,"M5100码垛垛型",
"M5100.State.YX_Num","DB50.DBB2986",Byte,1,RO,100,,,,,,,,,,"M5100烟箱数量",
"M5100.State.YX_Type","DB50.DBB2984",Byte,1,RO,100,,,,,,,,,,"M5100烟箱类型",
"M5100.Task.Code","DB50.DINT2972",Long,1,RO,100,,,,,,,,,,"M5100托盘条码",
"M5100.Task.DestSta","DB50.DBW2980",Short,1,RO,100,,,,,,,,,,"M5100目标地址",
"M5100.Task.StartSta","DB50.DBW2978",Short,1,RO,100,,,,,,,,,,"M5100起始地址",
"M5100.Task.Task","DB50.DBW2970",Short,1,RO,100,,,,,,,,,,"M5100任务号",
"M5100.Task.TpType","DB50.DBW2976",Short,1,RO,100,,,,,,,,,,"M5100货物类型",
"M5101.Alarm.B_Fault","DB50.DBX3012.4",Boolean,1,RO,100,,,,,,,,,,"M5101后超长",
"M5101.Alarm.DriveFault","DB70.DBX200.2",Boolean,1,RO,100,,,,,,,,,,"M5101驱动器故障",
"M5101.Alarm.EstopFault","DB70.DBX201.3",Boolean,1,RO,100,,,,,,,,,,"M5101急停故障",
"M5101.Alarm.F_Fault","DB50.DBX3012.3",Boolean,1,RO,100,,,,,,,,,,"M5101前超长",
"M5101.Alarm.H_Fault","DB50.DBX3012.2",Boolean,1,RO,100,,,,,,,,,,"M5101超高",
"M5101.Alarm.L_Fault","DB50.DBX3012.5",Boolean,1,RO,100,,,,,,,,,,"M5101左超宽",
"M5101.Alarm.LS_Fault","DB70.DBX201.2",Boolean,1,RO,100,,,,,,,,,,"M5101限位故障",
"M5101.Alarm.NoRead","DB50.DBX3013.1",Boolean,1,RO,100,,,,,,,,,,"M5101条码未读出",
"M5101.Alarm.OutSideFault","DB70.DBX201.1",Boolean,1,RO,100,,,,,,,,,,"M5101货物超边故障",
"M5101.Alarm.PH_Fault","DB70.DBX200.6",Boolean,1,RO,100,,,,,,,,,,"M5101光电管异常",
"M5101.Alarm.QF_Fault","DB70.DBX200.4",Boolean,1,RO,100,,,,,,,,,,"M5101空开故障",
"M5101.Alarm.QS_Fault","DB70.DBX200.5",Boolean,1,RO,100,,,,,,,,,,"M5101隔离开关故障",
"M5101.Alarm.R_Fault","DB50.DBX3012.6",Boolean,1,RO,100,,,,,,,,,,"M5101右超宽",
"M5101.Alarm.RFID_ReadFault","DB50.DBX3013.3",Boolean,1,RO,100,,,,,,,,,,"M5101RFID读取错误",
"M5101.Alarm.RFID_WriteFault","DB50.DBX3013.2",Boolean,1,RO,100,,,,,,,,,,"M5101RFID写入错误",
"M5101.Alarm.TimeOutFault","DB70.DBX200.3",Boolean,1,RO,100,,,,,,,,,,"M5101超时故障",
"M5101.Alarm.TM_JY_Fault","DB50.DBX3013.0",Boolean,1,RO,100,,,,,,,,,,"M5101条码校验故障",
"M5101.Alarm.TotalFault","DB70.DBX200.1",Boolean,1,RO,100,,,,,,,,,,"M5101总故障",
"M5101.Alarm.WX_Fault","DB50.DBX3012.1",Boolean,1,RO,100,,,,,,,,,,"M5101外形故障",
"M5101.Alarm.WX_TM_Fault","DB50.DBX3012.0",Boolean,1,RO,100,,,,,,,,,,"M5101外形条码总故障",
"M5101.State.Allow","DB50.DBB3019",Byte,1,RO,100,,,,,,,,,,"M5101允许拆盘",
"M5101.State.ForwardRun","DB70.DBX201.6",Boolean,1,RO,100,,,,,,,,,,"M5101正转运行",
"M5101.State.Get_Num","DB50.DBB3018",Byte,1,RO,100,,,,,,,,,,"M5101已取数量",
"M5101.State.LastOne","DB50.DBX3013.4",Boolean,1,RO,100,,,,,,,,,,"M5101强制推盘",
"M5101.State.Load","DB70.DBX201.5",Boolean,1,RO,100,,,,,,,,,,"M5101负载",
"M5101.State.MD_State1","DB50.DINT3020",Long,1,RO,100,,,,,,,,,,"M5101码垛状态1",
"M5101.State.MD_State2","DB50.DBB3024",Byte,1,RO,100,,,,,,,,,,"M5101码垛状态2",
"M5101.State.Need_Num","DB50.DBB3017",Byte,1,RO,100,,,,,,,,,,"M5101要取数量",
"M5101.State.PH1","I21.2",Boolean,1,RO,100,,,,,,,,,,"5101对射保护光电1",
"M5101.State.PH2","I21.4",Boolean,1,RO,100,,,,,,,,,,"5101到位光电2",
"M5101.State.PH3","I21.6",Boolean,1,RO,100,,,,,,,,,,"5101到位光电3",
"M5101.State.ReversalRun","DB70.DBX201.7",Boolean,1,RO,100,,,,,,,,,,"M5101反转运行",
"M5101.State.Runing","DB70.DBX200.0",Boolean,1,RO,100,,,,,,,,,,"M5101设备运行标志",
"M5101.State.SelectPlace","DB70.DBX200.7",Boolean,1,RO,100,,,,,,,,,,"M5101选中位",
"M5101.State.YX_DX","DB50.DBB3015",Byte,1,RO,100,,,,,,,,,,"M5101码垛垛型",
"M5101.State.YX_Num","DB50.DBB3016",Byte,1,RO,100,,,,,,,,,,"M5101烟箱数量",
"M5101.State.YX_Type","DB50.DBB3014",Byte,1,RO,100,,,,,,,,,,"M5101烟箱类型",
"M5101.Task.Code","DB50.DINT3002",Long,1,RO,100,,,,,,,,,,"M5101托盘条码",
"M5101.Task.DestSta","DB50.DBW3010",Short,1,RO,100,,,,,,,,,,"M5101目标地址",
"M5101.Task.StartSta","DB50.DBW3008",Short,1,RO,100,,,,,,,,,,"M5101起始地址",
"M5101.Task.Task","DB50.DBW3000",Short,1,RO,100,,,,,,,,,,"M5101任务号",
"M5101.Task.TpType","DB50.DBW3006",Short,1,RO,100,,,,,,,,,,"M5101货物类型",
"M5102.Alarm.B_Fault","DB50.DBX3042.4",Boolean,1,RO,100,,,,,,,,,,"M5102后超长",
"M5102.Alarm.DriveFault","DB70.DBX202.2",Boolean,1,RO,100,,,,,,,,,,"M5102驱动器故障",
"M5102.Alarm.EstopFault","DB70.DBX203.3",Boolean,1,RO,100,,,,,,,,,,"M5102急停故障",
"M5102.Alarm.F_Fault","DB50.DBX3042.3",Boolean,1,RO,100,,,,,,,,,,"M5102前超长",
"M5102.Alarm.H_Fault","DB50.DBX3042.2",Boolean,1,RO,100,,,,,,,,,,"M5102超高",
"M5102.Alarm.L_Fault","DB50.DBX3042.5",Boolean,1,RO,100,,,,,,,,,,"M5102左超宽",
"M5102.Alarm.LS_Fault","DB70.DBX203.2",Boolean,1,RO,100,,,,,,,,,,"M5102限位故障",
"M5102.Alarm.NoRead","DB50.DBX3043.1",Boolean,1,RO,100,,,,,,,,,,"M5102条码未读出",
"M5102.Alarm.OutSideFault","DB70.DBX203.1",Boolean,1,RO,100,,,,,,,,,,"M5102货物超边故障",
"M5102.Alarm.PH_Fault","DB70.DBX202.6",Boolean,1,RO,100,,,,,,,,,,"M5102光电管异常",
"M5102.Alarm.QF_Fault","DB70.DBX202.4",Boolean,1,RO,100,,,,,,,,,,"M5102空开故障",
"M5102.Alarm.QS_Fault","DB70.DBX202.5",Boolean,1,RO,100,,,,,,,,,,"M5102隔离开关故障",
"M5102.Alarm.R_Fault","DB50.DBX3042.6",Boolean,1,RO,100,,,,,,,,,,"M5102右超宽",
"M5102.Alarm.RFID_ReadFault","DB50.DBX3043.3",Boolean,1,RO,100,,,,,,,,,,"M5102RFID读取错误",
"M5102.Alarm.RFID_WriteFault","DB50.DBX3043.2",Boolean,1,RO,100,,,,,,,,,,"M5102RFID写入错误",
"M5102.Alarm.TimeOutFault","DB70.DBX202.3",Boolean,1,RO,100,,,,,,,,,,"M5102超时故障",
"M5102.Alarm.TM_JY_Fault","DB50.DBX3043.0",Boolean,1,RO,100,,,,,,,,,,"M5102条码校验故障",
"M5102.Alarm.TotalFault","DB70.DBX202.1",Boolean,1,RO,100,,,,,,,,,,"M5102总故障",
"M5102.Alarm.WX_Fault","DB50.DBX3042.1",Boolean,1,RO,100,,,,,,,,,,"M5102外形故障",
"M5102.Alarm.WX_TM_Fault","DB50.DBX3042.0",Boolean,1,RO,100,,,,,,,,,,"M5102外形条码总故障",
"M5102.State.Allow","DB50.DBB3049",Byte,1,RO,100,,,,,,,,,,"M5102允许拆盘",
"M5102.State.ForwardRun","DB70.DBX203.6",Boolean,1,RO,100,,,,,,,,,,"M5102正转运行",
"M5102.State.Get_Num","DB50.DBB3048",Byte,1,RO,100,,,,,,,,,,"M5102已取数量",
"M5102.State.LastOne","DB50.DBX3043.4",Boolean,1,RO,100,,,,,,,,,,"M5102强制推盘",
"M5102.State.Load","DB70.DBX203.5",Boolean,1,RO,100,,,,,,,,,,"M5102负载",
"M5102.State.MD_State1","DB50.DINT3050",Long,1,RO,100,,,,,,,,,,"M5102码垛状态1",
"M5102.State.MD_State2","DB50.DBB3054",Byte,1,RO,100,,,,,,,,,,"M5102码垛状态2",
"M5102.State.Need_Num","DB50.DBB3047",Byte,1,RO,100,,,,,,,,,,"M5102要取数量",
"M5102.State.PH1","I21.3",Boolean,1,RO,100,,,,,,,,,,"5102到位光电1",
"M5102.State.PH2","I21.5",Boolean,1,RO,100,,,,,,,,,,"5102到位光电2",
"M5102.State.PH3","I21.7",Boolean,1,RO,100,,,,,,,,,,"5102到位光电3",
"M5102.State.ReversalRun","DB70.DBX203.7",Boolean,1,RO,100,,,,,,,,,,"M5102反转运行",
"M5102.State.Runing","DB70.DBX202.0",Boolean,1,RO,100,,,,,,,,,,"M5102设备运行标志",
"M5102.State.SelectPlace","DB70.DBX202.7",Boolean,1,RO,100,,,,,,,,,,"M5102选中位",
"M5102.State.YX_DX","DB50.DBB3045",Byte,1,RO,100,,,,,,,,,,"M5102码垛垛型",
"M5102.State.YX_Num","DB50.DBB3046",Byte,1,RO,100,,,,,,,,,,"M5102烟箱数量",
"M5102.State.YX_Type","DB50.DBB3044",Byte,1,RO,100,,,,,,,,,,"M5102烟箱类型",
"M5102.Task.Code","DB50.DINT3032",Long,1,RO,100,,,,,,,,,,"M5102托盘条码",
"M5102.Task.DestSta","DB50.DBW3040",Short,1,RO,100,,,,,,,,,,"M5102目标地址",
"M5102.Task.StartSta","DB50.DBW3038",Short,1,RO,100,,,,,,,,,,"M5102起始地址",
"M5102.Task.Task","DB50.DBW3030",Short,1,RO,100,,,,,,,,,,"M5102任务号",
"M5102.Task.TpType","DB50.DBW3036",Short,1,RO,100,,,,,,,,,,"M5102货物类型",
"M5103.Alarm.B_Fault","DB50.DBX3072.4",Boolean,1,RO,100,,,,,,,,,,"M5103后超长",
"M5103.Alarm.DriveFault","DB70.DBX204.2",Boolean,1,RO,100,,,,,,,,,,"M5103驱动器故障",
"M5103.Alarm.EstopFault","DB70.DBX205.3",Boolean,1,RO,100,,,,,,,,,,"M5103急停故障",
"M5103.Alarm.F_Fault","DB50.DBX3072.3",Boolean,1,RO,100,,,,,,,,,,"M5103前超长",
"M5103.Alarm.H_Fault","DB50.DBX3072.2",Boolean,1,RO,100,,,,,,,,,,"M5103超高",
"M5103.Alarm.L_Fault","DB50.DBX3072.5",Boolean,1,RO,100,,,,,,,,,,"M5103左超宽",
"M5103.Alarm.LS_Fault","DB70.DBX205.2",Boolean,1,RO,100,,,,,,,,,,"M5103限位故障",
"M5103.Alarm.NoRead","DB50.DBX3073.1",Boolean,1,RO,100,,,,,,,,,,"M5103条码未读出",
"M5103.Alarm.OutSideFault","DB70.DBX205.1",Boolean,1,RO,100,,,,,,,,,,"M5103货物超边故障",
"M5103.Alarm.PH_Fault","DB70.DBX204.6",Boolean,1,RO,100,,,,,,,,,,"M5103光电管异常",
"M5103.Alarm.QF_Fault","DB70.DBX204.4",Boolean,1,RO,100,,,,,,,,,,"M5103空开故障",
"M5103.Alarm.QS_Fault","DB70.DBX204.5",Boolean,1,RO,100,,,,,,,,,,"M5103隔离开关故障",
"M5103.Alarm.R_Fault","DB50.DBX3072.6",Boolean,1,RO,100,,,,,,,,,,"M5103右超宽",
"M5103.Alarm.RFID_ReadFault","DB50.DBX3073.3",Boolean,1,RO,100,,,,,,,,,,"M5103RFID读取错误",
"M5103.Alarm.RFID_WriteFault","DB50.DBX3073.2",Boolean,1,RO,100,,,,,,,,,,"M5103RFID写入错误",
"M5103.Alarm.TimeOutFault","DB70.DBX204.3",Boolean,1,RO,100,,,,,,,,,,"M5103超时故障",
"M5103.Alarm.TM_JY_Fault","DB50.DBX3073.0",Boolean,1,RO,100,,,,,,,,,,"M5103条码校验故障",
"M5103.Alarm.TotalFault","DB70.DBX204.1",Boolean,1,RO,100,,,,,,,,,,"M5103总故障",
"M5103.Alarm.WX_Fault","DB50.DBX3072.1",Boolean,1,RO,100,,,,,,,,,,"M5103外形故障",
"M5103.Alarm.WX_TM_Fault","DB50.DBX3072.0",Boolean,1,RO,100,,,,,,,,,,"M5103外形条码总故障",
"M5103.State.Allow","DB50.DBB3079",Byte,1,RO,100,,,,,,,,,,"M5103允许拆盘",
"M5103.State.ForwardRun","DB70.DBX205.6",Boolean,1,RO,100,,,,,,,,,,"M5103正转运行",
"M5103.State.Get_Num","DB50.DBB3078",Byte,1,RO,100,,,,,,,,,,"M5103已取数量",
"M5103.State.LastOne","DB50.DBX3073.4",Boolean,1,RO,100,,,,,,,,,,"M5103强制推盘",
"M5103.State.Load","DB70.DBX205.5",Boolean,1,RO,100,,,,,,,,,,"M5103负载",
"M5103.State.MD_State1","DB50.DINT3080",Long,1,RO,100,,,,,,,,,,"M5103码垛状态1",
"M5103.State.MD_State2","DB50.DBB3084",Byte,1,RO,100,,,,,,,,,,"M5103码垛状态2",
"M5103.State.Need_Num","DB50.DBB3077",Byte,1,RO,100,,,,,,,,,,"M5103要取数量",
"M5103.State.PH1","I22.2",Boolean,1,RO,100,,,,,,,,,,"5103到位光电1",
"M5103.State.PH2","I22.4",Boolean,1,RO,100,,,,,,,,,,"5103到位光电2",
"M5103.State.ReversalRun","DB70.DBX205.7",Boolean,1,RO,100,,,,,,,,,,"M5103反转运行",
"M5103.State.Runing","DB70.DBX204.0",Boolean,1,RO,100,,,,,,,,,,"M5103设备运行标志",
"M5103.State.SelectPlace","DB70.DBX204.7",Boolean,1,RO,100,,,,,,,,,,"M5103选中位",
"M5103.State.YX_DX","DB50.DBB3075",Byte,1,RO,100,,,,,,,,,,"M5103码垛垛型",
"M5103.State.YX_Num","DB50.DBB3076",Byte,1,RO,100,,,,,,,,,,"M5103烟箱数量",
"M5103.State.YX_Type","DB50.DBB3074",Byte,1,RO,100,,,,,,,,,,"M5103烟箱类型",
"M5103.Task.Code","DB50.DINT3062",Long,1,RO,100,,,,,,,,,,"M5103托盘条码",
"M5103.Task.DestSta","DB50.DBW3070",Short,1,RO,100,,,,,,,,,,"M5103目标地址",
"M5103.Task.StartSta","DB50.DBW3068",Short,1,RO,100,,,,,,,,,,"M5103起始地址",
"M5103.Task.Task","DB50.DBW3060",Short,1,RO,100,,,,,,,,,,"M5103任务号",
"M5103.Task.TpType","DB50.DBW3066",Short,1,RO,100,,,,,,,,,,"M5103货物类型",
"M5104.Alarm.B_Fault","DB50.DBX3102.4",Boolean,1,RO,100,,,,,,,,,,"M5104后超长",
"M5104.Alarm.DriveFault","DB70.DBX206.2",Boolean,1,RO,100,,,,,,,,,,"M5104驱动器故障",
"M5104.Alarm.EstopFault","DB70.DBX207.3",Boolean,1,RO,100,,,,,,,,,,"M5104急停故障",
"M5104.Alarm.F_Fault","DB50.DBX3102.3",Boolean,1,RO,100,,,,,,,,,,"M5104前超长",
"M5104.Alarm.H_Fault","DB50.DBX3102.2",Boolean,1,RO,100,,,,,,,,,,"M5104超高",
"M5104.Alarm.L_Fault","DB50.DBX3102.5",Boolean,1,RO,100,,,,,,,,,,"M5104左超宽",
"M5104.Alarm.LS_Fault","DB70.DBX207.2",Boolean,1,RO,100,,,,,,,,,,"M5104限位故障",
"M5104.Alarm.NoRead","DB50.DBX3103.1",Boolean,1,RO,100,,,,,,,,,,"M5104条码未读出",
"M5104.Alarm.OutSideFault","DB70.DBX207.1",Boolean,1,RO,100,,,,,,,,,,"M5104货物超边故障",
"M5104.Alarm.PH_Fault","DB70.DBX206.6",Boolean,1,RO,100,,,,,,,,,,"M5104光电管异常",
"M5104.Alarm.QF_Fault","DB70.DBX206.4",Boolean,1,RO,100,,,,,,,,,,"M5104空开故障",
"M5104.Alarm.QS_Fault","DB70.DBX206.5",Boolean,1,RO,100,,,,,,,,,,"M5104隔离开关故障",
"M5104.Alarm.R_Fault","DB50.DBX3102.6",Boolean,1,RO,100,,,,,,,,,,"M5104右超宽",
"M5104.Alarm.RFID_ReadFault","DB50.DBX3103.3",Boolean,1,RO,100,,,,,,,,,,"M5104RFID读取错误",
"M5104.Alarm.RFID_WriteFault","DB50.DBX3103.2",Boolean,1,RO,100,,,,,,,,,,"M5104RFID写入错误",
"M5104.Alarm.TimeOutFault","DB70.DBX206.3",Boolean,1,RO,100,,,,,,,,,,"M5104超时故障",
"M5104.Alarm.TM_JY_Fault","DB50.DBX3103.0",Boolean,1,RO,100,,,,,,,,,,"M5104条码校验故障",
"M5104.Alarm.TotalFault","DB70.DBX206.1",Boolean,1,RO,100,,,,,,,,,,"M5104总故障",
"M5104.Alarm.WX_Fault","DB50.DBX3102.1",Boolean,1,RO,100,,,,,,,,,,"M5104外形故障",
"M5104.Alarm.WX_TM_Fault","DB50.DBX3102.0",Boolean,1,RO,100,,,,,,,,,,"M5104外形条码总故障",
"M5104.State.Allow","DB50.DBB3109",Byte,1,RO,100,,,,,,,,,,"M5104允许拆盘",
"M5104.State.ForwardRun","DB70.DBX207.6",Boolean,1,RO,100,,,,,,,,,,"M5104正转运行",
"M5104.State.Get_Num","DB50.DBB3108",Byte,1,RO,100,,,,,,,,,,"M5104已取数量",
"M5104.State.LastOne","DB50.DBX3103.4",Boolean,1,RO,100,,,,,,,,,,"M5104强制推盘",
"M5104.State.Load","DB70.DBX207.5",Boolean,1,RO,100,,,,,,,,,,"M5104负载",
"M5104.State.MD_State1","DB50.DINT3110",Long,1,RO,100,,,,,,,,,,"M5104码垛状态1",
"M5104.State.MD_State2","DB50.DBB3114",Byte,1,RO,100,,,,,,,,,,"M5104码垛状态2",
"M5104.State.Need_Num","DB50.DBB3107",Byte,1,RO,100,,,,,,,,,,"M5104要取数量",
"M5104.State.PH1","I22.1",Boolean,1,RO,100,,,,,,,,,,"5104到位光电1",
"M5104.State.PH2","I22.3",Boolean,1,RO,100,,,,,,,,,,"5104到位光电2",
"M5104.State.PH3","I22.5",Boolean,1,RO,100,,,,,,,,,,"5104对射保护光电3",
"M5104.State.ReversalRun","DB70.DBX207.7",Boolean,1,RO,100,,,,,,,,,,"M5104反转运行",
"M5104.State.Runing","DB70.DBX206.0",Boolean,1,RO,100,,,,,,,,,,"M5104设备运行标志",
"M5104.State.SelectPlace","DB70.DBX206.7",Boolean,1,RO,100,,,,,,,,,,"M5104选中位",
"M5104.State.YX_DX","DB50.DBB3105",Byte,1,RO,100,,,,,,,,,,"M5104码垛垛型",
"M5104.State.YX_Num","DB50.DBB3106",Byte,1,RO,100,,,,,,,,,,"M5104烟箱数量",
"M5104.State.YX_Type","DB50.DBB3104",Byte,1,RO,100,,,,,,,,,,"M5104烟箱类型",
"M5104.Task.Code","DB50.DINT3092",Long,1,RO,100,,,,,,,,,,"M5104托盘条码",
"M5104.Task.DestSta","DB50.DBW3100",Short,1,RO,100,,,,,,,,,,"M5104目标地址",
"M5104.Task.StartSta","DB50.DBW3098",Short,1,RO,100,,,,,,,,,,"M5104起始地址",
"M5104.Task.Task","DB50.DBW3090",Short,1,RO,100,,,,,,,,,,"M5104任务号",
"M5104.Task.TpType","DB50.DBW3096",Short,1,RO,100,,,,,,,,,,"M5104货物类型",
"M5105.Alarm.B_Fault","DB50.DBX3132.4",Boolean,1,RO,100,,,,,,,,,,"M5105后超长",
"M5105.Alarm.DriveFault","DB70.DBX208.2",Boolean,1,RO,100,,,,,,,,,,"M5105驱动器故障",
"M5105.Alarm.EstopFault","DB70.DBX209.3",Boolean,1,RO,100,,,,,,,,,,"M5105急停故障",
"M5105.Alarm.F_Fault","DB50.DBX3132.3",Boolean,1,RO,100,,,,,,,,,,"M5105前超长",
"M5105.Alarm.H_Fault","DB50.DBX3132.2",Boolean,1,RO,100,,,,,,,,,,"M5105超高",
"M5105.Alarm.L_Fault","DB50.DBX3132.5",Boolean,1,RO,100,,,,,,,,,,"M5105左超宽",
"M5105.Alarm.LS_Fault","DB70.DBX209.2",Boolean,1,RO,100,,,,,,,,,,"M5105限位故障",
"M5105.Alarm.NoRead","DB50.DBX3133.1",Boolean,1,RO,100,,,,,,,,,,"M5105条码未读出",
"M5105.Alarm.OutSideFault","DB70.DBX209.1",Boolean,1,RO,100,,,,,,,,,,"M5105货物超边故障",
"M5105.Alarm.PH_Fault","DB70.DBX208.6",Boolean,1,RO,100,,,,,,,,,,"M5105光电管异常",
"M5105.Alarm.QF_Fault","DB70.DBX208.4",Boolean,1,RO,100,,,,,,,,,,"M5105空开故障",
"M5105.Alarm.QS_Fault","DB70.DBX208.5",Boolean,1,RO,100,,,,,,,,,,"M5105隔离开关故障",
"M5105.Alarm.R_Fault","DB50.DBX3132.6",Boolean,1,RO,100,,,,,,,,,,"M5105右超宽",
"M5105.Alarm.RFID_ReadFault","DB50.DBX3133.3",Boolean,1,RO,100,,,,,,,,,,"M5105RFID读取错误",
"M5105.Alarm.RFID_WriteFault","DB50.DBX3133.2",Boolean,1,RO,100,,,,,,,,,,"M5105RFID写入错误",
"M5105.Alarm.TimeOutFault","DB70.DBX208.3",Boolean,1,RO,100,,,,,,,,,,"M5105超时故障",
"M5105.Alarm.TM_JY_Fault","DB50.DBX3133.0",Boolean,1,RO,100,,,,,,,,,,"M5105条码校验故障",
"M5105.Alarm.TotalFault","DB70.DBX208.1",Boolean,1,RO,100,,,,,,,,,,"M5105总故障",
"M5105.Alarm.WX_Fault","DB50.DBX3132.1",Boolean,1,RO,100,,,,,,,,,,"M5105外形故障",
"M5105.Alarm.WX_TM_Fault","DB50.DBX3132.0",Boolean,1,RO,100,,,,,,,,,,"M5105外形条码总故障",
"M5105.State.Allow","DB50.DBB3139",Byte,1,RO,100,,,,,,,,,,"M5105允许拆盘",
"M5105.State.ForwardRun","DB70.DBX209.6",Boolean,1,RO,100,,,,,,,,,,"M5105正转运行",
"M5105.State.Get_Num","DB50.DBB3138",Byte,1,RO,100,,,,,,,,,,"M5105已取数量",
"M5105.State.LastOne","DB50.DBX3133.4",Boolean,1,RO,100,,,,,,,,,,"M5105强制推盘",
"M5105.State.Load","DB70.DBX209.5",Boolean,1,RO,100,,,,,,,,,,"M5105负载",
"M5105.State.MD_State1","DB50.DINT3140",Long,1,RO,100,,,,,,,,,,"M5105码垛状态1",
"M5105.State.MD_State2","DB50.DBB3144",Byte,1,RO,100,,,,,,,,,,"M5105码垛状态2",
"M5105.State.Need_Num","DB50.DBB3137",Byte,1,RO,100,,,,,,,,,,"M5105要取数量",
"M5105.State.PH1","I23.2",Boolean,1,RO,100,,,,,,,,,,"5105对射保护光电",
"M5105.State.PH2","I23.4",Boolean,1,RO,100,,,,,,,,,,"5105到位光电2",
"M5105.State.PH3","I23.6",Boolean,1,RO,100,,,,,,,,,,"5105到位光电3",
"M5105.State.ReversalRun","DB70.DBX209.7",Boolean,1,RO,100,,,,,,,,,,"M5105反转运行",
"M5105.State.Runing","DB70.DBX208.0",Boolean,1,RO,100,,,,,,,,,,"M5105设备运行标志",
"M5105.State.SelectPlace","DB70.DBX208.7",Boolean,1,RO,100,,,,,,,,,,"M5105选中位",
"M5105.State.YX_DX","DB50.DBB3135",Byte,1,RO,100,,,,,,,,,,"M5105码垛垛型",
"M5105.State.YX_Num","DB50.DBB3136",Byte,1,RO,100,,,,,,,,,,"M5105烟箱数量",
"M5105.State.YX_Type","DB50.DBB3134",Byte,1,RO,100,,,,,,,,,,"M5105烟箱类型",
"M5105.Task.Code","DB50.DINT3122",Long,1,RO,100,,,,,,,,,,"M5105托盘条码",
"M5105.Task.DestSta","DB50.DBW3130",Short,1,RO,100,,,,,,,,,,"M5105目标地址",
"M5105.Task.StartSta","DB50.DBW3128",Short,1,RO,100,,,,,,,,,,"M5105起始地址",
"M5105.Task.Task","DB50.DBW3120",Short,1,RO,100,,,,,,,,,,"M5105任务号",
"M5105.Task.TpType","DB50.DBW3126",Short,1,RO,100,,,,,,,,,,"M5105货物类型",
"M5106.Alarm.B_Fault","DB50.DBX3162.4",Boolean,1,RO,100,,,,,,,,,,"M5106后超长",
"M5106.Alarm.DriveFault","DB70.DBX210.2",Boolean,1,RO,100,,,,,,,,,,"M5106驱动器故障",
"M5106.Alarm.EstopFault","DB70.DBX211.3",Boolean,1,RO,100,,,,,,,,,,"M5106急停故障",
"M5106.Alarm.F_Fault","DB50.DBX3162.3",Boolean,1,RO,100,,,,,,,,,,"M5106前超长",
"M5106.Alarm.H_Fault","DB50.DBX3162.2",Boolean,1,RO,100,,,,,,,,,,"M5106超高",
"M5106.Alarm.L_Fault","DB50.DBX3162.5",Boolean,1,RO,100,,,,,,,,,,"M5106左超宽",
"M5106.Alarm.LS_Fault","DB70.DBX211.2",Boolean,1,RO,100,,,,,,,,,,"M5106限位故障",
"M5106.Alarm.NoRead","DB50.DBX3163.1",Boolean,1,RO,100,,,,,,,,,,"M5106条码未读出",
"M5106.Alarm.OutSideFault","DB70.DBX211.1",Boolean,1,RO,100,,,,,,,,,,"M5106货物超边故障",
"M5106.Alarm.PH_Fault","DB70.DBX210.6",Boolean,1,RO,100,,,,,,,,,,"M5106光电管异常",
"M5106.Alarm.QF_Fault","DB70.DBX210.4",Boolean,1,RO,100,,,,,,,,,,"M5106空开故障",
"M5106.Alarm.QS_Fault","DB70.DBX210.5",Boolean,1,RO,100,,,,,,,,,,"M5106隔离开关故障",
"M5106.Alarm.R_Fault","DB50.DBX3162.6",Boolean,1,RO,100,,,,,,,,,,"M5106右超宽",
"M5106.Alarm.RFID_ReadFault","DB50.DBX3163.3",Boolean,1,RO,100,,,,,,,,,,"M5106RFID读取错误",
"M5106.Alarm.RFID_WriteFault","DB50.DBX3163.2",Boolean,1,RO,100,,,,,,,,,,"M5106RFID写入错误",
"M5106.Alarm.TimeOutFault","DB70.DBX210.3",Boolean,1,RO,100,,,,,,,,,,"M5106超时故障",
"M5106.Alarm.TM_JY_Fault","DB50.DBX3163.0",Boolean,1,RO,100,,,,,,,,,,"M5106条码校验故障",
"M5106.Alarm.TotalFault","DB70.DBX210.1",Boolean,1,RO,100,,,,,,,,,,"M5106总故障",
"M5106.Alarm.WX_Fault","DB50.DBX3162.1",Boolean,1,RO,100,,,,,,,,,,"M5106外形故障",
"M5106.Alarm.WX_TM_Fault","DB50.DBX3162.0",Boolean,1,RO,100,,,,,,,,,,"M5106外形条码总故障",
"M5106.State.Allow","DB50.DBB3169",Byte,1,RO,100,,,,,,,,,,"M5106允许拆盘",
"M5106.State.ForwardRun","DB70.DBX211.6",Boolean,1,RO,100,,,,,,,,,,"M5106正转运行",
"M5106.State.Get_Num","DB50.DBB3168",Byte,1,RO,100,,,,,,,,,,"M5106已取数量",
"M5106.State.LastOne","DB50.DBX3163.4",Boolean,1,RO,100,,,,,,,,,,"M5106强制推盘",
"M5106.State.Load","DB70.DBX211.5",Boolean,1,RO,100,,,,,,,,,,"M5106负载",
"M5106.State.MD_State1","DB50.DINT3170",Long,1,RO,100,,,,,,,,,,"M5106码垛状态1",
"M5106.State.MD_State2","DB50.DBB3174",Byte,1,RO,100,,,,,,,,,,"M5106码垛状态2",
"M5106.State.Need_Num","DB50.DBB3167",Byte,1,RO,100,,,,,,,,,,"M5106要取数量",
"M5106.State.PH1","I23.3",Boolean,1,RO,100,,,,,,,,,,"5106到位光电1",
"M5106.State.PH2","I23.5",Boolean,1,RO,100,,,,,,,,,,"5106到位光电2",
"M5106.State.PH3","I23.7",Boolean,1,RO,100,,,,,,,,,,"5106到位光电3",
"M5106.State.ReversalRun","DB70.DBX211.7",Boolean,1,RO,100,,,,,,,,,,"M5106反转运行",
"M5106.State.Runing","DB70.DBX210.0",Boolean,1,RO,100,,,,,,,,,,"M5106设备运行标志",
"M5106.State.SelectPlace","DB70.DBX210.7",Boolean,1,RO,100,,,,,,,,,,"M5106选中位",
"M5106.State.YX_DX","DB50.DBB3165",Byte,1,RO,100,,,,,,,,,,"M5106码垛垛型",
"M5106.State.YX_Num","DB50.DBB3166",Byte,1,RO,100,,,,,,,,,,"M5106烟箱数量",
"M5106.State.YX_Type","DB50.DBB3164",Byte,1,RO,100,,,,,,,,,,"M5106烟箱类型",
"M5106.Task.Code","DB50.DINT3152",Long,1,RO,100,,,,,,,,,,"M5106托盘条码",
"M5106.Task.DestSta","DB50.DBW3160",Short,1,RO,100,,,,,,,,,,"M5106目标地址",
"M5106.Task.StartSta","DB50.DBW3158",Short,1,RO,100,,,,,,,,,,"M5106起始地址",
"M5106.Task.Task","DB50.DBW3150",Short,1,RO,100,,,,,,,,,,"M5106任务号",
"M5106.Task.TpType","DB50.DBW3156",Short,1,RO,100,,,,,,,,,,"M5106货物类型",
"M5107.Alarm.B_Fault","DB50.DBX3192.4",Boolean,1,RO,100,,,,,,,,,,"M5107后超长",
"M5107.Alarm.DriveFault","DB70.DBX212.2",Boolean,1,RO,100,,,,,,,,,,"M5107驱动器故障",
"M5107.Alarm.EstopFault","DB70.DBX213.3",Boolean,1,RO,100,,,,,,,,,,"M5107急停故障",
"M5107.Alarm.F_Fault","DB50.DBX3192.3",Boolean,1,RO,100,,,,,,,,,,"M5107前超长",
"M5107.Alarm.H_Fault","DB50.DBX3192.2",Boolean,1,RO,100,,,,,,,,,,"M5107超高",
"M5107.Alarm.L_Fault","DB50.DBX3192.5",Boolean,1,RO,100,,,,,,,,,,"M5107左超宽",
"M5107.Alarm.LS_Fault","DB70.DBX213.2",Boolean,1,RO,100,,,,,,,,,,"M5107限位故障",
"M5107.Alarm.NoRead","DB50.DBX3193.1",Boolean,1,RO,100,,,,,,,,,,"M5107条码未读出",
"M5107.Alarm.OutSideFault","DB70.DBX213.1",Boolean,1,RO,100,,,,,,,,,,"M5107货物超边故障",
"M5107.Alarm.PH_Fault","DB70.DBX212.6",Boolean,1,RO,100,,,,,,,,,,"M5107光电管异常",
"M5107.Alarm.QF_Fault","DB70.DBX212.4",Boolean,1,RO,100,,,,,,,,,,"M5107空开故障",
"M5107.Alarm.QS_Fault","DB70.DBX212.5",Boolean,1,RO,100,,,,,,,,,,"M5107隔离开关故障",
"M5107.Alarm.R_Fault","DB50.DBX3192.6",Boolean,1,RO,100,,,,,,,,,,"M5107右超宽",
"M5107.Alarm.RFID_ReadFault","DB50.DBX3193.3",Boolean,1,RO,100,,,,,,,,,,"M5107RFID读取错误",
"M5107.Alarm.RFID_WriteFault","DB50.DBX3193.2",Boolean,1,RO,100,,,,,,,,,,"M5107RFID写入错误",
"M5107.Alarm.TimeOutFault","DB70.DBX212.3",Boolean,1,RO,100,,,,,,,,,,"M5107超时故障",
"M5107.Alarm.TM_JY_Fault","DB50.DBX3193.0",Boolean,1,RO,100,,,,,,,,,,"M5107条码校验故障",
"M5107.Alarm.TotalFault","DB70.DBX212.1",Boolean,1,RO,100,,,,,,,,,,"M5107总故障",
"M5107.Alarm.WX_Fault","DB50.DBX3192.1",Boolean,1,RO,100,,,,,,,,,,"M5107外形故障",
"M5107.Alarm.WX_TM_Fault","DB50.DBX3192.0",Boolean,1,RO,100,,,,,,,,,,"M5107外形条码总故障",
"M5107.State.Allow","DB50.DBB3199",Byte,1,RO,100,,,,,,,,,,"M5107允许拆盘",
"M5107.State.ForwardRun","DB70.DBX213.6",Boolean,1,RO,100,,,,,,,,,,"M5107正转运行",
"M5107.State.Get_Num","DB50.DBB3198",Byte,1,RO,100,,,,,,,,,,"M5107已取数量",
"M5107.State.LastOne","DB50.DBX3193.4",Boolean,1,RO,100,,,,,,,,,,"M5107强制推盘",
"M5107.State.Load","DB70.DBX213.5",Boolean,1,RO,100,,,,,,,,,,"M5107负载",
"M5107.State.MD_State1","DB50.DINT3200",Long,1,RO,100,,,,,,,,,,"M5107码垛状态1",
"M5107.State.MD_State2","DB50.DBB3204",Byte,1,RO,100,,,,,,,,,,"M5107码垛状态2",
"M5107.State.Need_Num","DB50.DBB3197",Byte,1,RO,100,,,,,,,,,,"M5107要取数量",
"M5107.State.PH1","I29.2",Boolean,1,RO,100,,,,,,,,,,"5107到位光电1",
"M5107.State.PH2","I29.4",Boolean,1,RO,100,,,,,,,,,,"5107到位光电2",
"M5107.State.ReversalRun","DB70.DBX213.7",Boolean,1,RO,100,,,,,,,,,,"M5107反转运行",
"M5107.State.Runing","DB70.DBX212.0",Boolean,1,RO,100,,,,,,,,,,"M5107设备运行标志",
"M5107.State.SelectPlace","DB70.DBX212.7",Boolean,1,RO,100,,,,,,,,,,"M5107选中位",
"M5107.State.YX_DX","DB50.DBB3195",Byte,1,RO,100,,,,,,,,,,"M5107码垛垛型",
"M5107.State.YX_Num","DB50.DBB3196",Byte,1,RO,100,,,,,,,,,,"M5107烟箱数量",
"M5107.State.YX_Type","DB50.DBB3194",Byte,1,RO,100,,,,,,,,,,"M5107烟箱类型",
"M5107.Task.Code","DB50.DINT3182",Long,1,RO,100,,,,,,,,,,"M5107托盘条码",
"M5107.Task.DestSta","DB50.DBW3190",Short,1,RO,100,,,,,,,,,,"M5107目标地址",
"M5107.Task.StartSta","DB50.DBW3188",Short,1,RO,100,,,,,,,,,,"M5107起始地址",
"M5107.Task.Task","DB50.DBW3180",Short,1,RO,100,,,,,,,,,,"M5107任务号",
"M5107.Task.TpType","DB50.DBW3186",Short,1,RO,100,,,,,,,,,,"M5107货物类型",
"M5108.Alarm.B_Fault","DB50.DBX3222.4",Boolean,1,RO,100,,,,,,,,,,"M5108后超长",
"M5108.Alarm.DriveFault","DB70.DBX214.2",Boolean,1,RO,100,,,,,,,,,,"M5108驱动器故障",
"M5108.Alarm.EstopFault","DB70.DBX215.3",Boolean,1,RO,100,,,,,,,,,,"M5108急停故障",
"M5108.Alarm.F_Fault","DB50.DBX3222.3",Boolean,1,RO,100,,,,,,,,,,"M5108前超长",
"M5108.Alarm.H_Fault","DB50.DBX3222.2",Boolean,1,RO,100,,,,,,,,,,"M5108超高",
"M5108.Alarm.L_Fault","DB50.DBX3222.5",Boolean,1,RO,100,,,,,,,,,,"M5108左超宽",
"M5108.Alarm.LS_Fault","DB70.DBX215.2",Boolean,1,RO,100,,,,,,,,,,"M5108限位故障",
"M5108.Alarm.NoRead","DB50.DBX3223.1",Boolean,1,RO,100,,,,,,,,,,"M5108条码未读出",
"M5108.Alarm.OutSideFault","DB70.DBX215.1",Boolean,1,RO,100,,,,,,,,,,"M5108货物超边故障",
"M5108.Alarm.PH_Fault","DB70.DBX214.6",Boolean,1,RO,100,,,,,,,,,,"M5108光电管异常",
"M5108.Alarm.QF_Fault","DB70.DBX214.4",Boolean,1,RO,100,,,,,,,,,,"M5108空开故障",
"M5108.Alarm.QS_Fault","DB70.DBX214.5",Boolean,1,RO,100,,,,,,,,,,"M5108隔离开关故障",
"M5108.Alarm.R_Fault","DB50.DBX3222.6",Boolean,1,RO,100,,,,,,,,,,"M5108右超宽",
"M5108.Alarm.RFID_ReadFault","DB50.DBX3223.3",Boolean,1,RO,100,,,,,,,,,,"M5108RFID读取错误",
"M5108.Alarm.RFID_WriteFault","DB50.DBX3223.2",Boolean,1,RO,100,,,,,,,,,,"M5108RFID写入错误",
"M5108.Alarm.TimeOutFault","DB70.DBX214.3",Boolean,1,RO,100,,,,,,,,,,"M5108超时故障",
"M5108.Alarm.TM_JY_Fault","DB50.DBX3223.0",Boolean,1,RO,100,,,,,,,,,,"M5108条码校验故障",
"M5108.Alarm.TotalFault","DB70.DBX214.1",Boolean,1,RO,100,,,,,,,,,,"M5108总故障",
"M5108.Alarm.WX_Fault","DB50.DBX3222.1",Boolean,1,RO,100,,,,,,,,,,"M5108外形故障",
"M5108.Alarm.WX_TM_Fault","DB50.DBX3222.0",Boolean,1,RO,100,,,,,,,,,,"M5108外形条码总故障",
"M5108.State.Allow","DB50.DBB3229",Byte,1,RO,100,,,,,,,,,,"M5108允许拆盘",
"M5108.State.ForwardRun","DB70.DBX215.6",Boolean,1,RO,100,,,,,,,,,,"M5108正转运行",
"M5108.State.Get_Num","DB50.DBB3228",Byte,1,RO,100,,,,,,,,,,"M5108已取数量",
"M5108.State.LastOne","DB50.DBX3223.4",Boolean,1,RO,100,,,,,,,,,,"M5108强制推盘",
"M5108.State.Load","DB70.DBX215.5",Boolean,1,RO,100,,,,,,,,,,"M5108负载",
"M5108.State.MD_State1","DB50.DINT3230",Long,1,RO,100,,,,,,,,,,"M5108码垛状态1",
"M5108.State.MD_State2","DB50.DBB3234",Byte,1,RO,100,,,,,,,,,,"M5108码垛状态2",
"M5108.State.Need_Num","DB50.DBB3227",Byte,1,RO,100,,,,,,,,,,"M5108要取数量",
"M5108.State.PH1","I26.2",Boolean,1,RO,100,,,,,,,,,,"5108到位光电1",
"M5108.State.PH2","I26.4",Boolean,1,RO,100,,,,,,,,,,"5108到位光电2",
"M5108.State.PH3","I26.6",Boolean,1,RO,100,,,,,,,,,,"5108对射保护光电",
"M5108.State.ReversalRun","DB70.DBX215.7",Boolean,1,RO,100,,,,,,,,,,"M5108反转运行",
"M5108.State.Runing","DB70.DBX214.0",Boolean,1,RO,100,,,,,,,,,,"M5108设备运行标志",
"M5108.State.SelectPlace","DB70.DBX214.7",Boolean,1,RO,100,,,,,,,,,,"M5108选中位",
"M5108.State.YX_DX","DB50.DBB3225",Byte,1,RO,100,,,,,,,,,,"M5108码垛垛型",
"M5108.State.YX_Num","DB50.DBB3226",Byte,1,RO,100,,,,,,,,,,"M5108烟箱数量",
"M5108.State.YX_Type","DB50.DBB3224",Byte,1,RO,100,,,,,,,,,,"M5108烟箱类型",
"M5108.Task.Code","DB50.DINT3212",Long,1,RO,100,,,,,,,,,,"M5108托盘条码",
"M5108.Task.DestSta","DB50.DBW3220",Short,1,RO,100,,,,,,,,,,"M5108目标地址",
"M5108.Task.StartSta","DB50.DBW3218",Short,1,RO,100,,,,,,,,,,"M5108起始地址",
"M5108.Task.Task","DB50.DBW3210",Short,1,RO,100,,,,,,,,,,"M5108任务号",
"M5108.Task.TpType","DB50.DBW3216",Short,1,RO,100,,,,,,,,,,"M5108货物类型",
"M5109.Alarm.B_Fault","DB50.DBX3252.4",Boolean,1,RO,100,,,,,,,,,,"M5109后超长",
"M5109.Alarm.DriveFault","DB70.DBX216.2",Boolean,1,RO,100,,,,,,,,,,"M5109驱动器故障",
"M5109.Alarm.EstopFault","DB70.DBX217.3",Boolean,1,RO,100,,,,,,,,,,"M5109急停故障",
"M5109.Alarm.F_Fault","DB50.DBX3252.3",Boolean,1,RO,100,,,,,,,,,,"M5109前超长",
"M5109.Alarm.H_Fault","DB50.DBX3252.2",Boolean,1,RO,100,,,,,,,,,,"M5109超高",
"M5109.Alarm.L_Fault","DB50.DBX3252.5",Boolean,1,RO,100,,,,,,,,,,"M5109左超宽",
"M5109.Alarm.LS_Fault","DB70.DBX217.2",Boolean,1,RO,100,,,,,,,,,,"M5109限位故障",
"M5109.Alarm.NoRead","DB50.DBX3253.1",Boolean,1,RO,100,,,,,,,,,,"M5109条码未读出",
"M5109.Alarm.OutSideFault","DB70.DBX217.1",Boolean,1,RO,100,,,,,,,,,,"M5109货物超边故障",
"M5109.Alarm.PH_Fault","DB70.DBX216.6",Boolean,1,RO,100,,,,,,,,,,"M5109光电管异常",
"M5109.Alarm.QF_Fault","DB70.DBX216.4",Boolean,1,RO,100,,,,,,,,,,"M5109空开故障",
"M5109.Alarm.QS_Fault","DB70.DBX216.5",Boolean,1,RO,100,,,,,,,,,,"M5109隔离开关故障",
"M5109.Alarm.R_Fault","DB50.DBX3252.6",Boolean,1,RO,100,,,,,,,,,,"M5109右超宽",
"M5109.Alarm.RFID_ReadFault","DB50.DBX3253.3",Boolean,1,RO,100,,,,,,,,,,"M5109RFID读取错误",
"M5109.Alarm.RFID_WriteFault","DB50.DBX3253.2",Boolean,1,RO,100,,,,,,,,,,"M5109RFID写入错误",
"M5109.Alarm.TimeOutFault","DB70.DBX216.3",Boolean,1,RO,100,,,,,,,,,,"M5109超时故障",
"M5109.Alarm.TM_JY_Fault","DB50.DBX3253.0",Boolean,1,RO,100,,,,,,,,,,"M5109条码校验故障",
"M5109.Alarm.TotalFault","DB70.DBX216.1",Boolean,1,RO,100,,,,,,,,,,"M5109总故障",
"M5109.Alarm.WX_Fault","DB50.DBX3252.1",Boolean,1,RO,100,,,,,,,,,,"M5109外形故障",
"M5109.Alarm.WX_TM_Fault","DB50.DBX3252.0",Boolean,1,RO,100,,,,,,,,,,"M5109外形条码总故障",
"M5109.State.Allow","DB50.DBB3259",Byte,1,RO,100,,,,,,,,,,"M5109允许拆盘",
"M5109.State.ForwardRun","DB70.DBX217.6",Boolean,1,RO,100,,,,,,,,,,"M5109正转运行",
"M5109.State.Get_Num","DB50.DBB3258",Byte,1,RO,100,,,,,,,,,,"M5109已取数量",
"M5109.State.LastOne","DB50.DBX3253.4",Boolean,1,RO,100,,,,,,,,,,"M5109强制推盘",
"M5109.State.Load","DB70.DBX217.5",Boolean,1,RO,100,,,,,,,,,,"M5109负载",
"M5109.State.MD_State1","DB50.DINT3260",Long,1,RO,100,,,,,,,,,,"M5109码垛状态1",
"M5109.State.MD_State2","DB50.DBB3264",Byte,1,RO,100,,,,,,,,,,"M5109码垛状态2",
"M5109.State.Need_Num","DB50.DBB3257",Byte,1,RO,100,,,,,,,,,,"M5109要取数量",
"M5109.State.PH1","I26.3",Boolean,1,RO,100,,,,,,,,,,"5109对射保护光电",
"M5109.State.PH2","I26.5",Boolean,1,RO,100,,,,,,,,,,"5109到位光电2",
"M5109.State.PH3","I26.7",Boolean,1,RO,100,,,,,,,,,,"5109到位光电3",
"M5109.State.ReversalRun","DB70.DBX217.7",Boolean,1,RO,100,,,,,,,,,,"M5109反转运行",
"M5109.State.Runing","DB70.DBX216.0",Boolean,1,RO,100,,,,,,,,,,"M5109设备运行标志",
"M5109.State.SelectPlace","DB70.DBX216.7",Boolean,1,RO,100,,,,,,,,,,"M5109选中位",
"M5109.State.YX_DX","DB50.DBB3255",Byte,1,RO,100,,,,,,,,,,"M5109码垛垛型",
"M5109.State.YX_Num","DB50.DBB3256",Byte,1,RO,100,,,,,,,,,,"M5109烟箱数量",
"M5109.State.YX_Type","DB50.DBB3254",Byte,1,RO,100,,,,,,,,,,"M5109烟箱类型",
"M5109.Task.Code","DB50.DINT3242",Long,1,RO,100,,,,,,,,,,"M5109托盘条码",
"M5109.Task.DestSta","DB50.DBW3250",Short,1,RO,100,,,,,,,,,,"M5109目标地址",
"M5109.Task.StartSta","DB50.DBW3248",Short,1,RO,100,,,,,,,,,,"M5109起始地址",
"M5109.Task.Task","DB50.DBW3240",Short,1,RO,100,,,,,,,,,,"M5109任务号",
"M5109.Task.TpType","DB50.DBW3246",Short,1,RO,100,,,,,,,,,,"M5109货物类型",
"M5110.Alarm.B_Fault","DB50.DBX3282.4",Boolean,1,RO,100,,,,,,,,,,"M5110后超长",
"M5110.Alarm.DriveFault","DB70.DBX218.2",Boolean,1,RO,100,,,,,,,,,,"M5110驱动器故障",
"M5110.Alarm.EstopFault","DB70.DBX219.3",Boolean,1,RO,100,,,,,,,,,,"M5110急停故障",
"M5110.Alarm.F_Fault","DB50.DBX3282.3",Boolean,1,RO,100,,,,,,,,,,"M5110前超长",
"M5110.Alarm.H_Fault","DB50.DBX3282.2",Boolean,1,RO,100,,,,,,,,,,"M5110超高",
"M5110.Alarm.L_Fault","DB50.DBX3282.5",Boolean,1,RO,100,,,,,,,,,,"M5110左超宽",
"M5110.Alarm.LS_Fault","DB70.DBX219.2",Boolean,1,RO,100,,,,,,,,,,"M5110限位故障",
"M5110.Alarm.NoRead","DB50.DBX3283.1",Boolean,1,RO,100,,,,,,,,,,"M5110条码未读出",
"M5110.Alarm.OutSideFault","DB70.DBX219.1",Boolean,1,RO,100,,,,,,,,,,"M5110货物超边故障",
"M5110.Alarm.PH_Fault","DB70.DBX218.6",Boolean,1,RO,100,,,,,,,,,,"M5110光电管异常",
"M5110.Alarm.QF_Fault","DB70.DBX218.4",Boolean,1,RO,100,,,,,,,,,,"M5110空开故障",
"M5110.Alarm.QS_Fault","DB70.DBX218.5",Boolean,1,RO,100,,,,,,,,,,"M5110隔离开关故障",
"M5110.Alarm.R_Fault","DB50.DBX3282.6",Boolean,1,RO,100,,,,,,,,,,"M5110右超宽",
"M5110.Alarm.RFID_ReadFault","DB50.DBX3283.3",Boolean,1,RO,100,,,,,,,,,,"M5110RFID读取错误",
"M5110.Alarm.RFID_WriteFault","DB50.DBX3283.2",Boolean,1,RO,100,,,,,,,,,,"M5110RFID写入错误",
"M5110.Alarm.TimeOutFault","DB70.DBX218.3",Boolean,1,RO,100,,,,,,,,,,"M5110超时故障",
"M5110.Alarm.TM_JY_Fault","DB50.DBX3283.0",Boolean,1,RO,100,,,,,,,,,,"M5110条码校验故障",
"M5110.Alarm.TotalFault","DB70.DBX218.1",Boolean,1,RO,100,,,,,,,,,,"M5110总故障",
"M5110.Alarm.WX_Fault","DB50.DBX3282.1",Boolean,1,RO,100,,,,,,,,,,"M5110外形故障",
"M5110.Alarm.WX_TM_Fault","DB50.DBX3282.0",Boolean,1,RO,100,,,,,,,,,,"M5110外形条码总故障",
"M5110.State.Allow","DB50.DBB3289",Byte,1,RO,100,,,,,,,,,,"M5110允许拆盘",
"M5110.State.ForwardRun","DB70.DBX219.6",Boolean,1,RO,100,,,,,,,,,,"M5110正转运行",
"M5110.State.Get_Num","DB50.DBB3288",Byte,1,RO,100,,,,,,,,,,"M5110已取数量",
"M5110.State.LastOne","DB50.DBX3283.4",Boolean,1,RO,100,,,,,,,,,,"M5110强制推盘",
"M5110.State.Load","DB70.DBX219.5",Boolean,1,RO,100,,,,,,,,,,"M5110负载",
"M5110.State.MD_State1","DB50.DINT3290",Long,1,RO,100,,,,,,,,,,"M5110码垛状态1",
"M5110.State.MD_State2","DB50.DBB3294",Byte,1,RO,100,,,,,,,,,,"M5110码垛状态2",
"M5110.State.Need_Num","DB50.DBB3287",Byte,1,RO,100,,,,,,,,,,"M5110要取数量",
"M5110.State.PH1","I27.2",Boolean,1,RO,100,,,,,,,,,,"5110到位光电1",
"M5110.State.PH2","I27.4",Boolean,1,RO,100,,,,,,,,,,"5110到位光电2",
"M5110.State.PH3","I27.6",Boolean,1,RO,100,,,,,,,,,,"5110到位光电3",
"M5110.State.ReversalRun","DB70.DBX219.7",Boolean,1,RO,100,,,,,,,,,,"M5110反转运行",
"M5110.State.Runing","DB70.DBX218.0",Boolean,1,RO,100,,,,,,,,,,"M5110设备运行标志",
"M5110.State.SelectPlace","DB70.DBX218.7",Boolean,1,RO,100,,,,,,,,,,"M5110选中位",
"M5110.State.YX_DX","DB50.DBB3285",Byte,1,RO,100,,,,,,,,,,"M5110码垛垛型",
"M5110.State.YX_Num","DB50.DBB3286",Byte,1,RO,100,,,,,,,,,,"M5110烟箱数量",
"M5110.State.YX_Type","DB50.DBB3284",Byte,1,RO,100,,,,,,,,,,"M5110烟箱类型",
"M5110.Task.Code","DB50.DINT3272",Long,1,RO,100,,,,,,,,,,"M5110托盘条码",
"M5110.Task.DestSta","DB50.DBW3280",Short,1,RO,100,,,,,,,,,,"M5110目标地址",
"M5110.Task.StartSta","DB50.DBW3278",Short,1,RO,100,,,,,,,,,,"M5110起始地址",
"M5110.Task.Task","DB50.DBW3270",Short,1,RO,100,,,,,,,,,,"M5110任务号",
"M5110.Task.TpType","DB50.DBW3276",Short,1,RO,100,,,,,,,,,,"M5110货物类型",
"M5111.Alarm.B_Fault","DB50.DBX3312.4",Boolean,1,RO,100,,,,,,,,,,"M5111后超长",
"M5111.Alarm.DriveFault","DB70.DBX220.2",Boolean,1,RO,100,,,,,,,,,,"M5111驱动器故障",
"M5111.Alarm.EstopFault","DB70.DBX221.3",Boolean,1,RO,100,,,,,,,,,,"M5111急停故障",
"M5111.Alarm.F_Fault","DB50.DBX3312.3",Boolean,1,RO,100,,,,,,,,,,"M5111前超长",
"M5111.Alarm.H_Fault","DB50.DBX3312.2",Boolean,1,RO,100,,,,,,,,,,"M5111超高",
"M5111.Alarm.L_Fault","DB50.DBX3312.5",Boolean,1,RO,100,,,,,,,,,,"M5111左超宽",
"M5111.Alarm.LS_Fault","DB70.DBX221.2",Boolean,1,RO,100,,,,,,,,,,"M5111限位故障",
"M5111.Alarm.NoRead","DB50.DBX3313.1",Boolean,1,RO,100,,,,,,,,,,"M5111条码未读出",
"M5111.Alarm.OutSideFault","DB70.DBX221.1",Boolean,1,RO,100,,,,,,,,,,"M5111货物超边故障",
"M5111.Alarm.PH_Fault","DB70.DBX220.6",Boolean,1,RO,100,,,,,,,,,,"M5111光电管异常",
"M5111.Alarm.QF_Fault","DB70.DBX220.4",Boolean,1,RO,100,,,,,,,,,,"M5111空开故障",
"M5111.Alarm.QS_Fault","DB70.DBX220.5",Boolean,1,RO,100,,,,,,,,,,"M5111隔离开关故障",
"M5111.Alarm.R_Fault","DB50.DBX3312.6",Boolean,1,RO,100,,,,,,,,,,"M5111右超宽",
"M5111.Alarm.RFID_ReadFault","DB50.DBX3313.3",Boolean,1,RO,100,,,,,,,,,,"M5111RFID读取错误",
"M5111.Alarm.RFID_WriteFault","DB50.DBX3313.2",Boolean,1,RO,100,,,,,,,,,,"M5111RFID写入错误",
"M5111.Alarm.TimeOutFault","DB70.DBX220.3",Boolean,1,RO,100,,,,,,,,,,"M5111超时故障",
"M5111.Alarm.TM_JY_Fault","DB50.DBX3313.0",Boolean,1,RO,100,,,,,,,,,,"M5111条码校验故障",
"M5111.Alarm.TotalFault","DB70.DBX220.1",Boolean,1,RO,100,,,,,,,,,,"M5111总故障",
"M5111.Alarm.WX_Fault","DB50.DBX3312.1",Boolean,1,RO,100,,,,,,,,,,"M5111外形故障",
"M5111.Alarm.WX_TM_Fault","DB50.DBX3312.0",Boolean,1,RO,100,,,,,,,,,,"M5111外形条码总故障",
"M5111.State.Allow","DB50.DBB3319",Byte,1,RO,100,,,,,,,,,,"M5111允许拆盘",
"M5111.State.ForwardRun","DB70.DBX221.6",Boolean,1,RO,100,,,,,,,,,,"M5111正转运行",
"M5111.State.Get_Num","DB50.DBB3318",Byte,1,RO,100,,,,,,,,,,"M5111已取数量",
"M5111.State.LastOne","DB50.DBX3313.4",Boolean,1,RO,100,,,,,,,,,,"M5111强制推盘",
"M5111.State.Load","DB70.DBX221.5",Boolean,1,RO,100,,,,,,,,,,"M5111负载",
"M5111.State.MD_State1","DB50.DINT3320",Long,1,RO,100,,,,,,,,,,"M5111码垛状态1",
"M5111.State.MD_State2","DB50.DBB3324",Byte,1,RO,100,,,,,,,,,,"M5111码垛状态2",
"M5111.State.Need_Num","DB50.DBB3317",Byte,1,RO,100,,,,,,,,,,"M5111要取数量",
"M5111.State.PH1","I27.3",Boolean,1,RO,100,,,,,,,,,,"5111到位光电1",
"M5111.State.PH2","I27.5",Boolean,1,RO,100,,,,,,,,,,"5111到位光电2",
"M5111.State.PH3","I27.7",Boolean,1,RO,100,,,,,,,,,,"5111对射保护光电",
"M5111.State.ReversalRun","DB70.DBX221.7",Boolean,1,RO,100,,,,,,,,,,"M5111反转运行",
"M5111.State.Runing","DB70.DBX220.0",Boolean,1,RO,100,,,,,,,,,,"M5111设备运行标志",
"M5111.State.SelectPlace","DB70.DBX220.7",Boolean,1,RO,100,,,,,,,,,,"M5111选中位",
"M5111.State.YX_DX","DB50.DBB3315",Byte,1,RO,100,,,,,,,,,,"M5111码垛垛型",
"M5111.State.YX_Num","DB50.DBB3316",Byte,1,RO,100,,,,,,,,,,"M5111烟箱数量",
"M5111.State.YX_Type","DB50.DBB3314",Byte,1,RO,100,,,,,,,,,,"M5111烟箱类型",
"M5111.Task.Code","DB50.DINT3302",Long,1,RO,100,,,,,,,,,,"M5111托盘条码",
"M5111.Task.DestSta","DB50.DBW3310",Short,1,RO,100,,,,,,,,,,"M5111目标地址",
"M5111.Task.StartSta","DB50.DBW3308",Short,1,RO,100,,,,,,,,,,"M5111起始地址",
"M5111.Task.Task","DB50.DBW3300",Short,1,RO,100,,,,,,,,,,"M5111任务号",
"M5111.Task.TpType","DB50.DBW3306",Short,1,RO,100,,,,,,,,,,"M5111货物类型",
"M5112.Alarm.B_Fault","DB50.DBX3342.4",Boolean,1,RO,100,,,,,,,,,,"M5112后超长",
"M5112.Alarm.DriveFault","DB70.DBX222.2",Boolean,1,RO,100,,,,,,,,,,"M5112驱动器故障",
"M5112.Alarm.EstopFault","DB70.DBX223.3",Boolean,1,RO,100,,,,,,,,,,"M5112急停故障",
"M5112.Alarm.F_Fault","DB50.DBX3342.3",Boolean,1,RO,100,,,,,,,,,,"M5112前超长",
"M5112.Alarm.H_Fault","DB50.DBX3342.2",Boolean,1,RO,100,,,,,,,,,,"M5112超高",
"M5112.Alarm.L_Fault","DB50.DBX3342.5",Boolean,1,RO,100,,,,,,,,,,"M5112左超宽",
"M5112.Alarm.LS_Fault","DB70.DBX223.2",Boolean,1,RO,100,,,,,,,,,,"M5112限位故障",
"M5112.Alarm.NoRead","DB50.DBX3343.1",Boolean,1,RO,100,,,,,,,,,,"M5112条码未读出",
"M5112.Alarm.OutSideFault","DB70.DBX223.1",Boolean,1,RO,100,,,,,,,,,,"M5112货物超边故障",
"M5112.Alarm.PH_Fault","DB70.DBX222.6",Boolean,1,RO,100,,,,,,,,,,"M5112光电管异常",
"M5112.Alarm.QF_Fault","DB70.DBX222.4",Boolean,1,RO,100,,,,,,,,,,"M5112空开故障",
"M5112.Alarm.QS_Fault","DB70.DBX222.5",Boolean,1,RO,100,,,,,,,,,,"M5112隔离开关故障",
"M5112.Alarm.R_Fault","DB50.DBX3342.6",Boolean,1,RO,100,,,,,,,,,,"M5112右超宽",
"M5112.Alarm.RFID_ReadFault","DB50.DBX3343.3",Boolean,1,RO,100,,,,,,,,,,"M5112RFID读取错误",
"M5112.Alarm.RFID_WriteFault","DB50.DBX3343.2",Boolean,1,RO,100,,,,,,,,,,"M5112RFID写入错误",
"M5112.Alarm.TimeOutFault","DB70.DBX222.3",Boolean,1,RO,100,,,,,,,,,,"M5112超时故障",
"M5112.Alarm.TM_JY_Fault","DB50.DBX3343.0",Boolean,1,RO,100,,,,,,,,,,"M5112条码校验故障",
"M5112.Alarm.TotalFault","DB70.DBX222.1",Boolean,1,RO,100,,,,,,,,,,"M5112总故障",
"M5112.Alarm.WX_Fault","DB50.DBX3342.1",Boolean,1,RO,100,,,,,,,,,,"M5112外形故障",
"M5112.Alarm.WX_TM_Fault","DB50.DBX3342.0",Boolean,1,RO,100,,,,,,,,,,"M5112外形条码总故障",
"M5112.State.Allow","DB50.DBB3349",Byte,1,RO,100,,,,,,,,,,"M5112允许拆盘",
"M5112.State.ForwardRun","DB70.DBX223.6",Boolean,1,RO,100,,,,,,,,,,"M5112正转运行",
"M5112.State.Get_Num","DB50.DBB3348",Byte,1,RO,100,,,,,,,,,,"M5112已取数量",
"M5112.State.LastOne","DB50.DBX3343.4",Boolean,1,RO,100,,,,,,,,,,"M5112强制推盘",
"M5112.State.Load","DB70.DBX223.5",Boolean,1,RO,100,,,,,,,,,,"M5112负载",
"M5112.State.MD_State1","DB50.DINT3350",Long,1,RO,100,,,,,,,,,,"M5112码垛状态1",
"M5112.State.MD_State2","DB50.DBB3354",Byte,1,RO,100,,,,,,,,,,"M5112码垛状态2",
"M5112.State.Need_Num","DB50.DBB3347",Byte,1,RO,100,,,,,,,,,,"M5112要取数量",
"M5112.State.PH1","I29.1",Boolean,1,RO,100,,,,,,,,,,"5112到位光电1",
"M5112.State.PH2","I29.3",Boolean,1,RO,100,,,,,,,,,,"5112到位光电2",
"M5112.State.ReversalRun","DB70.DBX223.7",Boolean,1,RO,100,,,,,,,,,,"M5112反转运行",
"M5112.State.Runing","DB70.DBX222.0",Boolean,1,RO,100,,,,,,,,,,"M5112设备运行标志",
"M5112.State.SelectPlace","DB70.DBX222.7",Boolean,1,RO,100,,,,,,,,,,"M5112选中位",
"M5112.State.YX_DX","DB50.DBB3345",Byte,1,RO,100,,,,,,,,,,"M5112码垛垛型",
"M5112.State.YX_Num","DB50.DBB3346",Byte,1,RO,100,,,,,,,,,,"M5112烟箱数量",
"M5112.State.YX_Type","DB50.DBB3344",Byte,1,RO,100,,,,,,,,,,"M5112烟箱类型",
"M5112.Task.Code","DB50.DINT3332",Long,1,RO,100,,,,,,,,,,"M5112托盘条码",
"M5112.Task.DestSta","DB50.DBW3340",Short,1,RO,100,,,,,,,,,,"M5112目标地址",
"M5112.Task.StartSta","DB50.DBW3338",Short,1,RO,100,,,,,,,,,,"M5112起始地址",
"M5112.Task.Task","DB50.DBW3330",Short,1,RO,100,,,,,,,,,,"M5112任务号",
"M5112.Task.TpType","DB50.DBW3336",Short,1,RO,100,,,,,,,,,,"M5112货物类型",
"M5113.Alarm.B_Fault","DB50.DBX3372.4",Boolean,1,RO,100,,,,,,,,,,"M5113后超长",
"M5113.Alarm.DriveFault","DB70.DBX224.2",Boolean,1,RO,100,,,,,,,,,,"M5113驱动器故障",
"M5113.Alarm.EstopFault","DB70.DBX225.3",Boolean,1,RO,100,,,,,,,,,,"M5113急停故障",
"M5113.Alarm.F_Fault","DB50.DBX3372.3",Boolean,1,RO,100,,,,,,,,,,"M5113前超长",
"M5113.Alarm.H_Fault","DB50.DBX3372.2",Boolean,1,RO,100,,,,,,,,,,"M5113超高",
"M5113.Alarm.L_Fault","DB50.DBX3372.5",Boolean,1,RO,100,,,,,,,,,,"M5113左超宽",
"M5113.Alarm.LS_Fault","DB70.DBX225.2",Boolean,1,RO,100,,,,,,,,,,"M5113限位故障",
"M5113.Alarm.NoRead","DB50.DBX3373.1",Boolean,1,RO,100,,,,,,,,,,"M5113条码未读出",
"M5113.Alarm.OutSideFault","DB70.DBX225.1",Boolean,1,RO,100,,,,,,,,,,"M5113货物超边故障",
"M5113.Alarm.PH_Fault","DB70.DBX224.6",Boolean,1,RO,100,,,,,,,,,,"M5113光电管异常",
"M5113.Alarm.QF_Fault","DB70.DBX224.4",Boolean,1,RO,100,,,,,,,,,,"M5113空开故障",
"M5113.Alarm.QS_Fault","DB70.DBX224.5",Boolean,1,RO,100,,,,,,,,,,"M5113隔离开关故障",
"M5113.Alarm.R_Fault","DB50.DBX3372.6",Boolean,1,RO,100,,,,,,,,,,"M5113右超宽",
"M5113.Alarm.RFID_ReadFault","DB50.DBX3373.3",Boolean,1,RO,100,,,,,,,,,,"M5113RFID读取错误",
"M5113.Alarm.RFID_WriteFault","DB50.DBX3373.2",Boolean,1,RO,100,,,,,,,,,,"M5113RFID写入错误",
"M5113.Alarm.TimeOutFault","DB70.DBX224.3",Boolean,1,RO,100,,,,,,,,,,"M5113超时故障",
"M5113.Alarm.TM_JY_Fault","DB50.DBX3373.0",Boolean,1,RO,100,,,,,,,,,,"M5113条码校验故障",
"M5113.Alarm.TotalFault","DB70.DBX224.1",Boolean,1,RO,100,,,,,,,,,,"M5113总故障",
"M5113.Alarm.WX_Fault","DB50.DBX3372.1",Boolean,1,RO,100,,,,,,,,,,"M5113外形故障",
"M5113.Alarm.WX_TM_Fault","DB50.DBX3372.0",Boolean,1,RO,100,,,,,,,,,,"M5113外形条码总故障",
"M5113.State.Allow","DB50.DBB3379",Byte,1,RO,100,,,,,,,,,,"M5113允许拆盘",
"M5113.State.ForwardRun","DB70.DBX225.6",Boolean,1,RO,100,,,,,,,,,,"M5113正转运行",
"M5113.State.Get_Num","DB50.DBB3378",Byte,1,RO,100,,,,,,,,,,"M5113已取数量",
"M5113.State.LastOne","DB50.DBX3373.4",Boolean,1,RO,100,,,,,,,,,,"M5113强制推盘",
"M5113.State.Load","DB70.DBX225.5",Boolean,1,RO,100,,,,,,,,,,"M5113负载",
"M5113.State.MD_State1","DB50.DINT3380",Long,1,RO,100,,,,,,,,,,"M5113码垛状态1",
"M5113.State.MD_State2","DB50.DBB3384",Byte,1,RO,100,,,,,,,,,,"M5113码垛状态2",
"M5113.State.Need_Num","DB50.DBB3377",Byte,1,RO,100,,,,,,,,,,"M5113要取数量",
"M5113.State.PH1","I28.2",Boolean,1,RO,100,,,,,,,,,,"5113对射保护光电",
"M5113.State.PH2","I28.4",Boolean,1,RO,100,,,,,,,,,,"5113到位光电2",
"M5113.State.PH3","I28.6",Boolean,1,RO,100,,,,,,,,,,"5113到位光电3",
"M5113.State.ReversalRun","DB70.DBX225.7",Boolean,1,RO,100,,,,,,,,,,"M5113反转运行",
"M5113.State.Runing","DB70.DBX224.0",Boolean,1,RO,100,,,,,,,,,,"M5113设备运行标志",
"M5113.State.SelectPlace","DB70.DBX224.7",Boolean,1,RO,100,,,,,,,,,,"M5113选中位",
"M5113.State.YX_DX","DB50.DBB3375",Byte,1,RO,100,,,,,,,,,,"M5113码垛垛型",
"M5113.State.YX_Num","DB50.DBB3376",Byte,1,RO,100,,,,,,,,,,"M5113烟箱数量",
"M5113.State.YX_Type","DB50.DBB3374",Byte,1,RO,100,,,,,,,,,,"M5113烟箱类型",
"M5113.Task.Code","DB50.DINT3362",Long,1,RO,100,,,,,,,,,,"M5113托盘条码",
"M5113.Task.DestSta","DB50.DBW3370",Short,1,RO,100,,,,,,,,,,"M5113目标地址",
"M5113.Task.StartSta","DB50.DBW3368",Short,1,RO,100,,,,,,,,,,"M5113起始地址",
"M5113.Task.Task","DB50.DBW3360",Short,1,RO,100,,,,,,,,,,"M5113任务号",
"M5113.Task.TpType","DB50.DBW3366",Short,1,RO,100,,,,,,,,,,"M5113货物类型",
"M5114.Alarm.B_Fault","DB50.DBX3402.4",Boolean,1,RO,100,,,,,,,,,,"M5114后超长",
"M5114.Alarm.DriveFault","DB70.DBX226.2",Boolean,1,RO,100,,,,,,,,,,"M5114驱动器故障",
"M5114.Alarm.EstopFault","DB70.DBX227.3",Boolean,1,RO,100,,,,,,,,,,"M5114急停故障",
"M5114.Alarm.F_Fault","DB50.DBX3402.3",Boolean,1,RO,100,,,,,,,,,,"M5114前超长",
"M5114.Alarm.H_Fault","DB50.DBX3402.2",Boolean,1,RO,100,,,,,,,,,,"M5114超高",
"M5114.Alarm.L_Fault","DB50.DBX3402.5",Boolean,1,RO,100,,,,,,,,,,"M5114左超宽",
"M5114.Alarm.LS_Fault","DB70.DBX227.2",Boolean,1,RO,100,,,,,,,,,,"M5114限位故障",
"M5114.Alarm.NoRead","DB50.DBX3403.1",Boolean,1,RO,100,,,,,,,,,,"M5114条码未读出",
"M5114.Alarm.OutSideFault","DB70.DBX227.1",Boolean,1,RO,100,,,,,,,,,,"M5114货物超边故障",
"M5114.Alarm.PH_Fault","DB70.DBX226.6",Boolean,1,RO,100,,,,,,,,,,"M5114光电管异常",
"M5114.Alarm.QF_Fault","DB70.DBX226.4",Boolean,1,RO,100,,,,,,,,,,"M5114空开故障",
"M5114.Alarm.QS_Fault","DB70.DBX226.5",Boolean,1,RO,100,,,,,,,,,,"M5114隔离开关故障",
"M5114.Alarm.R_Fault","DB50.DBX3402.6",Boolean,1,RO,100,,,,,,,,,,"M5114右超宽",
"M5114.Alarm.RFID_ReadFault","DB50.DBX3403.3",Boolean,1,RO,100,,,,,,,,,,"M5114RFID读取错误",
"M5114.Alarm.RFID_WriteFault","DB50.DBX3403.2",Boolean,1,RO,100,,,,,,,,,,"M5114RFID写入错误",
"M5114.Alarm.TimeOutFault","DB70.DBX226.3",Boolean,1,RO,100,,,,,,,,,,"M5114超时故障",
"M5114.Alarm.TM_JY_Fault","DB50.DBX3403.0",Boolean,1,RO,100,,,,,,,,,,"M5114条码校验故障",
"M5114.Alarm.TotalFault","DB70.DBX226.1",Boolean,1,RO,100,,,,,,,,,,"M5114总故障",
"M5114.Alarm.WX_Fault","DB50.DBX3402.1",Boolean,1,RO,100,,,,,,,,,,"M5114外形故障",
"M5114.Alarm.WX_TM_Fault","DB50.DBX3402.0",Boolean,1,RO,100,,,,,,,,,,"M5114外形条码总故障",
"M5114.State.Allow","DB50.DBB3409",Byte,1,RO,100,,,,,,,,,,"M5114允许拆盘",
"M5114.State.ForwardRun","DB70.DBX227.6",Boolean,1,RO,100,,,,,,,,,,"M5114正转运行",
"M5114.State.Get_Num","DB50.DBB3408",Byte,1,RO,100,,,,,,,,,,"M5114已取数量",
"M5114.State.LastOne","DB50.DBX3403.4",Boolean,1,RO,100,,,,,,,,,,"M5114强制推盘",
"M5114.State.Load","DB70.DBX227.5",Boolean,1,RO,100,,,,,,,,,,"M5114负载",
"M5114.State.MD_State1","DB50.DINT3410",Long,1,RO,100,,,,,,,,,,"M5114码垛状态1",
"M5114.State.MD_State2","DB50.DBB3414",Byte,1,RO,100,,,,,,,,,,"M5114码垛状态2",
"M5114.State.Need_Num","DB50.DBB3407",Byte,1,RO,100,,,,,,,,,,"M5114要取数量",
"M5114.State.PH1","I28.3",Boolean,1,RO,100,,,,,,,,,,"5114到位光电1",
"M5114.State.PH2","I28.5",Boolean,1,RO,100,,,,,,,,,,"5114到位光电2",
"M5114.State.PH3","I28.7",Boolean,1,RO,100,,,,,,,,,,"5114到位光电3",
"M5114.State.ReversalRun","DB70.DBX227.7",Boolean,1,RO,100,,,,,,,,,,"M5114反转运行",
"M5114.State.Runing","DB70.DBX226.0",Boolean,1,RO,100,,,,,,,,,,"M5114设备运行标志",
"M5114.State.SelectPlace","DB70.DBX226.7",Boolean,1,RO,100,,,,,,,,,,"M5114选中位",
"M5114.State.YX_DX","DB50.DBB3405",Byte,1,RO,100,,,,,,,,,,"M5114码垛垛型",
"M5114.State.YX_Num","DB50.DBB3406",Byte,1,RO,100,,,,,,,,,,"M5114烟箱数量",
"M5114.State.YX_Type","DB50.DBB3404",Byte,1,RO,100,,,,,,,,,,"M5114烟箱类型",
"M5114.Task.Code","DB50.DINT3392",Long,1,RO,100,,,,,,,,,,"M5114托盘条码",
"M5114.Task.DestSta","DB50.DBW3400",Short,1,RO,100,,,,,,,,,,"M5114目标地址",
"M5114.Task.StartSta","DB50.DBW3398",Short,1,RO,100,,,,,,,,,,"M5114起始地址",
"M5114.Task.Task","DB50.DBW3390",Short,1,RO,100,,,,,,,,,,"M5114任务号",
"M5114.Task.TpType","DB50.DBW3396",Short,1,RO,100,,,,,,,,,,"M5114货物类型",
"M5115.Alarm.B_Fault","DB50.DBX3432.4",Boolean,1,RO,100,,,,,,,,,,"M5115后超长",
"M5115.Alarm.DriveFault","DB70.DBX228.2",Boolean,1,RO,100,,,,,,,,,,"M5115驱动器故障",
"M5115.Alarm.EstopFault","DB70.DBX229.3",Boolean,1,RO,100,,,,,,,,,,"M5115急停故障",
"M5115.Alarm.F_Fault","DB50.DBX3432.3",Boolean,1,RO,100,,,,,,,,,,"M5115前超长",
"M5115.Alarm.H_Fault","DB50.DBX3432.2",Boolean,1,RO,100,,,,,,,,,,"M5115超高",
"M5115.Alarm.L_Fault","DB50.DBX3432.5",Boolean,1,RO,100,,,,,,,,,,"M5115左超宽",
"M5115.Alarm.LS_Fault","DB70.DBX229.2",Boolean,1,RO,100,,,,,,,,,,"M5115限位故障",
"M5115.Alarm.NoRead","DB50.DBX3433.1",Boolean,1,RO,100,,,,,,,,,,"M5115条码未读出",
"M5115.Alarm.OutSideFault","DB70.DBX229.1",Boolean,1,RO,100,,,,,,,,,,"M5115货物超边故障",
"M5115.Alarm.PH_Fault","DB70.DBX228.6",Boolean,1,RO,100,,,,,,,,,,"M5115光电管异常",
"M5115.Alarm.QF_Fault","DB70.DBX228.4",Boolean,1,RO,100,,,,,,,,,,"M5115空开故障",
"M5115.Alarm.QS_Fault","DB70.DBX228.5",Boolean,1,RO,100,,,,,,,,,,"M5115隔离开关故障",
"M5115.Alarm.R_Fault","DB50.DBX3432.6",Boolean,1,RO,100,,,,,,,,,,"M5115右超宽",
"M5115.Alarm.RFID_ReadFault","DB50.DBX3433.3",Boolean,1,RO,100,,,,,,,,,,"M5115RFID读取错误",
"M5115.Alarm.RFID_WriteFault","DB50.DBX3433.2",Boolean,1,RO,100,,,,,,,,,,"M5115RFID写入错误",
"M5115.Alarm.TimeOutFault","DB70.DBX228.3",Boolean,1,RO,100,,,,,,,,,,"M5115超时故障",
"M5115.Alarm.TM_JY_Fault","DB50.DBX3433.0",Boolean,1,RO,100,,,,,,,,,,"M5115条码校验故障",
"M5115.Alarm.TotalFault","DB70.DBX228.1",Boolean,1,RO,100,,,,,,,,,,"M5115总故障",
"M5115.Alarm.WX_Fault","DB50.DBX3432.1",Boolean,1,RO,100,,,,,,,,,,"M5115外形故障",
"M5115.Alarm.WX_TM_Fault","DB50.DBX3432.0",Boolean,1,RO,100,,,,,,,,,,"M5115外形条码总故障",
"M5115.State.Allow","DB50.DBB3439",Byte,1,RO,100,,,,,,,,,,"M5115允许拆盘",
"M5115.State.ForwardRun","DB70.DBX229.6",Boolean,1,RO,100,,,,,,,,,,"M5115正转运行",
"M5115.State.Get_Num","DB50.DBB3438",Byte,1,RO,100,,,,,,,,,,"M5115已取数量",
"M5115.State.LastOne","DB50.DBX3433.4",Boolean,1,RO,100,,,,,,,,,,"M5115强制推盘",
"M5115.State.Load","DB70.DBX229.5",Boolean,1,RO,100,,,,,,,,,,"M5115负载",
"M5115.State.MD_State1","DB50.DINT3440",Long,1,RO,100,,,,,,,,,,"M5115码垛状态1",
"M5115.State.MD_State2","DB50.DBB3444",Byte,1,RO,100,,,,,,,,,,"M5115码垛状态2",
"M5115.State.Need_Num","DB50.DBB3437",Byte,1,RO,100,,,,,,,,,,"M5115要取数量",
"M5115.State.PH_WX1","I31.7",Boolean,1,RO,100,,,,,,,,,,"5115外形检查超高光电1",
"M5115.State.PH_WX2","I32.0",Boolean,1,RO,100,,,,,,,,,,"5115外形检查左超宽光电2",
"M5115.State.PH_WX3","I32.2",Boolean,1,RO,100,,,,,,,,,,"5115外形检查右超宽光电3",
"M5115.State.PH_WX4","I32.4",Boolean,1,RO,100,,,,,,,,,,"5115外形检查前超长光电4",
"M5115.State.PH_WX5","I32.6",Boolean,1,RO,100,,,,,,,,,,"5115外形检查后超长光电5",
"M5115.State.PH1","I31.4",Boolean,1,RO,100,,,,,,,,,,"5115对射保护光电1",
"M5115.State.PH2","I31.6",Boolean,1,RO,100,,,,,,,,,,"5115到位光电2",
"M5115.State.PH3","I31.1",Boolean,1,RO,100,,,,,,,,,,"5115到位光电3",
"M5115.State.PH4","I31.3",Boolean,1,RO,100,,,,,,,,,,"5115到位光电4",
"M5115.State.PH5","I31.5",Boolean,1,RO,100,,,,,,,,,,"5115到位光电5",
"M5115.State.PK1","I31.2",Boolean,1,RO,100,,,,,,,,,,"5115超声波光电",
"M5115.State.ReversalRun","DB70.DBX229.7",Boolean,1,RO,100,,,,,,,,,,"M5115反转运行",
"M5115.State.Runing","DB70.DBX228.0",Boolean,1,RO,100,,,,,,,,,,"M5115设备运行标志",
"M5115.State.SelectPlace","DB70.DBX228.7",Boolean,1,RO,100,,,,,,,,,,"M5115选中位",
"M5115.State.YX_DX","DB50.DBB3435",Byte,1,RO,100,,,,,,,,,,"M5115码垛垛型",
"M5115.State.YX_Num","DB50.DBB3436",Byte,1,RO,100,,,,,,,,,,"M5115烟箱数量",
"M5115.State.YX_Type","DB50.DBB3434",Byte,1,RO,100,,,,,,,,,,"M5115烟箱类型",
"M5115.Task.Code","DB50.DINT3422",Long,1,RO,100,,,,,,,,,,"M5115托盘条码",
"M5115.Task.DestSta","DB50.DBW3430",Short,1,RO,100,,,,,,,,,,"M5115目标地址",
"M5115.Task.StartSta","DB50.DBW3428",Short,1,RO,100,,,,,,,,,,"M5115起始地址",
"M5115.Task.Task","DB50.DBW3420",Short,1,RO,100,,,,,,,,,,"M5115任务号",
"M5115.Task.TpType","DB50.DBW3426",Short,1,RO,100,,,,,,,,,,"M5115货物类型",
"M5116.Alarm.B_Fault","DB50.DBX3462.4",Boolean,1,RO,100,,,,,,,,,,"M5116后超长",
"M5116.Alarm.DriveFault","DB70.DBX230.2",Boolean,1,RO,100,,,,,,,,,,"M5116驱动器故障",
"M5116.Alarm.EstopFault","DB70.DBX231.3",Boolean,1,RO,100,,,,,,,,,,"M5116急停故障",
"M5116.Alarm.F_Fault","DB50.DBX3462.3",Boolean,1,RO,100,,,,,,,,,,"M5116前超长",
"M5116.Alarm.H_Fault","DB50.DBX3462.2",Boolean,1,RO,100,,,,,,,,,,"M5116超高",
"M5116.Alarm.L_Fault","DB50.DBX3462.5",Boolean,1,RO,100,,,,,,,,,,"M5116左超宽",
"M5116.Alarm.LS_Fault","DB70.DBX231.2",Boolean,1,RO,100,,,,,,,,,,"M5116限位故障",
"M5116.Alarm.NoRead","DB50.DBX3463.1",Boolean,1,RO,100,,,,,,,,,,"M5116条码未读出",
"M5116.Alarm.OutSideFault","DB70.DBX231.1",Boolean,1,RO,100,,,,,,,,,,"M5116货物超边故障",
"M5116.Alarm.PH_Fault","DB70.DBX230.6",Boolean,1,RO,100,,,,,,,,,,"M5116光电管异常",
"M5116.Alarm.QF_Fault","DB70.DBX230.4",Boolean,1,RO,100,,,,,,,,,,"M5116空开故障",
"M5116.Alarm.QS_Fault","DB70.DBX230.5",Boolean,1,RO,100,,,,,,,,,,"M5116隔离开关故障",
"M5116.Alarm.R_Fault","DB50.DBX3462.6",Boolean,1,RO,100,,,,,,,,,,"M5116右超宽",
"M5116.Alarm.RFID_ReadFault","DB50.DBX3463.3",Boolean,1,RO,100,,,,,,,,,,"M5116RFID读取错误",
"M5116.Alarm.RFID_WriteFault","DB50.DBX3463.2",Boolean,1,RO,100,,,,,,,,,,"M5116RFID写入错误",
"M5116.Alarm.TimeOutFault","DB70.DBX230.3",Boolean,1,RO,100,,,,,,,,,,"M5116超时故障",
"M5116.Alarm.TM_JY_Fault","DB50.DBX3463.0",Boolean,1,RO,100,,,,,,,,,,"M5116条码校验故障",
"M5116.Alarm.TotalFault","DB70.DBX230.1",Boolean,1,RO,100,,,,,,,,,,"M5116总故障",
"M5116.Alarm.WX_Fault","DB50.DBX3462.1",Boolean,1,RO,100,,,,,,,,,,"M5116外形故障",
"M5116.Alarm.WX_TM_Fault","DB50.DBX3462.0",Boolean,1,RO,100,,,,,,,,,,"M5116外形条码总故障",
"M5116.State.Allow","DB50.DBB3469",Byte,1,RO,100,,,,,,,,,,"M5116允许拆盘",
"M5116.State.ForwardRun","DB70.DBX231.6",Boolean,1,RO,100,,,,,,,,,,"M5116正转运行",
"M5116.State.Get_Num","DB50.DBB3468",Byte,1,RO,100,,,,,,,,,,"M5116已取数量",
"M5116.State.LastOne","DB50.DBX3463.4",Boolean,1,RO,100,,,,,,,,,,"M5116强制推盘",
"M5116.State.Load","DB70.DBX231.5",Boolean,1,RO,100,,,,,,,,,,"M5116负载",
"M5116.State.MD_State1","DB50.DINT3470",Long,1,RO,100,,,,,,,,,,"M5116码垛状态1",
"M5116.State.MD_State2","DB50.DBB3474",Byte,1,RO,100,,,,,,,,,,"M5116码垛状态2",
"M5116.State.Need_Num","DB50.DBB3467",Byte,1,RO,100,,,,,,,,,,"M5116要取数量",
"M5116.State.PH1","I32.5",Boolean,1,RO,100,,,,,,,,,,"5116对射光电1",
"M5116.State.PH2","I32.7",Boolean,1,RO,100,,,,,,,,,,"5116到位光电1",
"M5116.State.ReversalRun","DB70.DBX231.7",Boolean,1,RO,100,,,,,,,,,,"M5116反转运行",
"M5116.State.Runing","DB70.DBX230.0",Boolean,1,RO,100,,,,,,,,,,"M5116设备运行标志",
"M5116.State.SelectPlace","DB70.DBX230.7",Boolean,1,RO,100,,,,,,,,,,"M5116选中位",
"M5116.State.YX_DX","DB50.DBB3465",Byte,1,RO,100,,,,,,,,,,"M5116码垛垛型",
"M5116.State.YX_Num","DB50.DBB3466",Byte,1,RO,100,,,,,,,,,,"M5116烟箱数量",
"M5116.State.YX_Type","DB50.DBB3464",Byte,1,RO,100,,,,,,,,,,"M5116烟箱类型",
"M5116.Task.Code","DB50.DINT3452",Long,1,RO,100,,,,,,,,,,"M5116托盘条码",
"M5116.Task.DestSta","DB50.DBW3460",Short,1,RO,100,,,,,,,,,,"M5116目标地址",
"M5116.Task.StartSta","DB50.DBW3458",Short,1,RO,100,,,,,,,,,,"M5116起始地址",
"M5116.Task.Task","DB50.DBW3450",Short,1,RO,100,,,,,,,,,,"M5116任务号",
"M5116.Task.TpType","DB50.DBW3456",Short,1,RO,100,,,,,,,,,,"M5116货物类型",
"M5117.Alarm.B_Fault","DB50.DBX3492.4",Boolean,1,RO,100,,,,,,,,,,"M5117后超长",
"M5117.Alarm.DriveFault","DB70.DBX232.2",Boolean,1,RO,100,,,,,,,,,,"M5117驱动器故障",
"M5117.Alarm.EstopFault","DB70.DBX233.3",Boolean,1,RO,100,,,,,,,,,,"M5117急停故障",
"M5117.Alarm.F_Fault","DB50.DBX3492.3",Boolean,1,RO,100,,,,,,,,,,"M5117前超长",
"M5117.Alarm.H_Fault","DB50.DBX3492.2",Boolean,1,RO,100,,,,,,,,,,"M5117超高",
"M5117.Alarm.L_Fault","DB50.DBX3492.5",Boolean,1,RO,100,,,,,,,,,,"M5117左超宽",
"M5117.Alarm.LS_Fault","DB70.DBX233.2",Boolean,1,RO,100,,,,,,,,,,"M5117限位故障",
"M5117.Alarm.NoRead","DB50.DBX3493.1",Boolean,1,RO,100,,,,,,,,,,"M5117条码未读出",
"M5117.Alarm.OutSideFault","DB70.DBX233.1",Boolean,1,RO,100,,,,,,,,,,"M5117货物超边故障",
"M5117.Alarm.PH_Fault","DB70.DBX232.6",Boolean,1,RO,100,,,,,,,,,,"M5117光电管异常",
"M5117.Alarm.QF_Fault","DB70.DBX232.4",Boolean,1,RO,100,,,,,,,,,,"M5117空开故障",
"M5117.Alarm.QS_Fault","DB70.DBX232.5",Boolean,1,RO,100,,,,,,,,,,"M5117隔离开关故障",
"M5117.Alarm.R_Fault","DB50.DBX3492.6",Boolean,1,RO,100,,,,,,,,,,"M5117右超宽",
"M5117.Alarm.RFID_ReadFault","DB50.DBX3493.3",Boolean,1,RO,100,,,,,,,,,,"M5117RFID读取错误",
"M5117.Alarm.RFID_WriteFault","DB50.DBX3493.2",Boolean,1,RO,100,,,,,,,,,,"M5117RFID写入错误",
"M5117.Alarm.TimeOutFault","DB70.DBX232.3",Boolean,1,RO,100,,,,,,,,,,"M5117超时故障",
"M5117.Alarm.TM_JY_Fault","DB50.DBX3493.0",Boolean,1,RO,100,,,,,,,,,,"M5117条码校验故障",
"M5117.Alarm.TotalFault","DB70.DBX232.1",Boolean,1,RO,100,,,,,,,,,,"M5117总故障",
"M5117.Alarm.WX_Fault","DB50.DBX3492.1",Boolean,1,RO,100,,,,,,,,,,"M5117外形故障",
"M5117.Alarm.WX_TM_Fault","DB50.DBX3492.0",Boolean,1,RO,100,,,,,,,,,,"M5117外形条码总故障",
"M5117.State.Allow","DB50.DBB3499",Byte,1,RO,100,,,,,,,,,,"M5117允许拆盘",
"M5117.State.ForwardRun","DB70.DBX233.6",Boolean,1,RO,100,,,,,,,,,,"M5117正转运行",
"M5117.State.Get_Num","DB50.DBB3498",Byte,1,RO,100,,,,,,,,,,"M5117已取数量",
"M5117.State.LastOne","DB50.DBX3493.4",Boolean,1,RO,100,,,,,,,,,,"M5117强制推盘",
"M5117.State.Load","DB70.DBX233.5",Boolean,1,RO,100,,,,,,,,,,"M5117负载",
"M5117.State.MD_State1","DB50.DINT3500",Long,1,RO,100,,,,,,,,,,"M5117码垛状态1",
"M5117.State.MD_State2","DB50.DBB3504",Byte,1,RO,100,,,,,,,,,,"M5117码垛状态2",
"M5117.State.Need_Num","DB50.DBB3497",Byte,1,RO,100,,,,,,,,,,"M5117要取数量",
"M5117.State.PH1","I33.2",Boolean,1,RO,100,,,,,,,,,,"5117到位光电1",
"M5117.State.ReversalRun","DB70.DBX233.7",Boolean,1,RO,100,,,,,,,,,,"M5117反转运行",
"M5117.State.Runing","DB70.DBX232.0",Boolean,1,RO,100,,,,,,,,,,"M5117设备运行标志",
"M5117.State.SelectPlace","DB70.DBX232.7",Boolean,1,RO,100,,,,,,,,,,"M5117选中位",
"M5117.State.YX_DX","DB50.DBB3495",Byte,1,RO,100,,,,,,,,,,"M5117码垛垛型",
"M5117.State.YX_Num","DB50.DBB3496",Byte,1,RO,100,,,,,,,,,,"M5117烟箱数量",
"M5117.State.YX_Type","DB50.DBB3494",Byte,1,RO,100,,,,,,,,,,"M5117烟箱类型",
"M5117.Task.Code","DB50.DINT3482",Long,1,RO,100,,,,,,,,,,"M5117托盘条码",
"M5117.Task.DestSta","DB50.DBW3490",Short,1,RO,100,,,,,,,,,,"M5117目标地址",
"M5117.Task.StartSta","DB50.DBW3488",Short,1,RO,100,,,,,,,,,,"M5117起始地址",
"M5117.Task.Task","DB50.DBW3480",Short,1,RO,100,,,,,,,,,,"M5117任务号",
"M5117.Task.TpType","DB50.DBW3486",Short,1,RO,100,,,,,,,,,,"M5117货物类型",
"M5118.Alarm.B_Fault","DB50.DBX3522.4",Boolean,1,RO,100,,,,,,,,,,"M5118后超长",
"M5118.Alarm.DriveFault","DB70.DBX234.2",Boolean,1,RO,100,,,,,,,,,,"M5118驱动器故障",
"M5118.Alarm.EstopFault","DB70.DBX235.3",Boolean,1,RO,100,,,,,,,,,,"M5118急停故障",
"M5118.Alarm.F_Fault","DB50.DBX3522.3",Boolean,1,RO,100,,,,,,,,,,"M5118前超长",
"M5118.Alarm.H_Fault","DB50.DBX3522.2",Boolean,1,RO,100,,,,,,,,,,"M5118超高",
"M5118.Alarm.L_Fault","DB50.DBX3522.5",Boolean,1,RO,100,,,,,,,,,,"M5118左超宽",
"M5118.Alarm.LS_Fault","DB70.DBX235.2",Boolean,1,RO,100,,,,,,,,,,"M5118限位故障",
"M5118.Alarm.NoRead","DB50.DBX3523.1",Boolean,1,RO,100,,,,,,,,,,"M5118条码未读出",
"M5118.Alarm.OutSideFault","DB70.DBX235.1",Boolean,1,RO,100,,,,,,,,,,"M5118货物超边故障",
"M5118.Alarm.PH_Fault","DB70.DBX234.6",Boolean,1,RO,100,,,,,,,,,,"M5118光电管异常",
"M5118.Alarm.QF_Fault","DB70.DBX234.4",Boolean,1,RO,100,,,,,,,,,,"M5118空开故障",
"M5118.Alarm.QS_Fault","DB70.DBX234.5",Boolean,1,RO,100,,,,,,,,,,"M5118隔离开关故障",
"M5118.Alarm.R_Fault","DB50.DBX3522.6",Boolean,1,RO,100,,,,,,,,,,"M5118右超宽",
"M5118.Alarm.RFID_ReadFault","DB50.DBX3523.3",Boolean,1,RO,100,,,,,,,,,,"M5118RFID读取错误",
"M5118.Alarm.RFID_WriteFault","DB50.DBX3523.2",Boolean,1,RO,100,,,,,,,,,,"M5118RFID写入错误",
"M5118.Alarm.TimeOutFault","DB70.DBX234.3",Boolean,1,RO,100,,,,,,,,,,"M5118超时故障",
"M5118.Alarm.TM_JY_Fault","DB50.DBX3523.0",Boolean,1,RO,100,,,,,,,,,,"M5118条码校验故障",
"M5118.Alarm.TotalFault","DB70.DBX234.1",Boolean,1,RO,100,,,,,,,,,,"M5118总故障",
"M5118.Alarm.WX_Fault","DB50.DBX3522.1",Boolean,1,RO,100,,,,,,,,,,"M5118外形故障",
"M5118.Alarm.WX_TM_Fault","DB50.DBX3522.0",Boolean,1,RO,100,,,,,,,,,,"M5118外形条码总故障",
"M5118.State.Allow","DB50.DBB3529",Byte,1,RO,100,,,,,,,,,,"M5118允许拆盘",
"M5118.State.ForwardRun","DB70.DBX235.6",Boolean,1,RO,100,,,,,,,,,,"M5118正转运行",
"M5118.State.Get_Num","DB50.DBB3528",Byte,1,RO,100,,,,,,,,,,"M5118已取数量",
"M5118.State.LastOne","DB50.DBX3523.4",Boolean,1,RO,100,,,,,,,,,,"M5118强制推盘",
"M5118.State.Load","DB70.DBX235.5",Boolean,1,RO,100,,,,,,,,,,"M5118负载",
"M5118.State.MD_State1","DB50.DINT3530",Long,1,RO,100,,,,,,,,,,"M5118码垛状态1",
"M5118.State.MD_State2","DB50.DBB3534",Byte,1,RO,100,,,,,,,,,,"M5118码垛状态2",
"M5118.State.Need_Num","DB50.DBB3527",Byte,1,RO,100,,,,,,,,,,"M5118要取数量",
"M5118.State.PH1","I40.2",Boolean,1,RO,100,,,,,,,,,,"5118减速光电",
"M5118.State.PH2","I40.4",Boolean,1,RO,100,,,,,,,,,,"5118到位光电",
"M5118.State.ReversalRun","DB70.DBX235.7",Boolean,1,RO,100,,,,,,,,,,"M5118反转运行",
"M5118.State.Runing","DB70.DBX234.0",Boolean,1,RO,100,,,,,,,,,,"M5118设备运行标志",
"M5118.State.SelectPlace","DB70.DBX234.7",Boolean,1,RO,100,,,,,,,,,,"M5118选中位",
"M5118.State.YX_DX","DB50.DBB3525",Byte,1,RO,100,,,,,,,,,,"M5118码垛垛型",
"M5118.State.YX_Num","DB50.DBB3526",Byte,1,RO,100,,,,,,,,,,"M5118烟箱数量",
"M5118.State.YX_Type","DB50.DBB3524",Byte,1,RO,100,,,,,,,,,,"M5118烟箱类型",
"M5118.Task.Code","DB50.DINT3512",Long,1,RO,100,,,,,,,,,,"M5118托盘条码",
"M5118.Task.DestSta","DB50.DBW3520",Short,1,RO,100,,,,,,,,,,"M5118目标地址",
"M5118.Task.StartSta","DB50.DBW3518",Short,1,RO,100,,,,,,,,,,"M5118起始地址",
"M5118.Task.Task","DB50.DBW3510",Short,1,RO,100,,,,,,,,,,"M5118任务号",
"M5118.Task.TpType","DB50.DBW3516",Short,1,RO,100,,,,,,,,,,"M5118货物类型",
"M5119.Alarm.B_Fault","DB50.DBX3552.4",Boolean,1,RO,100,,,,,,,,,,"M5119后超长",
"M5119.Alarm.DriveFault","DB70.DBX236.2",Boolean,1,RO,100,,,,,,,,,,"M5119驱动器故障",
"M5119.Alarm.EstopFault","DB70.DBX237.3",Boolean,1,RO,100,,,,,,,,,,"M5119急停故障",
"M5119.Alarm.F_Fault","DB50.DBX3552.3",Boolean,1,RO,100,,,,,,,,,,"M5119前超长",
"M5119.Alarm.H_Fault","DB50.DBX3552.2",Boolean,1,RO,100,,,,,,,,,,"M5119超高",
"M5119.Alarm.L_Fault","DB50.DBX3552.5",Boolean,1,RO,100,,,,,,,,,,"M5119左超宽",
"M5119.Alarm.LS_Fault","DB70.DBX237.2",Boolean,1,RO,100,,,,,,,,,,"M5119限位故障",
"M5119.Alarm.NoRead","DB50.DBX3553.1",Boolean,1,RO,100,,,,,,,,,,"M5119条码未读出",
"M5119.Alarm.OutSideFault","DB70.DBX237.1",Boolean,1,RO,100,,,,,,,,,,"M5119货物超边故障",
"M5119.Alarm.PH_Fault","DB70.DBX236.6",Boolean,1,RO,100,,,,,,,,,,"M5119光电管异常",
"M5119.Alarm.QF_Fault","DB70.DBX236.4",Boolean,1,RO,100,,,,,,,,,,"M5119空开故障",
"M5119.Alarm.QS_Fault","DB70.DBX236.5",Boolean,1,RO,100,,,,,,,,,,"M5119隔离开关故障",
"M5119.Alarm.R_Fault","DB50.DBX3552.6",Boolean,1,RO,100,,,,,,,,,,"M5119右超宽",
"M5119.Alarm.RFID_ReadFault","DB50.DBX3553.3",Boolean,1,RO,100,,,,,,,,,,"M5119RFID读取错误",
"M5119.Alarm.RFID_WriteFault","DB50.DBX3553.2",Boolean,1,RO,100,,,,,,,,,,"M5119RFID写入错误",
"M5119.Alarm.TimeOutFault","DB70.DBX236.3",Boolean,1,RO,100,,,,,,,,,,"M5119超时故障",
"M5119.Alarm.TM_JY_Fault","DB50.DBX3553.0",Boolean,1,RO,100,,,,,,,,,,"M5119条码校验故障",
"M5119.Alarm.TotalFault","DB70.DBX236.1",Boolean,1,RO,100,,,,,,,,,,"M5119总故障",
"M5119.Alarm.WX_Fault","DB50.DBX3552.1",Boolean,1,RO,100,,,,,,,,,,"M5119外形故障",
"M5119.Alarm.WX_TM_Fault","DB50.DBX3552.0",Boolean,1,RO,100,,,,,,,,,,"M5119外形条码总故障",
"M5119.State.Allow","DB50.DBB3559",Byte,1,RO,100,,,,,,,,,,"M5119允许拆盘",
"M5119.State.ForwardRun","DB70.DBX237.6",Boolean,1,RO,100,,,,,,,,,,"M5119正转运行",
"M5119.State.Get_Num","DB50.DBB3558",Byte,1,RO,100,,,,,,,,,,"M5119已取数量",
"M5119.State.LastOne","DB50.DBX3553.4",Boolean,1,RO,100,,,,,,,,,,"M5119强制推盘",
"M5119.State.Load","DB70.DBX237.5",Boolean,1,RO,100,,,,,,,,,,"M5119负载",
"M5119.State.MD_State1","DB50.DINT3560",Long,1,RO,100,,,,,,,,,,"M5119码垛状态1",
"M5119.State.MD_State2","DB50.DBB3564",Byte,1,RO,100,,,,,,,,,,"M5119码垛状态2",
"M5119.State.Need_Num","DB50.DBB3557",Byte,1,RO,100,,,,,,,,,,"M5119要取数量",
"M5119.State.ReversalRun","DB70.DBX237.7",Boolean,1,RO,100,,,,,,,,,,"M5119反转运行",
"M5119.State.Runing","DB70.DBX236.0",Boolean,1,RO,100,,,,,,,,,,"M5119设备运行标志",
"M5119.State.SelectPlace","DB70.DBX236.7",Boolean,1,RO,100,,,,,,,,,,"M5119选中位",
"M5119.State.YX_DX","DB50.DBB3555",Byte,1,RO,100,,,,,,,,,,"M5119码垛垛型",
"M5119.State.YX_Num","DB50.DBB3556",Byte,1,RO,100,,,,,,,,,,"M5119烟箱数量",
"M5119.State.YX_Type","DB50.DBB3554",Byte,1,RO,100,,,,,,,,,,"M5119烟箱类型",
"M5119.Task.Code","DB50.DINT3542",Long,1,RO,100,,,,,,,,,,"M5119托盘条码",
"M5119.Task.DestSta","DB50.DBW3550",Short,1,RO,100,,,,,,,,,,"M5119目标地址",
"M5119.Task.StartSta","DB50.DBW3548",Short,1,RO,100,,,,,,,,,,"M5119起始地址",
"M5119.Task.Task","DB50.DBW3540",Short,1,RO,100,,,,,,,,,,"M5119任务号",
"M5119.Task.TpType","DB50.DBW3546",Short,1,RO,100,,,,,,,,,,"M5119货物类型",
"M5120.Alarm.B_Fault","DB50.DBX3582.4",Boolean,1,RO,100,,,,,,,,,,"M5120后超长",
"M5120.Alarm.DriveFault","DB70.DBX238.2",Boolean,1,RO,100,,,,,,,,,,"M5120驱动器故障",
"M5120.Alarm.EstopFault","DB70.DBX239.3",Boolean,1,RO,100,,,,,,,,,,"M5120急停故障",
"M5120.Alarm.F_Fault","DB50.DBX3582.3",Boolean,1,RO,100,,,,,,,,,,"M5120前超长",
"M5120.Alarm.H_Fault","DB50.DBX3582.2",Boolean,1,RO,100,,,,,,,,,,"M5120超高",
"M5120.Alarm.L_Fault","DB50.DBX3582.5",Boolean,1,RO,100,,,,,,,,,,"M5120左超宽",
"M5120.Alarm.LS_Fault","DB70.DBX239.2",Boolean,1,RO,100,,,,,,,,,,"M5120限位故障",
"M5120.Alarm.NoRead","DB50.DBX3583.1",Boolean,1,RO,100,,,,,,,,,,"M5120条码未读出",
"M5120.Alarm.OutSideFault","DB70.DBX239.1",Boolean,1,RO,100,,,,,,,,,,"M5120货物超边故障",
"M5120.Alarm.PH_Fault","DB70.DBX238.6",Boolean,1,RO,100,,,,,,,,,,"M5120光电管异常",
"M5120.Alarm.QF_Fault","DB70.DBX238.4",Boolean,1,RO,100,,,,,,,,,,"M5120空开故障",
"M5120.Alarm.QS_Fault","DB70.DBX238.5",Boolean,1,RO,100,,,,,,,,,,"M5120隔离开关故障",
"M5120.Alarm.R_Fault","DB50.DBX3582.6",Boolean,1,RO,100,,,,,,,,,,"M5120右超宽",
"M5120.Alarm.RFID_ReadFault","DB50.DBX3583.3",Boolean,1,RO,100,,,,,,,,,,"M5120RFID读取错误",
"M5120.Alarm.RFID_WriteFault","DB50.DBX3583.2",Boolean,1,RO,100,,,,,,,,,,"M5120RFID写入错误",
"M5120.Alarm.TimeOutFault","DB70.DBX238.3",Boolean,1,RO,100,,,,,,,,,,"M5120超时故障",
"M5120.Alarm.TM_JY_Fault","DB50.DBX3583.0",Boolean,1,RO,100,,,,,,,,,,"M5120条码校验故障",
"M5120.Alarm.TotalFault","DB70.DBX238.1",Boolean,1,RO,100,,,,,,,,,,"M5120总故障",
"M5120.Alarm.WX_Fault","DB50.DBX3582.1",Boolean,1,RO,100,,,,,,,,,,"M5120外形故障",
"M5120.Alarm.WX_TM_Fault","DB50.DBX3582.0",Boolean,1,RO,100,,,,,,,,,,"M5120外形条码总故障",
"M5120.State.Allow","DB50.DBB3589",Byte,1,RO,100,,,,,,,,,,"M5120允许拆盘",
"M5120.State.ForwardRun","DB70.DBX239.6",Boolean,1,RO,100,,,,,,,,,,"M5120正转运行",
"M5120.State.Get_Num","DB50.DBB3588",Byte,1,RO,100,,,,,,,,,,"M5120已取数量",
"M5120.State.LastOne","DB50.DBX3583.4",Boolean,1,RO,100,,,,,,,,,,"M5120强制推盘",
"M5120.State.Load","DB70.DBX239.5",Boolean,1,RO,100,,,,,,,,,,"M5120负载",
"M5120.State.MD_State1","DB50.DINT3590",Long,1,RO,100,,,,,,,,,,"M5120码垛状态1",
"M5120.State.MD_State2","DB50.DBB3594",Byte,1,RO,100,,,,,,,,,,"M5120码垛状态2",
"M5120.State.Need_Num","DB50.DBB3587",Byte,1,RO,100,,,,,,,,,,"M5120要取数量",
"M5120.State.PH1","I40.1",Boolean,1,RO,100,,,,,,,,,,"5120减速光电1",
"M5120.State.PH2","I40.3",Boolean,1,RO,100,,,,,,,,,,"5120到位光电1",
"M5120.State.PH3","I40.5",Boolean,1,RO,100,,,,,,,,,,"5120减速光电2",
"M5120.State.PH4","I40.7",Boolean,1,RO,100,,,,,,,,,,"5120到位光电2",
"M5120.State.ReversalRun","DB70.DBX239.7",Boolean,1,RO,100,,,,,,,,,,"M5120反转运行",
"M5120.State.Runing","DB70.DBX238.0",Boolean,1,RO,100,,,,,,,,,,"M5120设备运行标志",
"M5120.State.SelectPlace","DB70.DBX238.7",Boolean,1,RO,100,,,,,,,,,,"M5120选中位",
"M5120.State.YX_DX","DB50.DBB3585",Byte,1,RO,100,,,,,,,,,,"M5120码垛垛型",
"M5120.State.YX_Num","DB50.DBB3586",Byte,1,RO,100,,,,,,,,,,"M5120烟箱数量",
"M5120.State.YX_Type","DB50.DBB3584",Byte,1,RO,100,,,,,,,,,,"M5120烟箱类型",
"M5120.Task.Code","DB50.DINT3572",Long,1,RO,100,,,,,,,,,,"M5120托盘条码",
"M5120.Task.DestSta","DB50.DBW3580",Short,1,RO,100,,,,,,,,,,"M5120目标地址",
"M5120.Task.StartSta","DB50.DBW3578",Short,1,RO,100,,,,,,,,,,"M5120起始地址",
"M5120.Task.Task","DB50.DBW3570",Short,1,RO,100,,,,,,,,,,"M5120任务号",
"M5120.Task.TpType","DB50.DBW3576",Short,1,RO,100,,,,,,,,,,"M5120货物类型",
"M5121.Alarm.B_Fault","DB50.DBX3612.4",Boolean,1,RO,100,,,,,,,,,,"M5121后超长",
"M5121.Alarm.DriveFault","DB70.DBX240.2",Boolean,1,RO,100,,,,,,,,,,"M5121驱动器故障",
"M5121.Alarm.EstopFault","DB70.DBX241.3",Boolean,1,RO,100,,,,,,,,,,"M5121急停故障",
"M5121.Alarm.F_Fault","DB50.DBX3612.3",Boolean,1,RO,100,,,,,,,,,,"M5121前超长",
"M5121.Alarm.H_Fault","DB50.DBX3612.2",Boolean,1,RO,100,,,,,,,,,,"M5121超高",
"M5121.Alarm.L_Fault","DB50.DBX3612.5",Boolean,1,RO,100,,,,,,,,,,"M5121左超宽",
"M5121.Alarm.LS_Fault","DB70.DBX241.2",Boolean,1,RO,100,,,,,,,,,,"M5121限位故障",
"M5121.Alarm.NoRead","DB50.DBX3613.1",Boolean,1,RO,100,,,,,,,,,,"M5121条码未读出",
"M5121.Alarm.OutSideFault","DB70.DBX241.1",Boolean,1,RO,100,,,,,,,,,,"M5121货物超边故障",
"M5121.Alarm.PH_Fault","DB70.DBX240.6",Boolean,1,RO,100,,,,,,,,,,"M5121光电管异常",
"M5121.Alarm.QF_Fault","DB70.DBX240.4",Boolean,1,RO,100,,,,,,,,,,"M5121空开故障",
"M5121.Alarm.QS_Fault","DB70.DBX240.5",Boolean,1,RO,100,,,,,,,,,,"M5121隔离开关故障",
"M5121.Alarm.R_Fault","DB50.DBX3612.6",Boolean,1,RO,100,,,,,,,,,,"M5121右超宽",
"M5121.Alarm.RFID_ReadFault","DB50.DBX3613.3",Boolean,1,RO,100,,,,,,,,,,"M5121RFID读取错误",
"M5121.Alarm.RFID_WriteFault","DB50.DBX3613.2",Boolean,1,RO,100,,,,,,,,,,"M5121RFID写入错误",
"M5121.Alarm.TimeOutFault","DB70.DBX240.3",Boolean,1,RO,100,,,,,,,,,,"M5121超时故障",
"M5121.Alarm.TM_JY_Fault","DB50.DBX3613.0",Boolean,1,RO,100,,,,,,,,,,"M5121条码校验故障",
"M5121.Alarm.TotalFault","DB70.DBX240.1",Boolean,1,RO,100,,,,,,,,,,"M5121总故障",
"M5121.Alarm.WX_Fault","DB50.DBX3612.1",Boolean,1,RO,100,,,,,,,,,,"M5121外形故障",
"M5121.Alarm.WX_TM_Fault","DB50.DBX3612.0",Boolean,1,RO,100,,,,,,,,,,"M5121外形条码总故障",
"M5121.State.Allow","DB50.DBB3619",Byte,1,RO,100,,,,,,,,,,"M5121允许拆盘",
"M5121.State.ForwardRun","DB70.DBX241.6",Boolean,1,RO,100,,,,,,,,,,"M5121正转运行",
"M5121.State.Get_Num","DB50.DBB3618",Byte,1,RO,100,,,,,,,,,,"M5121已取数量",
"M5121.State.LastOne","DB50.DBX3613.4",Boolean,1,RO,100,,,,,,,,,,"M5121强制推盘",
"M5121.State.Load","DB70.DBX241.5",Boolean,1,RO,100,,,,,,,,,,"M5121负载",
"M5121.State.MD_State1","DB50.DINT3620",Long,1,RO,100,,,,,,,,,,"M5121码垛状态1",
"M5121.State.MD_State2","DB50.DBB3624",Byte,1,RO,100,,,,,,,,,,"M5121码垛状态2",
"M5121.State.Need_Num","DB50.DBB3617",Byte,1,RO,100,,,,,,,,,,"M5121要取数量",
"M5121.State.ReversalRun","DB70.DBX241.7",Boolean,1,RO,100,,,,,,,,,,"M5121反转运行",
"M5121.State.Runing","DB70.DBX240.0",Boolean,1,RO,100,,,,,,,,,,"M5121设备运行标志",
"M5121.State.SelectPlace","DB70.DBX240.7",Boolean,1,RO,100,,,,,,,,,,"M5121选中位",
"M5121.State.YX_DX","DB50.DBB3615",Byte,1,RO,100,,,,,,,,,,"M5121码垛垛型",
"M5121.State.YX_Num","DB50.DBB3616",Byte,1,RO,100,,,,,,,,,,"M5121烟箱数量",
"M5121.State.YX_Type","DB50.DBB3614",Byte,1,RO,100,,,,,,,,,,"M5121烟箱类型",
"M5121.Task.Code","DB50.DINT3602",Long,1,RO,100,,,,,,,,,,"M5121托盘条码",
"M5121.Task.DestSta","DB50.DBW3610",Short,1,RO,100,,,,,,,,,,"M5121目标地址",
"M5121.Task.StartSta","DB50.DBW3608",Short,1,RO,100,,,,,,,,,,"M5121起始地址",
"M5121.Task.Task","DB50.DBW3600",Short,1,RO,100,,,,,,,,,,"M5121任务号",
"M5121.Task.TpType","DB50.DBW3606",Short,1,RO,100,,,,,,,,,,"M5121货物类型",
"M5122.Alarm.B_Fault","DB50.DBX3642.4",Boolean,1,RO,100,,,,,,,,,,"M5122后超长",
"M5122.Alarm.DriveFault","DB70.DBX242.2",Boolean,1,RO,100,,,,,,,,,,"M5122驱动器故障",
"M5122.Alarm.EstopFault","DB70.DBX243.3",Boolean,1,RO,100,,,,,,,,,,"M5122急停故障",
"M5122.Alarm.F_Fault","DB50.DBX3642.3",Boolean,1,RO,100,,,,,,,,,,"M5122前超长",
"M5122.Alarm.H_Fault","DB50.DBX3642.2",Boolean,1,RO,100,,,,,,,,,,"M5122超高",
"M5122.Alarm.L_Fault","DB50.DBX3642.5",Boolean,1,RO,100,,,,,,,,,,"M5122左超宽",
"M5122.Alarm.LS_Fault","DB70.DBX243.2",Boolean,1,RO,100,,,,,,,,,,"M5122限位故障",
"M5122.Alarm.NoRead","DB50.DBX3643.1",Boolean,1,RO,100,,,,,,,,,,"M5122条码未读出",
"M5122.Alarm.OutSideFault","DB70.DBX243.1",Boolean,1,RO,100,,,,,,,,,,"M5122货物超边故障",
"M5122.Alarm.PH_Fault","DB70.DBX242.6",Boolean,1,RO,100,,,,,,,,,,"M5122光电管异常",
"M5122.Alarm.QF_Fault","DB70.DBX242.4",Boolean,1,RO,100,,,,,,,,,,"M5122空开故障",
"M5122.Alarm.QS_Fault","DB70.DBX242.5",Boolean,1,RO,100,,,,,,,,,,"M5122隔离开关故障",
"M5122.Alarm.R_Fault","DB50.DBX3642.6",Boolean,1,RO,100,,,,,,,,,,"M5122右超宽",
"M5122.Alarm.RFID_ReadFault","DB50.DBX3643.3",Boolean,1,RO,100,,,,,,,,,,"M5122RFID读取错误",
"M5122.Alarm.RFID_WriteFault","DB50.DBX3643.2",Boolean,1,RO,100,,,,,,,,,,"M5122RFID写入错误",
"M5122.Alarm.TimeOutFault","DB70.DBX242.3",Boolean,1,RO,100,,,,,,,,,,"M5122超时故障",
"M5122.Alarm.TM_JY_Fault","DB50.DBX3643.0",Boolean,1,RO,100,,,,,,,,,,"M5122条码校验故障",
"M5122.Alarm.TotalFault","DB70.DBX242.1",Boolean,1,RO,100,,,,,,,,,,"M5122总故障",
"M5122.Alarm.WX_Fault","DB50.DBX3642.1",Boolean,1,RO,100,,,,,,,,,,"M5122外形故障",
"M5122.Alarm.WX_TM_Fault","DB50.DBX3642.0",Boolean,1,RO,100,,,,,,,,,,"M5122外形条码总故障",
"M5122.State.Allow","DB50.DBB3649",Byte,1,RO,100,,,,,,,,,,"M5122允许拆盘",
"M5122.State.ForwardRun","DB70.DBX243.6",Boolean,1,RO,100,,,,,,,,,,"M5122正转运行",
"M5122.State.Get_Num","DB50.DBB3648",Byte,1,RO,100,,,,,,,,,,"M5122已取数量",
"M5122.State.LastOne","DB50.DBX3643.4",Boolean,1,RO,100,,,,,,,,,,"M5122强制推盘",
"M5122.State.Load","DB70.DBX243.5",Boolean,1,RO,100,,,,,,,,,,"M5122负载",
"M5122.State.MD_State1","DB50.DINT3650",Long,1,RO,100,,,,,,,,,,"M5122码垛状态1",
"M5122.State.MD_State2","DB50.DBB3654",Byte,1,RO,100,,,,,,,,,,"M5122码垛状态2",
"M5122.State.Need_Num","DB50.DBB3647",Byte,1,RO,100,,,,,,,,,,"M5122要取数量",
"M5122.State.PH1","I42.2",Boolean,1,RO,100,,,,,,,,,,"5122到位光电",
"M5122.State.ReversalRun","DB70.DBX243.7",Boolean,1,RO,100,,,,,,,,,,"M5122反转运行",
"M5122.State.Runing","DB70.DBX242.0",Boolean,1,RO,100,,,,,,,,,,"M5122设备运行标志",
"M5122.State.SelectPlace","DB70.DBX242.7",Boolean,1,RO,100,,,,,,,,,,"M5122选中位",
"M5122.State.YX_DX","DB50.DBB3645",Byte,1,RO,100,,,,,,,,,,"M5122码垛垛型",
"M5122.State.YX_Num","DB50.DBB3646",Byte,1,RO,100,,,,,,,,,,"M5122烟箱数量",
"M5122.State.YX_Type","DB50.DBB3644",Byte,1,RO,100,,,,,,,,,,"M5122烟箱类型",
"M5122.Task.Code","DB50.DINT3632",Long,1,RO,100,,,,,,,,,,"M5122托盘条码",
"M5122.Task.DestSta","DB50.DBW3640",Short,1,RO,100,,,,,,,,,,"M5122目标地址",
"M5122.Task.StartSta","DB50.DBW3638",Short,1,RO,100,,,,,,,,,,"M5122起始地址",
"M5122.Task.Task","DB50.DBW3630",Short,1,RO,100,,,,,,,,,,"M5122任务号",
"M5122.Task.TpType","DB50.DBW3636",Short,1,RO,100,,,,,,,,,,"M5122货物类型",
"M5123.Alarm.B_Fault","DB50.DBX3672.4",Boolean,1,RO,100,,,,,,,,,,"M5123后超长",
"M5123.Alarm.DriveFault","DB70.DBX244.2",Boolean,1,RO,100,,,,,,,,,,"M5123驱动器故障",
"M5123.Alarm.EstopFault","DB70.DBX245.3",Boolean,1,RO,100,,,,,,,,,,"M5123急停故障",
"M5123.Alarm.F_Fault","DB50.DBX3672.3",Boolean,1,RO,100,,,,,,,,,,"M5123前超长",
"M5123.Alarm.H_Fault","DB50.DBX3672.2",Boolean,1,RO,100,,,,,,,,,,"M5123超高",
"M5123.Alarm.L_Fault","DB50.DBX3672.5",Boolean,1,RO,100,,,,,,,,,,"M5123左超宽",
"M5123.Alarm.LS_Fault","DB70.DBX245.2",Boolean,1,RO,100,,,,,,,,,,"M5123限位故障",
"M5123.Alarm.NoRead","DB50.DBX3673.1",Boolean,1,RO,100,,,,,,,,,,"M5123条码未读出",
"M5123.Alarm.OutSideFault","DB70.DBX245.1",Boolean,1,RO,100,,,,,,,,,,"M5123货物超边故障",
"M5123.Alarm.PH_Fault","DB70.DBX244.6",Boolean,1,RO,100,,,,,,,,,,"M5123光电管异常",
"M5123.Alarm.QF_Fault","DB70.DBX244.4",Boolean,1,RO,100,,,,,,,,,,"M5123空开故障",
"M5123.Alarm.QS_Fault","DB70.DBX244.5",Boolean,1,RO,100,,,,,,,,,,"M5123隔离开关故障",
"M5123.Alarm.R_Fault","DB50.DBX3672.6",Boolean,1,RO,100,,,,,,,,,,"M5123右超宽",
"M5123.Alarm.RFID_ReadFault","DB50.DBX3673.3",Boolean,1,RO,100,,,,,,,,,,"M5123RFID读取错误",
"M5123.Alarm.RFID_WriteFault","DB50.DBX3673.2",Boolean,1,RO,100,,,,,,,,,,"M5123RFID写入错误",
"M5123.Alarm.TimeOutFault","DB70.DBX244.3",Boolean,1,RO,100,,,,,,,,,,"M5123超时故障",
"M5123.Alarm.TM_JY_Fault","DB50.DBX3673.0",Boolean,1,RO,100,,,,,,,,,,"M5123条码校验故障",
"M5123.Alarm.TotalFault","DB70.DBX244.1",Boolean,1,RO,100,,,,,,,,,,"M5123总故障",
"M5123.Alarm.WX_Fault","DB50.DBX3672.1",Boolean,1,RO,100,,,,,,,,,,"M5123外形故障",
"M5123.Alarm.WX_TM_Fault","DB50.DBX3672.0",Boolean,1,RO,100,,,,,,,,,,"M5123外形条码总故障",
"M5123.State.Allow","DB50.DBB3679",Byte,1,RO,100,,,,,,,,,,"M5123允许拆盘",
"M5123.State.ForwardRun","DB70.DBX245.6",Boolean,1,RO,100,,,,,,,,,,"M5123正转运行",
"M5123.State.Get_Num","DB50.DBB3678",Byte,1,RO,100,,,,,,,,,,"M5123已取数量",
"M5123.State.LastOne","DB50.DBX3673.4",Boolean,1,RO,100,,,,,,,,,,"M5123强制推盘",
"M5123.State.Load","DB70.DBX245.5",Boolean,1,RO,100,,,,,,,,,,"M5123负载",
"M5123.State.MD_State1","DB50.DINT3680",Long,1,RO,100,,,,,,,,,,"M5123码垛状态1",
"M5123.State.MD_State2","DB50.DBB3684",Byte,1,RO,100,,,,,,,,,,"M5123码垛状态2",
"M5123.State.Need_Num","DB50.DBB3677",Byte,1,RO,100,,,,,,,,,,"M5123要取数量",
"M5123.State.PH1","I42.6",Boolean,1,RO,100,,,,,,,,,,"5123到位光电",
"M5123.State.ReversalRun","DB70.DBX245.7",Boolean,1,RO,100,,,,,,,,,,"M5123反转运行",
"M5123.State.Runing","DB70.DBX244.0",Boolean,1,RO,100,,,,,,,,,,"M5123设备运行标志",
"M5123.State.SelectPlace","DB70.DBX244.7",Boolean,1,RO,100,,,,,,,,,,"M5123选中位",
"M5123.State.YX_DX","DB50.DBB3675",Byte,1,RO,100,,,,,,,,,,"M5123码垛垛型",
"M5123.State.YX_Num","DB50.DBB3676",Byte,1,RO,100,,,,,,,,,,"M5123烟箱数量",
"M5123.State.YX_Type","DB50.DBB3674",Byte,1,RO,100,,,,,,,,,,"M5123烟箱类型",
"M5123.Task.Code","DB50.DINT3662",Long,1,RO,100,,,,,,,,,,"M5123托盘条码",
"M5123.Task.DestSta","DB50.DBW3670",Short,1,RO,100,,,,,,,,,,"M5123目标地址",
"M5123.Task.StartSta","DB50.DBW3668",Short,1,RO,100,,,,,,,,,,"M5123起始地址",
"M5123.Task.Task","DB50.DBW3660",Short,1,RO,100,,,,,,,,,,"M5123任务号",
"M5123.Task.TpType","DB50.DBW3666",Short,1,RO,100,,,,,,,,,,"M5123货物类型",
"M5124.Alarm.B_Fault","DB50.DBX3702.4",Boolean,1,RO,100,,,,,,,,,,"M5124后超长",
"M5124.Alarm.DriveFault","DB70.DBX246.2",Boolean,1,RO,100,,,,,,,,,,"M5124驱动器故障",
"M5124.Alarm.EstopFault","DB70.DBX247.3",Boolean,1,RO,100,,,,,,,,,,"M5124急停故障",
"M5124.Alarm.F_Fault","DB50.DBX3702.3",Boolean,1,RO,100,,,,,,,,,,"M5124前超长",
"M5124.Alarm.H_Fault","DB50.DBX3702.2",Boolean,1,RO,100,,,,,,,,,,"M5124超高",
"M5124.Alarm.L_Fault","DB50.DBX3702.5",Boolean,1,RO,100,,,,,,,,,,"M5124左超宽",
"M5124.Alarm.LS_Fault","DB70.DBX247.2",Boolean,1,RO,100,,,,,,,,,,"M5124限位故障",
"M5124.Alarm.NoRead","DB50.DBX3703.1",Boolean,1,RO,100,,,,,,,,,,"M5124条码未读出",
"M5124.Alarm.OutSideFault","DB70.DBX247.1",Boolean,1,RO,100,,,,,,,,,,"M5124货物超边故障",
"M5124.Alarm.PH_Fault","DB70.DBX246.6",Boolean,1,RO,100,,,,,,,,,,"M5124光电管异常",
"M5124.Alarm.QF_Fault","DB70.DBX246.4",Boolean,1,RO,100,,,,,,,,,,"M5124空开故障",
"M5124.Alarm.QS_Fault","DB70.DBX246.5",Boolean,1,RO,100,,,,,,,,,,"M5124隔离开关故障",
"M5124.Alarm.R_Fault","DB50.DBX3702.6",Boolean,1,RO,100,,,,,,,,,,"M5124右超宽",
"M5124.Alarm.RFID_ReadFault","DB50.DBX3703.3",Boolean,1,RO,100,,,,,,,,,,"M5124RFID读取错误",
"M5124.Alarm.RFID_WriteFault","DB50.DBX3703.2",Boolean,1,RO,100,,,,,,,,,,"M5124RFID写入错误",
"M5124.Alarm.TimeOutFault","DB70.DBX246.3",Boolean,1,RO,100,,,,,,,,,,"M5124超时故障",
"M5124.Alarm.TM_JY_Fault","DB50.DBX3703.0",Boolean,1,RO,100,,,,,,,,,,"M5124条码校验故障",
"M5124.Alarm.TotalFault","DB70.DBX246.1",Boolean,1,RO,100,,,,,,,,,,"M5124总故障",
"M5124.Alarm.WX_Fault","DB50.DBX3702.1",Boolean,1,RO,100,,,,,,,,,,"M5124外形故障",
"M5124.Alarm.WX_TM_Fault","DB50.DBX3702.0",Boolean,1,RO,100,,,,,,,,,,"M5124外形条码总故障",
"M5124.State.Allow","DB50.DBB3709",Byte,1,RO,100,,,,,,,,,,"M5124允许拆盘",
"M5124.State.ForwardRun","DB70.DBX247.6",Boolean,1,RO,100,,,,,,,,,,"M5124正转运行",
"M5124.State.Get_Num","DB50.DBB3708",Byte,1,RO,100,,,,,,,,,,"M5124已取数量",
"M5124.State.LastOne","DB50.DBX3703.4",Boolean,1,RO,100,,,,,,,,,,"M5124强制推盘",
"M5124.State.Load","DB70.DBX247.5",Boolean,1,RO,100,,,,,,,,,,"M5124负载",
"M5124.State.MD_State1","DB50.DINT3710",Long,1,RO,100,,,,,,,,,,"M5124码垛状态1",
"M5124.State.MD_State2","DB50.DBB3714",Byte,1,RO,100,,,,,,,,,,"M5124码垛状态2",
"M5124.State.Need_Num","DB50.DBB3707",Byte,1,RO,100,,,,,,,,,,"M5124要取数量",
"M5124.State.PH1","I42.3",Boolean,1,RO,100,,,,,,,,,,"5124到位光电",
"M5124.State.ReversalRun","DB70.DBX247.7",Boolean,1,RO,100,,,,,,,,,,"M5124反转运行",
"M5124.State.Runing","DB70.DBX246.0",Boolean,1,RO,100,,,,,,,,,,"M5124设备运行标志",
"M5124.State.SelectPlace","DB70.DBX246.7",Boolean,1,RO,100,,,,,,,,,,"M5124选中位",
"M5124.State.YX_DX","DB50.DBB3705",Byte,1,RO,100,,,,,,,,,,"M5124码垛垛型",
"M5124.State.YX_Num","DB50.DBB3706",Byte,1,RO,100,,,,,,,,,,"M5124烟箱数量",
"M5124.State.YX_Type","DB50.DBB3704",Byte,1,RO,100,,,,,,,,,,"M5124烟箱类型",
"M5124.Task.Code","DB50.DINT3692",Long,1,RO,100,,,,,,,,,,"M5124托盘条码",
"M5124.Task.DestSta","DB50.DBW3700",Short,1,RO,100,,,,,,,,,,"M5124目标地址",
"M5124.Task.StartSta","DB50.DBW3698",Short,1,RO,100,,,,,,,,,,"M5124起始地址",
"M5124.Task.Task","DB50.DBW3690",Short,1,RO,100,,,,,,,,,,"M5124任务号",
"M5124.Task.TpType","DB50.DBW3696",Short,1,RO,100,,,,,,,,,,"M5124货物类型",
"M5125.Alarm.B_Fault","DB50.DBX3732.4",Boolean,1,RO,100,,,,,,,,,,"M5125后超长",
"M5125.Alarm.DriveFault","DB70.DBX248.2",Boolean,1,RO,100,,,,,,,,,,"M5125驱动器故障",
"M5125.Alarm.EstopFault","DB70.DBX249.3",Boolean,1,RO,100,,,,,,,,,,"M5125急停故障",
"M5125.Alarm.F_Fault","DB50.DBX3732.3",Boolean,1,RO,100,,,,,,,,,,"M5125前超长",
"M5125.Alarm.H_Fault","DB50.DBX3732.2",Boolean,1,RO,100,,,,,,,,,,"M5125超高",
"M5125.Alarm.L_Fault","DB50.DBX3732.5",Boolean,1,RO,100,,,,,,,,,,"M5125左超宽",
"M5125.Alarm.LS_Fault","DB70.DBX249.2",Boolean,1,RO,100,,,,,,,,,,"M5125限位故障",
"M5125.Alarm.NoRead","DB50.DBX3733.1",Boolean,1,RO,100,,,,,,,,,,"M5125条码未读出",
"M5125.Alarm.OutSideFault","DB70.DBX249.1",Boolean,1,RO,100,,,,,,,,,,"M5125货物超边故障",
"M5125.Alarm.PH_Fault","DB70.DBX248.6",Boolean,1,RO,100,,,,,,,,,,"M5125光电管异常",
"M5125.Alarm.QF_Fault","DB70.DBX248.4",Boolean,1,RO,100,,,,,,,,,,"M5125空开故障",
"M5125.Alarm.QS_Fault","DB70.DBX248.5",Boolean,1,RO,100,,,,,,,,,,"M5125隔离开关故障",
"M5125.Alarm.R_Fault","DB50.DBX3732.6",Boolean,1,RO,100,,,,,,,,,,"M5125右超宽",
"M5125.Alarm.RFID_ReadFault","DB50.DBX3733.3",Boolean,1,RO,100,,,,,,,,,,"M5125RFID读取错误",
"M5125.Alarm.RFID_WriteFault","DB50.DBX3733.2",Boolean,1,RO,100,,,,,,,,,,"M5125RFID写入错误",
"M5125.Alarm.TimeOutFault","DB70.DBX248.3",Boolean,1,RO,100,,,,,,,,,,"M5125超时故障",
"M5125.Alarm.TM_JY_Fault","DB50.DBX3733.0",Boolean,1,RO,100,,,,,,,,,,"M5125条码校验故障",
"M5125.Alarm.TotalFault","DB70.DBX248.1",Boolean,1,RO,100,,,,,,,,,,"M5125总故障",
"M5125.Alarm.WX_Fault","DB50.DBX3732.1",Boolean,1,RO,100,,,,,,,,,,"M5125外形故障",
"M5125.Alarm.WX_TM_Fault","DB50.DBX3732.0",Boolean,1,RO,100,,,,,,,,,,"M5125外形条码总故障",
"M5125.State.Allow","DB50.DBB3739",Byte,1,RO,100,,,,,,,,,,"M5125允许拆盘",
"M5125.State.ForwardRun","DB70.DBX249.6",Boolean,1,RO,100,,,,,,,,,,"M5125正转运行",
"M5125.State.Get_Num","DB50.DBB3738",Byte,1,RO,100,,,,,,,,,,"M5125已取数量",
"M5125.State.LastOne","DB50.DBX3733.4",Boolean,1,RO,100,,,,,,,,,,"M5125强制推盘",
"M5125.State.Load","DB70.DBX249.5",Boolean,1,RO,100,,,,,,,,,,"M5125负载",
"M5125.State.MD_State1","DB50.DINT3740",Long,1,RO,100,,,,,,,,,,"M5125码垛状态1",
"M5125.State.MD_State2","DB50.DBB3744",Byte,1,RO,100,,,,,,,,,,"M5125码垛状态2",
"M5125.State.Need_Num","DB50.DBB3737",Byte,1,RO,100,,,,,,,,,,"M5125要取数量",
"M5125.State.PH1","I42.7",Boolean,1,RO,100,,,,,,,,,,"5125到位光电",
"M5125.State.PK1","I43.0",Boolean,1,RO,100,,,,,,,,,,"5125超声波光电",
"M5125.State.ReversalRun","DB70.DBX249.7",Boolean,1,RO,100,,,,,,,,,,"M5125反转运行",
"M5125.State.Runing","DB70.DBX248.0",Boolean,1,RO,100,,,,,,,,,,"M5125设备运行标志",
"M5125.State.SelectPlace","DB70.DBX248.7",Boolean,1,RO,100,,,,,,,,,,"M5125选中位",
"M5125.State.YX_DX","DB50.DBB3735",Byte,1,RO,100,,,,,,,,,,"M5125码垛垛型",
"M5125.State.YX_Num","DB50.DBB3736",Byte,1,RO,100,,,,,,,,,,"M5125烟箱数量",
"M5125.State.YX_Type","DB50.DBB3734",Byte,1,RO,100,,,,,,,,,,"M5125烟箱类型",
"M5125.Task.Code","DB50.DINT3722",Long,1,RO,100,,,,,,,,,,"M5125托盘条码",
"M5125.Task.DestSta","DB50.DBW3730",Short,1,RO,100,,,,,,,,,,"M5125目标地址",
"M5125.Task.StartSta","DB50.DBW3728",Short,1,RO,100,,,,,,,,,,"M5125起始地址",
"M5125.Task.Task","DB50.DBW3720",Short,1,RO,100,,,,,,,,,,"M5125任务号",
"M5125.Task.TpType","DB50.DBW3726",Short,1,RO,100,,,,,,,,,,"M5125货物类型",
"M5126.Alarm.B_Fault","DB50.DBX3762.4",Boolean,1,RO,100,,,,,,,,,,"M5126后超长",
"M5126.Alarm.DriveFault","DB70.DBX250.2",Boolean,1,RO,100,,,,,,,,,,"M5126驱动器故障",
"M5126.Alarm.EstopFault","DB70.DBX251.3",Boolean,1,RO,100,,,,,,,,,,"M5126急停故障",
"M5126.Alarm.F_Fault","DB50.DBX3762.3",Boolean,1,RO,100,,,,,,,,,,"M5126前超长",
"M5126.Alarm.H_Fault","DB50.DBX3762.2",Boolean,1,RO,100,,,,,,,,,,"M5126超高",
"M5126.Alarm.L_Fault","DB50.DBX3762.5",Boolean,1,RO,100,,,,,,,,,,"M5126左超宽",
"M5126.Alarm.LS_Fault","DB70.DBX251.2",Boolean,1,RO,100,,,,,,,,,,"M5126限位故障",
"M5126.Alarm.NoRead","DB50.DBX3763.1",Boolean,1,RO,100,,,,,,,,,,"M5126条码未读出",
"M5126.Alarm.OutSideFault","DB70.DBX251.1",Boolean,1,RO,100,,,,,,,,,,"M5126货物超边故障",
"M5126.Alarm.PH_Fault","DB70.DBX250.6",Boolean,1,RO,100,,,,,,,,,,"M5126光电管异常",
"M5126.Alarm.QF_Fault","DB70.DBX250.4",Boolean,1,RO,100,,,,,,,,,,"M5126空开故障",
"M5126.Alarm.QS_Fault","DB70.DBX250.5",Boolean,1,RO,100,,,,,,,,,,"M5126隔离开关故障",
"M5126.Alarm.R_Fault","DB50.DBX3762.6",Boolean,1,RO,100,,,,,,,,,,"M5126右超宽",
"M5126.Alarm.RFID_ReadFault","DB50.DBX3763.3",Boolean,1,RO,100,,,,,,,,,,"M5126RFID读取错误",
"M5126.Alarm.RFID_WriteFault","DB50.DBX3763.2",Boolean,1,RO,100,,,,,,,,,,"M5126RFID写入错误",
"M5126.Alarm.TimeOutFault","DB70.DBX250.3",Boolean,1,RO,100,,,,,,,,,,"M5126超时故障",
"M5126.Alarm.TM_JY_Fault","DB50.DBX3763.0",Boolean,1,RO,100,,,,,,,,,,"M5126条码校验故障",
"M5126.Alarm.TotalFault","DB70.DBX250.1",Boolean,1,RO,100,,,,,,,,,,"M5126总故障",
"M5126.Alarm.WX_Fault","DB50.DBX3762.1",Boolean,1,RO,100,,,,,,,,,,"M5126外形故障",
"M5126.Alarm.WX_TM_Fault","DB50.DBX3762.0",Boolean,1,RO,100,,,,,,,,,,"M5126外形条码总故障",
"M5126.State.Allow","DB50.DBB3769",Byte,1,RO,100,,,,,,,,,,"M5126允许拆盘",
"M5126.State.ForwardRun","DB70.DBX251.6",Boolean,1,RO,100,,,,,,,,,,"M5126正转运行",
"M5126.State.Get_Num","DB50.DBB3768",Byte,1,RO,100,,,,,,,,,,"M5126已取数量",
"M5126.State.LastOne","DB50.DBX3763.4",Boolean,1,RO,100,,,,,,,,,,"M5126强制推盘",
"M5126.State.Load","DB70.DBX251.5",Boolean,1,RO,100,,,,,,,,,,"M5126负载",
"M5126.State.MD_State1","DB50.DINT3770",Long,1,RO,100,,,,,,,,,,"M5126码垛状态1",
"M5126.State.MD_State2","DB50.DBB3774",Byte,1,RO,100,,,,,,,,,,"M5126码垛状态2",
"M5126.State.Need_Num","DB50.DBB3767",Byte,1,RO,100,,,,,,,,,,"M5126要取数量",
"M5126.State.PH1","I49.2",Boolean,1,RO,100,,,,,,,,,,"5126到位光电",
"M5126.State.ReversalRun","DB70.DBX251.7",Boolean,1,RO,100,,,,,,,,,,"M5126反转运行",
"M5126.State.Runing","DB70.DBX250.0",Boolean,1,RO,100,,,,,,,,,,"M5126设备运行标志",
"M5126.State.SelectPlace","DB70.DBX250.7",Boolean,1,RO,100,,,,,,,,,,"M5126选中位",
"M5126.State.YX_DX","DB50.DBB3765",Byte,1,RO,100,,,,,,,,,,"M5126码垛垛型",
"M5126.State.YX_Num","DB50.DBB3766",Byte,1,RO,100,,,,,,,,,,"M5126烟箱数量",
"M5126.State.YX_Type","DB50.DBB3764",Byte,1,RO,100,,,,,,,,,,"M5126烟箱类型",
"M5126.Task.Code","DB50.DINT3752",Long,1,RO,100,,,,,,,,,,"M5126托盘条码",
"M5126.Task.DestSta","DB50.DBW3760",Short,1,RO,100,,,,,,,,,,"M5126目标地址",
"M5126.Task.StartSta","DB50.DBW3758",Short,1,RO,100,,,,,,,,,,"M5126起始地址",
"M5126.Task.Task","DB50.DBW3750",Short,1,RO,100,,,,,,,,,,"M5126任务号",
"M5126.Task.TpType","DB50.DBW3756",Short,1,RO,100,,,,,,,,,,"M5126货物类型",
"M5127.Alarm.B_Fault","DB50.DBX3792.4",Boolean,1,RO,100,,,,,,,,,,"M5127后超长",
"M5127.Alarm.DriveFault","DB70.DBX252.2",Boolean,1,RO,100,,,,,,,,,,"M5127驱动器故障",
"M5127.Alarm.EstopFault","DB70.DBX253.3",Boolean,1,RO,100,,,,,,,,,,"M5127急停故障",
"M5127.Alarm.F_Fault","DB50.DBX3792.3",Boolean,1,RO,100,,,,,,,,,,"M5127前超长",
"M5127.Alarm.H_Fault","DB50.DBX3792.2",Boolean,1,RO,100,,,,,,,,,,"M5127超高",
"M5127.Alarm.L_Fault","DB50.DBX3792.5",Boolean,1,RO,100,,,,,,,,,,"M5127左超宽",
"M5127.Alarm.LS_Fault","DB70.DBX253.2",Boolean,1,RO,100,,,,,,,,,,"M5127限位故障",
"M5127.Alarm.NoRead","DB50.DBX3793.1",Boolean,1,RO,100,,,,,,,,,,"M5127条码未读出",
"M5127.Alarm.OutSideFault","DB70.DBX253.1",Boolean,1,RO,100,,,,,,,,,,"M5127货物超边故障",
"M5127.Alarm.PH_Fault","DB70.DBX252.6",Boolean,1,RO,100,,,,,,,,,,"M5127光电管异常",
"M5127.Alarm.QF_Fault","DB70.DBX252.4",Boolean,1,RO,100,,,,,,,,,,"M5127空开故障",
"M5127.Alarm.QS_Fault","DB70.DBX252.5",Boolean,1,RO,100,,,,,,,,,,"M5127隔离开关故障",
"M5127.Alarm.R_Fault","DB50.DBX3792.6",Boolean,1,RO,100,,,,,,,,,,"M5127右超宽",
"M5127.Alarm.RFID_ReadFault","DB50.DBX3793.3",Boolean,1,RO,100,,,,,,,,,,"M5127RFID读取错误",
"M5127.Alarm.RFID_WriteFault","DB50.DBX3793.2",Boolean,1,RO,100,,,,,,,,,,"M5127RFID写入错误",
"M5127.Alarm.TimeOutFault","DB70.DBX252.3",Boolean,1,RO,100,,,,,,,,,,"M5127超时故障",
"M5127.Alarm.TM_JY_Fault","DB50.DBX3793.0",Boolean,1,RO,100,,,,,,,,,,"M5127条码校验故障",
"M5127.Alarm.TotalFault","DB70.DBX252.1",Boolean,1,RO,100,,,,,,,,,,"M5127总故障",
"M5127.Alarm.WX_Fault","DB50.DBX3792.1",Boolean,1,RO,100,,,,,,,,,,"M5127外形故障",
"M5127.Alarm.WX_TM_Fault","DB50.DBX3792.0",Boolean,1,RO,100,,,,,,,,,,"M5127外形条码总故障",
"M5127.State.Allow","DB50.DBB3799",Byte,1,RO,100,,,,,,,,,,"M5127允许拆盘",
"M5127.State.ForwardRun","DB70.DBX253.6",Boolean,1,RO,100,,,,,,,,,,"M5127正转运行",
"M5127.State.Get_Num","DB50.DBB3798",Byte,1,RO,100,,,,,,,,,,"M5127已取数量",
"M5127.State.LastOne","DB50.DBX3793.4",Boolean,1,RO,100,,,,,,,,,,"M5127强制推盘",
"M5127.State.Load","DB70.DBX253.5",Boolean,1,RO,100,,,,,,,,,,"M5127负载",
"M5127.State.MD_State1","DB50.DINT3800",Long,1,RO,100,,,,,,,,,,"M5127码垛状态1",
"M5127.State.MD_State2","DB50.DBB3804",Byte,1,RO,100,,,,,,,,,,"M5127码垛状态2",
"M5127.State.Need_Num","DB50.DBB3797",Byte,1,RO,100,,,,,,,,,,"M5127要取数量",
"M5127.State.PH1","I50.2",Boolean,1,RO,100,,,,,,,,,,"5127到位光电",
"M5127.State.ReversalRun","DB70.DBX253.7",Boolean,1,RO,100,,,,,,,,,,"M5127反转运行",
"M5127.State.Runing","DB70.DBX252.0",Boolean,1,RO,100,,,,,,,,,,"M5127设备运行标志",
"M5127.State.SelectPlace","DB70.DBX252.7",Boolean,1,RO,100,,,,,,,,,,"M5127选中位",
"M5127.State.YX_DX","DB50.DBB3795",Byte,1,RO,100,,,,,,,,,,"M5127码垛垛型",
"M5127.State.YX_Num","DB50.DBB3796",Byte,1,RO,100,,,,,,,,,,"M5127烟箱数量",
"M5127.State.YX_Type","DB50.DBB3794",Byte,1,RO,100,,,,,,,,,,"M5127烟箱类型",
"M5127.Task.Code","DB50.DINT3782",Long,1,RO,100,,,,,,,,,,"M5127托盘条码",
"M5127.Task.DestSta","DB50.DBW3790",Short,1,RO,100,,,,,,,,,,"M5127目标地址",
"M5127.Task.StartSta","DB50.DBW3788",Short,1,RO,100,,,,,,,,,,"M5127起始地址",
"M5127.Task.Task","DB50.DBW3780",Short,1,RO,100,,,,,,,,,,"M5127任务号",
"M5127.Task.TpType","DB50.DBW3786",Short,1,RO,100,,,,,,,,,,"M5127货物类型",
"M5128.Alarm.B_Fault","DB50.DBX3822.4",Boolean,1,RO,100,,,,,,,,,,"M5128后超长",
"M5128.Alarm.DriveFault","DB70.DBX254.2",Boolean,1,RO,100,,,,,,,,,,"M5128驱动器故障",
"M5128.Alarm.EstopFault","DB70.DBX255.3",Boolean,1,RO,100,,,,,,,,,,"M5128急停故障",
"M5128.Alarm.F_Fault","DB50.DBX3822.3",Boolean,1,RO,100,,,,,,,,,,"M5128前超长",
"M5128.Alarm.H_Fault","DB50.DBX3822.2",Boolean,1,RO,100,,,,,,,,,,"M5128超高",
"M5128.Alarm.L_Fault","DB50.DBX3822.5",Boolean,1,RO,100,,,,,,,,,,"M5128左超宽",
"M5128.Alarm.LS_Fault","DB70.DBX255.2",Boolean,1,RO,100,,,,,,,,,,"M5128限位故障",
"M5128.Alarm.NoRead","DB50.DBX3823.1",Boolean,1,RO,100,,,,,,,,,,"M5128条码未读出",
"M5128.Alarm.OutSideFault","DB70.DBX255.1",Boolean,1,RO,100,,,,,,,,,,"M5128货物超边故障",
"M5128.Alarm.PH_Fault","DB70.DBX254.6",Boolean,1,RO,100,,,,,,,,,,"M5128光电管异常",
"M5128.Alarm.QF_Fault","DB70.DBX254.4",Boolean,1,RO,100,,,,,,,,,,"M5128空开故障",
"M5128.Alarm.QS_Fault","DB70.DBX254.5",Boolean,1,RO,100,,,,,,,,,,"M5128隔离开关故障",
"M5128.Alarm.R_Fault","DB50.DBX3822.6",Boolean,1,RO,100,,,,,,,,,,"M5128右超宽",
"M5128.Alarm.RFID_ReadFault","DB50.DBX3823.3",Boolean,1,RO,100,,,,,,,,,,"M5128RFID读取错误",
"M5128.Alarm.RFID_WriteFault","DB50.DBX3823.2",Boolean,1,RO,100,,,,,,,,,,"M5128RFID写入错误",
"M5128.Alarm.TimeOutFault","DB70.DBX254.3",Boolean,1,RO,100,,,,,,,,,,"M5128超时故障",
"M5128.Alarm.TM_JY_Fault","DB50.DBX3823.0",Boolean,1,RO,100,,,,,,,,,,"M5128条码校验故障",
"M5128.Alarm.TotalFault","DB70.DBX254.1",Boolean,1,RO,100,,,,,,,,,,"M5128总故障",
"M5128.Alarm.WX_Fault","DB50.DBX3822.1",Boolean,1,RO,100,,,,,,,,,,"M5128外形故障",
"M5128.Alarm.WX_TM_Fault","DB50.DBX3822.0",Boolean,1,RO,100,,,,,,,,,,"M5128外形条码总故障",
"M5128.State.Allow","DB50.DBB3829",Byte,1,RO,100,,,,,,,,,,"M5128允许拆盘",
"M5128.State.ForwardRun","DB70.DBX255.6",Boolean,1,RO,100,,,,,,,,,,"M5128正转运行",
"M5128.State.Get_Num","DB50.DBB3828",Byte,1,RO,100,,,,,,,,,,"M5128已取数量",
"M5128.State.LastOne","DB50.DBX3823.4",Boolean,1,RO,100,,,,,,,,,,"M5128强制推盘",
"M5128.State.Load","DB70.DBX255.5",Boolean,1,RO,100,,,,,,,,,,"M5128负载",
"M5128.State.MD_State1","DB50.DINT3830",Long,1,RO,100,,,,,,,,,,"M5128码垛状态1",
"M5128.State.MD_State2","DB50.DBB3834",Byte,1,RO,100,,,,,,,,,,"M5128码垛状态2",
"M5128.State.Need_Num","DB50.DBB3827",Byte,1,RO,100,,,,,,,,,,"M5128要取数量",
"M5128.State.PH1","I49.6",Boolean,1,RO,100,,,,,,,,,,"5128到位光电",
"M5128.State.PH2","I49.1",Boolean,1,RO,100,,,,,,,,,,"5128对射保护光电",
"M5128.State.ReversalRun","DB70.DBX255.7",Boolean,1,RO,100,,,,,,,,,,"M5128反转运行",
"M5128.State.Runing","DB70.DBX254.0",Boolean,1,RO,100,,,,,,,,,,"M5128设备运行标志",
"M5128.State.SelectPlace","DB70.DBX254.7",Boolean,1,RO,100,,,,,,,,,,"M5128选中位",
"M5128.State.YX_DX","DB50.DBB3825",Byte,1,RO,100,,,,,,,,,,"M5128码垛垛型",
"M5128.State.YX_Num","DB50.DBB3826",Byte,1,RO,100,,,,,,,,,,"M5128烟箱数量",
"M5128.State.YX_Type","DB50.DBB3824",Byte,1,RO,100,,,,,,,,,,"M5128烟箱类型",
"M5128.Task.Code","DB50.DINT3812",Long,1,RO,100,,,,,,,,,,"M5128托盘条码",
"M5128.Task.DestSta","DB50.DBW3820",Short,1,RO,100,,,,,,,,,,"M5128目标地址",
"M5128.Task.StartSta","DB50.DBW3818",Short,1,RO,100,,,,,,,,,,"M5128起始地址",
"M5128.Task.Task","DB50.DBW3810",Short,1,RO,100,,,,,,,,,,"M5128任务号",
"M5128.Task.TpType","DB50.DBW3816",Short,1,RO,100,,,,,,,,,,"M5128货物类型",
"M5129.Alarm.B_Fault","DB50.DBX3852.4",Boolean,1,RO,100,,,,,,,,,,"M5129后超长",
"M5129.Alarm.DriveFault","DB70.DBX256.2",Boolean,1,RO,100,,,,,,,,,,"M5129驱动器故障",
"M5129.Alarm.EstopFault","DB70.DBX257.3",Boolean,1,RO,100,,,,,,,,,,"M5129急停故障",
"M5129.Alarm.F_Fault","DB50.DBX3852.3",Boolean,1,RO,100,,,,,,,,,,"M5129前超长",
"M5129.Alarm.H_Fault","DB50.DBX3852.2",Boolean,1,RO,100,,,,,,,,,,"M5129超高",
"M5129.Alarm.L_Fault","DB50.DBX3852.5",Boolean,1,RO,100,,,,,,,,,,"M5129左超宽",
"M5129.Alarm.LS_Fault","DB70.DBX257.2",Boolean,1,RO,100,,,,,,,,,,"M5129限位故障",
"M5129.Alarm.NoRead","DB50.DBX3853.1",Boolean,1,RO,100,,,,,,,,,,"M5129条码未读出",
"M5129.Alarm.OutSideFault","DB70.DBX257.1",Boolean,1,RO,100,,,,,,,,,,"M5129货物超边故障",
"M5129.Alarm.PH_Fault","DB70.DBX256.6",Boolean,1,RO,100,,,,,,,,,,"M5129光电管异常",
"M5129.Alarm.QF_Fault","DB70.DBX256.4",Boolean,1,RO,100,,,,,,,,,,"M5129空开故障",
"M5129.Alarm.QS_Fault","DB70.DBX256.5",Boolean,1,RO,100,,,,,,,,,,"M5129隔离开关故障",
"M5129.Alarm.R_Fault","DB50.DBX3852.6",Boolean,1,RO,100,,,,,,,,,,"M5129右超宽",
"M5129.Alarm.RFID_ReadFault","DB50.DBX3853.3",Boolean,1,RO,100,,,,,,,,,,"M5129RFID读取错误",
"M5129.Alarm.RFID_WriteFault","DB50.DBX3853.2",Boolean,1,RO,100,,,,,,,,,,"M5129RFID写入错误",
"M5129.Alarm.TimeOutFault","DB70.DBX256.3",Boolean,1,RO,100,,,,,,,,,,"M5129超时故障",
"M5129.Alarm.TM_JY_Fault","DB50.DBX3853.0",Boolean,1,RO,100,,,,,,,,,,"M5129条码校验故障",
"M5129.Alarm.TotalFault","DB70.DBX256.1",Boolean,1,RO,100,,,,,,,,,,"M5129总故障",
"M5129.Alarm.WX_Fault","DB50.DBX3852.1",Boolean,1,RO,100,,,,,,,,,,"M5129外形故障",
"M5129.Alarm.WX_TM_Fault","DB50.DBX3852.0",Boolean,1,RO,100,,,,,,,,,,"M5129外形条码总故障",
"M5129.State.Allow","DB50.DBB3859",Byte,1,RO,100,,,,,,,,,,"M5129允许拆盘",
"M5129.State.ForwardRun","DB70.DBX257.6",Boolean,1,RO,100,,,,,,,,,,"M5129正转运行",
"M5129.State.Get_Num","DB50.DBB3858",Byte,1,RO,100,,,,,,,,,,"M5129已取数量",
"M5129.State.LastOne","DB50.DBX3853.4",Boolean,1,RO,100,,,,,,,,,,"M5129强制推盘",
"M5129.State.Load","DB70.DBX257.5",Boolean,1,RO,100,,,,,,,,,,"M5129负载",
"M5129.State.MD_State1","DB50.DINT3860",Long,1,RO,100,,,,,,,,,,"M5129码垛状态1",
"M5129.State.MD_State2","DB50.DBB3864",Byte,1,RO,100,,,,,,,,,,"M5129码垛状态2",
"M5129.State.Need_Num","DB50.DBB3857",Byte,1,RO,100,,,,,,,,,,"M5129要取数量",
"M5129.State.PH1","I51.2",Boolean,1,RO,100,,,,,,,,,,"5129到位光电",
"M5129.State.ReversalRun","DB70.DBX257.7",Boolean,1,RO,100,,,,,,,,,,"M5129反转运行",
"M5129.State.Runing","DB70.DBX256.0",Boolean,1,RO,100,,,,,,,,,,"M5129设备运行标志",
"M5129.State.SelectPlace","DB70.DBX256.7",Boolean,1,RO,100,,,,,,,,,,"M5129选中位",
"M5129.State.YX_DX","DB50.DBB3855",Byte,1,RO,100,,,,,,,,,,"M5129码垛垛型",
"M5129.State.YX_Num","DB50.DBB3856",Byte,1,RO,100,,,,,,,,,,"M5129烟箱数量",
"M5129.State.YX_Type","DB50.DBB3854",Byte,1,RO,100,,,,,,,,,,"M5129烟箱类型",
"M5129.Task.Code","DB50.DINT3842",Long,1,RO,100,,,,,,,,,,"M5129托盘条码",
"M5129.Task.DestSta","DB50.DBW3850",Short,1,RO,100,,,,,,,,,,"M5129目标地址",
"M5129.Task.StartSta","DB50.DBW3848",Short,1,RO,100,,,,,,,,,,"M5129起始地址",
"M5129.Task.Task","DB50.DBW3840",Short,1,RO,100,,,,,,,,,,"M5129任务号",
"M5129.Task.TpType","DB50.DBW3846",Short,1,RO,100,,,,,,,,,,"M5129货物类型",
"M5130.Alarm.B_Fault","DB50.DBX3882.4",Boolean,1,RO,100,,,,,,,,,,"M5130后超长",
"M5130.Alarm.DriveFault","DB70.DBX258.2",Boolean,1,RO,100,,,,,,,,,,"M5130驱动器故障",
"M5130.Alarm.EstopFault","DB70.DBX259.3",Boolean,1,RO,100,,,,,,,,,,"M5130急停故障",
"M5130.Alarm.F_Fault","DB50.DBX3882.3",Boolean,1,RO,100,,,,,,,,,,"M5130前超长",
"M5130.Alarm.H_Fault","DB50.DBX3882.2",Boolean,1,RO,100,,,,,,,,,,"M5130超高",
"M5130.Alarm.L_Fault","DB50.DBX3882.5",Boolean,1,RO,100,,,,,,,,,,"M5130左超宽",
"M5130.Alarm.LS_Fault","DB70.DBX259.2",Boolean,1,RO,100,,,,,,,,,,"M5130限位故障",
"M5130.Alarm.NoRead","DB50.DBX3883.1",Boolean,1,RO,100,,,,,,,,,,"M5130条码未读出",
"M5130.Alarm.OutSideFault","DB70.DBX259.1",Boolean,1,RO,100,,,,,,,,,,"M5130货物超边故障",
"M5130.Alarm.PH_Fault","DB70.DBX258.6",Boolean,1,RO,100,,,,,,,,,,"M5130光电管异常",
"M5130.Alarm.QF_Fault","DB70.DBX258.4",Boolean,1,RO,100,,,,,,,,,,"M5130空开故障",
"M5130.Alarm.QS_Fault","DB70.DBX258.5",Boolean,1,RO,100,,,,,,,,,,"M5130隔离开关故障",
"M5130.Alarm.R_Fault","DB50.DBX3882.6",Boolean,1,RO,100,,,,,,,,,,"M5130右超宽",
"M5130.Alarm.RFID_ReadFault","DB50.DBX3883.3",Boolean,1,RO,100,,,,,,,,,,"M5130RFID读取错误",
"M5130.Alarm.RFID_WriteFault","DB50.DBX3883.2",Boolean,1,RO,100,,,,,,,,,,"M5130RFID写入错误",
"M5130.Alarm.TimeOutFault","DB70.DBX258.3",Boolean,1,RO,100,,,,,,,,,,"M5130超时故障",
"M5130.Alarm.TM_JY_Fault","DB50.DBX3883.0",Boolean,1,RO,100,,,,,,,,,,"M5130条码校验故障",
"M5130.Alarm.TotalFault","DB70.DBX258.1",Boolean,1,RO,100,,,,,,,,,,"M5130总故障",
"M5130.Alarm.WX_Fault","DB50.DBX3882.1",Boolean,1,RO,100,,,,,,,,,,"M5130外形故障",
"M5130.Alarm.WX_TM_Fault","DB50.DBX3882.0",Boolean,1,RO,100,,,,,,,,,,"M5130外形条码总故障",
"M5130.State.Allow","DB50.DBB3889",Byte,1,RO,100,,,,,,,,,,"M5130允许拆盘",
"M5130.State.ForwardRun","DB70.DBX259.6",Boolean,1,RO,100,,,,,,,,,,"M5130正转运行",
"M5130.State.Get_Num","DB50.DBB3888",Byte,1,RO,100,,,,,,,,,,"M5130已取数量",
"M5130.State.LastOne","DB50.DBX3883.4",Boolean,1,RO,100,,,,,,,,,,"M5130强制推盘",
"M5130.State.Load","DB70.DBX259.5",Boolean,1,RO,100,,,,,,,,,,"M5130负载",
"M5130.State.MD_State1","DB50.DINT3890",Long,1,RO,100,,,,,,,,,,"M5130码垛状态1",
"M5130.State.MD_State2","DB50.DBB3894",Byte,1,RO,100,,,,,,,,,,"M5130码垛状态2",
"M5130.State.Need_Num","DB50.DBB3887",Byte,1,RO,100,,,,,,,,,,"M5130要取数量",
"M5130.State.PH1","I51.6",Boolean,1,RO,100,,,,,,,,,,"5130到位光电",
"M5130.State.ReversalRun","DB70.DBX259.7",Boolean,1,RO,100,,,,,,,,,,"M5130反转运行",
"M5130.State.Runing","DB70.DBX258.0",Boolean,1,RO,100,,,,,,,,,,"M5130设备运行标志",
"M5130.State.SelectPlace","DB70.DBX258.7",Boolean,1,RO,100,,,,,,,,,,"M5130选中位",
"M5130.State.YX_DX","DB50.DBB3885",Byte,1,RO,100,,,,,,,,,,"M5130码垛垛型",
"M5130.State.YX_Num","DB50.DBB3886",Byte,1,RO,100,,,,,,,,,,"M5130烟箱数量",
"M5130.State.YX_Type","DB50.DBB3884",Byte,1,RO,100,,,,,,,,,,"M5130烟箱类型",
"M5130.Task.Code","DB50.DINT3872",Long,1,RO,100,,,,,,,,,,"M5130托盘条码",
"M5130.Task.DestSta","DB50.DBW3880",Short,1,RO,100,,,,,,,,,,"M5130目标地址",
"M5130.Task.StartSta","DB50.DBW3878",Short,1,RO,100,,,,,,,,,,"M5130起始地址",
"M5130.Task.Task","DB50.DBW3870",Short,1,RO,100,,,,,,,,,,"M5130任务号",
"M5130.Task.TpType","DB50.DBW3876",Short,1,RO,100,,,,,,,,,,"M5130货物类型",
"M5131.Alarm.B_Fault","DB50.DBX3912.4",Boolean,1,RO,100,,,,,,,,,,"M5131后超长",
"M5131.Alarm.DriveFault","DB70.DBX260.2",Boolean,1,RO,100,,,,,,,,,,"M5131驱动器故障",
"M5131.Alarm.EstopFault","DB70.DBX261.3",Boolean,1,RO,100,,,,,,,,,,"M5131急停故障",
"M5131.Alarm.F_Fault","DB50.DBX3912.3",Boolean,1,RO,100,,,,,,,,,,"M5131前超长",
"M5131.Alarm.H_Fault","DB50.DBX3912.2",Boolean,1,RO,100,,,,,,,,,,"M5131超高",
"M5131.Alarm.L_Fault","DB50.DBX3912.5",Boolean,1,RO,100,,,,,,,,,,"M5131左超宽",
"M5131.Alarm.LS_Fault","DB70.DBX261.2",Boolean,1,RO,100,,,,,,,,,,"M5131限位故障",
"M5131.Alarm.NoRead","DB50.DBX3913.1",Boolean,1,RO,100,,,,,,,,,,"M5131条码未读出",
"M5131.Alarm.OutSideFault","DB70.DBX261.1",Boolean,1,RO,100,,,,,,,,,,"M5131货物超边故障",
"M5131.Alarm.PH_Fault","DB70.DBX260.6",Boolean,1,RO,100,,,,,,,,,,"M5131光电管异常",
"M5131.Alarm.QF_Fault","DB70.DBX260.4",Boolean,1,RO,100,,,,,,,,,,"M5131空开故障",
"M5131.Alarm.QS_Fault","DB70.DBX260.5",Boolean,1,RO,100,,,,,,,,,,"M5131隔离开关故障",
"M5131.Alarm.R_Fault","DB50.DBX3912.6",Boolean,1,RO,100,,,,,,,,,,"M5131右超宽",
"M5131.Alarm.RFID_ReadFault","DB50.DBX3913.3",Boolean,1,RO,100,,,,,,,,,,"M5131RFID读取错误",
"M5131.Alarm.RFID_WriteFault","DB50.DBX3913.2",Boolean,1,RO,100,,,,,,,,,,"M5131RFID写入错误",
"M5131.Alarm.TimeOutFault","DB70.DBX260.3",Boolean,1,RO,100,,,,,,,,,,"M5131超时故障",
"M5131.Alarm.TM_JY_Fault","DB50.DBX3913.0",Boolean,1,RO,100,,,,,,,,,,"M5131条码校验故障",
"M5131.Alarm.TotalFault","DB70.DBX260.1",Boolean,1,RO,100,,,,,,,,,,"M5131总故障",
"M5131.Alarm.WX_Fault","DB50.DBX3912.1",Boolean,1,RO,100,,,,,,,,,,"M5131外形故障",
"M5131.Alarm.WX_TM_Fault","DB50.DBX3912.0",Boolean,1,RO,100,,,,,,,,,,"M5131外形条码总故障",
"M5131.State.Allow","DB50.DBB3919",Byte,1,RO,100,,,,,,,,,,"M5131允许拆盘",
"M5131.State.ForwardRun","DB70.DBX261.6",Boolean,1,RO,100,,,,,,,,,,"M5131正转运行",
"M5131.State.Get_Num","DB50.DBB3918",Byte,1,RO,100,,,,,,,,,,"M5131已取数量",
"M5131.State.LastOne","DB50.DBX3913.4",Boolean,1,RO,100,,,,,,,,,,"M5131强制推盘",
"M5131.State.Load","DB70.DBX261.5",Boolean,1,RO,100,,,,,,,,,,"M5131负载",
"M5131.State.MD_State1","DB50.DINT3920",Long,1,RO,100,,,,,,,,,,"M5131码垛状态1",
"M5131.State.MD_State2","DB50.DBB3924",Byte,1,RO,100,,,,,,,,,,"M5131码垛状态2",
"M5131.State.Need_Num","DB50.DBB3917",Byte,1,RO,100,,,,,,,,,,"M5131要取数量",
"M5131.State.PH1","I49.5",Boolean,1,RO,100,,,,,,,,,,"5131到位光电",
"M5131.State.PH2","I49.7",Boolean,1,RO,100,,,,,,,,,,"5131对射保护光电",
"M5131.State.ReversalRun","DB70.DBX261.7",Boolean,1,RO,100,,,,,,,,,,"M5131反转运行",
"M5131.State.Runing","DB70.DBX260.0",Boolean,1,RO,100,,,,,,,,,,"M5131设备运行标志",
"M5131.State.SelectPlace","DB70.DBX260.7",Boolean,1,RO,100,,,,,,,,,,"M5131选中位",
"M5131.State.YX_DX","DB50.DBB3915",Byte,1,RO,100,,,,,,,,,,"M5131码垛垛型",
"M5131.State.YX_Num","DB50.DBB3916",Byte,1,RO,100,,,,,,,,,,"M5131烟箱数量",
"M5131.State.YX_Type","DB50.DBB3914",Byte,1,RO,100,,,,,,,,,,"M5131烟箱类型",
"M5131.Task.Code","DB50.DINT3902",Long,1,RO,100,,,,,,,,,,"M5131托盘条码",
"M5131.Task.DestSta","DB50.DBW3910",Short,1,RO,100,,,,,,,,,,"M5131目标地址",
"M5131.Task.StartSta","DB50.DBW3908",Short,1,RO,100,,,,,,,,,,"M5131起始地址",
"M5131.Task.Task","DB50.DBW3900",Short,1,RO,100,,,,,,,,,,"M5131任务号",
"M5131.Task.TpType","DB50.DBW3906",Short,1,RO,100,,,,,,,,,,"M5131货物类型",
"M5132.Alarm.B_Fault","DB50.DBX3942.4",Boolean,1,RO,100,,,,,,,,,,"M5132后超长",
"M5132.Alarm.DriveFault","DB70.DBX262.2",Boolean,1,RO,100,,,,,,,,,,"M5132驱动器故障",
"M5132.Alarm.EstopFault","DB70.DBX263.3",Boolean,1,RO,100,,,,,,,,,,"M5132急停故障",
"M5132.Alarm.F_Fault","DB50.DBX3942.3",Boolean,1,RO,100,,,,,,,,,,"M5132前超长",
"M5132.Alarm.H_Fault","DB50.DBX3942.2",Boolean,1,RO,100,,,,,,,,,,"M5132超高",
"M5132.Alarm.L_Fault","DB50.DBX3942.5",Boolean,1,RO,100,,,,,,,,,,"M5132左超宽",
"M5132.Alarm.LS_Fault","DB70.DBX263.2",Boolean,1,RO,100,,,,,,,,,,"M5132限位故障",
"M5132.Alarm.NoRead","DB50.DBX3943.1",Boolean,1,RO,100,,,,,,,,,,"M5132条码未读出",
"M5132.Alarm.OutSideFault","DB70.DBX263.1",Boolean,1,RO,100,,,,,,,,,,"M5132货物超边故障",
"M5132.Alarm.PH_Fault","DB70.DBX262.6",Boolean,1,RO,100,,,,,,,,,,"M5132光电管异常",
"M5132.Alarm.QF_Fault","DB70.DBX262.4",Boolean,1,RO,100,,,,,,,,,,"M5132空开故障",
"M5132.Alarm.QS_Fault","DB70.DBX262.5",Boolean,1,RO,100,,,,,,,,,,"M5132隔离开关故障",
"M5132.Alarm.R_Fault","DB50.DBX3942.6",Boolean,1,RO,100,,,,,,,,,,"M5132右超宽",
"M5132.Alarm.RFID_ReadFault","DB50.DBX3943.3",Boolean,1,RO,100,,,,,,,,,,"M5132RFID读取错误",
"M5132.Alarm.RFID_WriteFault","DB50.DBX3943.2",Boolean,1,RO,100,,,,,,,,,,"M5132RFID写入错误",
"M5132.Alarm.TimeOutFault","DB70.DBX262.3",Boolean,1,RO,100,,,,,,,,,,"M5132超时故障",
"M5132.Alarm.TM_JY_Fault","DB50.DBX3943.0",Boolean,1,RO,100,,,,,,,,,,"M5132条码校验故障",
"M5132.Alarm.TotalFault","DB70.DBX262.1",Boolean,1,RO,100,,,,,,,,,,"M5132总故障",
"M5132.Alarm.WX_Fault","DB50.DBX3942.1",Boolean,1,RO,100,,,,,,,,,,"M5132外形故障",
"M5132.Alarm.WX_TM_Fault","DB50.DBX3942.0",Boolean,1,RO,100,,,,,,,,,,"M5132外形条码总故障",
"M5132.State.Allow","DB50.DBB3949",Byte,1,RO,100,,,,,,,,,,"M5132允许拆盘",
"M5132.State.ForwardRun","DB70.DBX263.6",Boolean,1,RO,100,,,,,,,,,,"M5132正转运行",
"M5132.State.Get_Num","DB50.DBB3948",Byte,1,RO,100,,,,,,,,,,"M5132已取数量",
"M5132.State.LastOne","DB50.DBX3943.4",Boolean,1,RO,100,,,,,,,,,,"M5132强制推盘",
"M5132.State.Load","DB70.DBX263.5",Boolean,1,RO,100,,,,,,,,,,"M5132负载",
"M5132.State.MD_State1","DB50.DINT3950",Long,1,RO,100,,,,,,,,,,"M5132码垛状态1",
"M5132.State.MD_State2","DB50.DBB3954",Byte,1,RO,100,,,,,,,,,,"M5132码垛状态2",
"M5132.State.Need_Num","DB50.DBB3947",Byte,1,RO,100,,,,,,,,,,"M5132要取数量",
"M5132.State.PH1","I50.6",Boolean,1,RO,100,,,,,,,,,,"5132到位光电",
"M5132.State.PH2","I50.1",Boolean,1,RO,100,,,,,,,,,,"5132对射保护光电",
"M5132.State.ReversalRun","DB70.DBX263.7",Boolean,1,RO,100,,,,,,,,,,"M5132反转运行",
"M5132.State.Runing","DB70.DBX262.0",Boolean,1,RO,100,,,,,,,,,,"M5132设备运行标志",
"M5132.State.SelectPlace","DB70.DBX262.7",Boolean,1,RO,100,,,,,,,,,,"M5132选中位",
"M5132.State.YX_DX","DB50.DBB3945",Byte,1,RO,100,,,,,,,,,,"M5132码垛垛型",
"M5132.State.YX_Num","DB50.DBB3946",Byte,1,RO,100,,,,,,,,,,"M5132烟箱数量",
"M5132.State.YX_Type","DB50.DBB3944",Byte,1,RO,100,,,,,,,,,,"M5132烟箱类型",
"M5132.Task.Code","DB50.DINT3932",Long,1,RO,100,,,,,,,,,,"M5132托盘条码",
"M5132.Task.DestSta","DB50.DBW3940",Short,1,RO,100,,,,,,,,,,"M5132目标地址",
"M5132.Task.StartSta","DB50.DBW3938",Short,1,RO,100,,,,,,,,,,"M5132起始地址",
"M5132.Task.Task","DB50.DBW3930",Short,1,RO,100,,,,,,,,,,"M5132任务号",
"M5132.Task.TpType","DB50.DBW3936",Short,1,RO,100,,,,,,,,,,"M5132货物类型",
"M5133.Alarm.B_Fault","DB50.DBX3972.4",Boolean,1,RO,100,,,,,,,,,,"M5133后超长",
"M5133.Alarm.DriveFault","DB70.DBX264.2",Boolean,1,RO,100,,,,,,,,,,"M5133驱动器故障",
"M5133.Alarm.EstopFault","DB70.DBX265.3",Boolean,1,RO,100,,,,,,,,,,"M5133急停故障",
"M5133.Alarm.F_Fault","DB50.DBX3972.3",Boolean,1,RO,100,,,,,,,,,,"M5133前超长",
"M5133.Alarm.H_Fault","DB50.DBX3972.2",Boolean,1,RO,100,,,,,,,,,,"M5133超高",
"M5133.Alarm.L_Fault","DB50.DBX3972.5",Boolean,1,RO,100,,,,,,,,,,"M5133左超宽",
"M5133.Alarm.LS_Fault","DB70.DBX265.2",Boolean,1,RO,100,,,,,,,,,,"M5133限位故障",
"M5133.Alarm.NoRead","DB50.DBX3973.1",Boolean,1,RO,100,,,,,,,,,,"M5133条码未读出",
"M5133.Alarm.OutSideFault","DB70.DBX265.1",Boolean,1,RO,100,,,,,,,,,,"M5133货物超边故障",
"M5133.Alarm.PH_Fault","DB70.DBX264.6",Boolean,1,RO,100,,,,,,,,,,"M5133光电管异常",
"M5133.Alarm.QF_Fault","DB70.DBX264.4",Boolean,1,RO,100,,,,,,,,,,"M5133空开故障",
"M5133.Alarm.QS_Fault","DB70.DBX264.5",Boolean,1,RO,100,,,,,,,,,,"M5133隔离开关故障",
"M5133.Alarm.R_Fault","DB50.DBX3972.6",Boolean,1,RO,100,,,,,,,,,,"M5133右超宽",
"M5133.Alarm.RFID_ReadFault","DB50.DBX3973.3",Boolean,1,RO,100,,,,,,,,,,"M5133RFID读取错误",
"M5133.Alarm.RFID_WriteFault","DB50.DBX3973.2",Boolean,1,RO,100,,,,,,,,,,"M5133RFID写入错误",
"M5133.Alarm.TimeOutFault","DB70.DBX264.3",Boolean,1,RO,100,,,,,,,,,,"M5133超时故障",
"M5133.Alarm.TM_JY_Fault","DB50.DBX3973.0",Boolean,1,RO,100,,,,,,,,,,"M5133条码校验故障",
"M5133.Alarm.TotalFault","DB70.DBX264.1",Boolean,1,RO,100,,,,,,,,,,"M5133总故障",
"M5133.Alarm.WX_Fault","DB50.DBX3972.1",Boolean,1,RO,100,,,,,,,,,,"M5133外形故障",
"M5133.Alarm.WX_TM_Fault","DB50.DBX3972.0",Boolean,1,RO,100,,,,,,,,,,"M5133外形条码总故障",
"M5133.State.Allow","DB50.DBB3979",Byte,1,RO,100,,,,,,,,,,"M5133允许拆盘",
"M5133.State.ForwardRun","DB70.DBX265.6",Boolean,1,RO,100,,,,,,,,,,"M5133正转运行",
"M5133.State.Get_Num","DB50.DBB3978",Byte,1,RO,100,,,,,,,,,,"M5133已取数量",
"M5133.State.LastOne","DB50.DBX3973.4",Boolean,1,RO,100,,,,,,,,,,"M5133强制推盘",
"M5133.State.Load","DB70.DBX265.5",Boolean,1,RO,100,,,,,,,,,,"M5133负载",
"M5133.State.MD_State1","DB50.DINT3980",Long,1,RO,100,,,,,,,,,,"M5133码垛状态1",
"M5133.State.MD_State2","DB50.DBB3984",Byte,1,RO,100,,,,,,,,,,"M5133码垛状态2",
"M5133.State.Need_Num","DB50.DBB3977",Byte,1,RO,100,,,,,,,,,,"M5133要取数量",
"M5133.State.PH1","I50.5",Boolean,1,RO,100,,,,,,,,,,"5133到位光电",
"M5133.State.PH2","I50.7",Boolean,1,RO,100,,,,,,,,,,"5133对射保护光电",
"M5133.State.ReversalRun","DB70.DBX265.7",Boolean,1,RO,100,,,,,,,,,,"M5133反转运行",
"M5133.State.Runing","DB70.DBX264.0",Boolean,1,RO,100,,,,,,,,,,"M5133设备运行标志",
"M5133.State.SelectPlace","DB70.DBX264.7",Boolean,1,RO,100,,,,,,,,,,"M5133选中位",
"M5133.State.YX_DX","DB50.DBB3975",Byte,1,RO,100,,,,,,,,,,"M5133码垛垛型",
"M5133.State.YX_Num","DB50.DBB3976",Byte,1,RO,100,,,,,,,,,,"M5133烟箱数量",
"M5133.State.YX_Type","DB50.DBB3974",Byte,1,RO,100,,,,,,,,,,"M5133烟箱类型",
"M5133.Task.Code","DB50.DINT3962",Long,1,RO,100,,,,,,,,,,"M5133托盘条码",
"M5133.Task.DestSta","DB50.DBW3970",Short,1,RO,100,,,,,,,,,,"M5133目标地址",
"M5133.Task.StartSta","DB50.DBW3968",Short,1,RO,100,,,,,,,,,,"M5133起始地址",
"M5133.Task.Task","DB50.DBW3960",Short,1,RO,100,,,,,,,,,,"M5133任务号",
"M5133.Task.TpType","DB50.DBW3966",Short,1,RO,100,,,,,,,,,,"M5133货物类型",
"M5134.Alarm.B_Fault","DB50.DBX4002.4",Boolean,1,RO,100,,,,,,,,,,"M5134后超长",
"M5134.Alarm.DriveFault","DB70.DBX266.2",Boolean,1,RO,100,,,,,,,,,,"M5134驱动器故障",
"M5134.Alarm.EstopFault","DB70.DBX267.3",Boolean,1,RO,100,,,,,,,,,,"M5134急停故障",
"M5134.Alarm.F_Fault","DB50.DBX4002.3",Boolean,1,RO,100,,,,,,,,,,"M5134前超长",
"M5134.Alarm.H_Fault","DB50.DBX4002.2",Boolean,1,RO,100,,,,,,,,,,"M5134超高",
"M5134.Alarm.L_Fault","DB50.DBX4002.5",Boolean,1,RO,100,,,,,,,,,,"M5134左超宽",
"M5134.Alarm.LS_Fault","DB70.DBX267.2",Boolean,1,RO,100,,,,,,,,,,"M5134限位故障",
"M5134.Alarm.NoRead","DB50.DBX4003.1",Boolean,1,RO,100,,,,,,,,,,"M5134条码未读出",
"M5134.Alarm.OutSideFault","DB70.DBX267.1",Boolean,1,RO,100,,,,,,,,,,"M5134货物超边故障",
"M5134.Alarm.PH_Fault","DB70.DBX266.6",Boolean,1,RO,100,,,,,,,,,,"M5134光电管异常",
"M5134.Alarm.QF_Fault","DB70.DBX266.4",Boolean,1,RO,100,,,,,,,,,,"M5134空开故障",
"M5134.Alarm.QS_Fault","DB70.DBX266.5",Boolean,1,RO,100,,,,,,,,,,"M5134隔离开关故障",
"M5134.Alarm.R_Fault","DB50.DBX4002.6",Boolean,1,RO,100,,,,,,,,,,"M5134右超宽",
"M5134.Alarm.RFID_ReadFault","DB50.DBX4003.3",Boolean,1,RO,100,,,,,,,,,,"M5134RFID读取错误",
"M5134.Alarm.RFID_WriteFault","DB50.DBX4003.2",Boolean,1,RO,100,,,,,,,,,,"M5134RFID写入错误",
"M5134.Alarm.TimeOutFault","DB70.DBX266.3",Boolean,1,RO,100,,,,,,,,,,"M5134超时故障",
"M5134.Alarm.TM_JY_Fault","DB50.DBX4003.0",Boolean,1,RO,100,,,,,,,,,,"M5134条码校验故障",
"M5134.Alarm.TotalFault","DB70.DBX266.1",Boolean,1,RO,100,,,,,,,,,,"M5134总故障",
"M5134.Alarm.WX_Fault","DB50.DBX4002.1",Boolean,1,RO,100,,,,,,,,,,"M5134外形故障",
"M5134.Alarm.WX_TM_Fault","DB50.DBX4002.0",Boolean,1,RO,100,,,,,,,,,,"M5134外形条码总故障",
"M5134.State.Allow","DB50.DBB4009",Byte,1,RO,100,,,,,,,,,,"M5134允许拆盘",
"M5134.State.ForwardRun","DB70.DBX267.6",Boolean,1,RO,100,,,,,,,,,,"M5134正转运行",
"M5134.State.Get_Num","DB50.DBB4008",Byte,1,RO,100,,,,,,,,,,"M5134已取数量",
"M5134.State.LastOne","DB50.DBX4003.4",Boolean,1,RO,100,,,,,,,,,,"M5134强制推盘",
"M5134.State.Load","DB70.DBX267.5",Boolean,1,RO,100,,,,,,,,,,"M5134负载",
"M5134.State.MD_State1","DB50.DINT4010",Long,1,RO,100,,,,,,,,,,"M5134码垛状态1",
"M5134.State.MD_State2","DB50.DBB4014",Byte,1,RO,100,,,,,,,,,,"M5134码垛状态2",
"M5134.State.Need_Num","DB50.DBB4007",Byte,1,RO,100,,,,,,,,,,"M5134要取数量",
"M5134.State.PH1","I53.2",Boolean,1,RO,100,,,,,,,,,,"5134到位光电",
"M5134.State.PH2","I53.4",Boolean,1,RO,100,,,,,,,,,,"5134对射保护光电",
"M5134.State.ReversalRun","DB70.DBX267.7",Boolean,1,RO,100,,,,,,,,,,"M5134反转运行",
"M5134.State.Runing","DB70.DBX266.0",Boolean,1,RO,100,,,,,,,,,,"M5134设备运行标志",
"M5134.State.SelectPlace","DB70.DBX266.7",Boolean,1,RO,100,,,,,,,,,,"M5134选中位",
"M5134.State.YX_DX","DB50.DBB4005",Byte,1,RO,100,,,,,,,,,,"M5134码垛垛型",
"M5134.State.YX_Num","DB50.DBB4006",Byte,1,RO,100,,,,,,,,,,"M5134烟箱数量",
"M5134.State.YX_Type","DB50.DBB4004",Byte,1,RO,100,,,,,,,,,,"M5134烟箱类型",
"M5134.Task.Code","DB50.DINT3992",Long,1,RO,100,,,,,,,,,,"M5134托盘条码",
"M5134.Task.DestSta","DB50.DBW4000",Short,1,RO,100,,,,,,,,,,"M5134目标地址",
"M5134.Task.StartSta","DB50.DBW3998",Short,1,RO,100,,,,,,,,,,"M5134起始地址",
"M5134.Task.Task","DB50.DBW3990",Short,1,RO,100,,,,,,,,,,"M5134任务号",
"M5134.Task.TpType","DB50.DBW3996",Short,1,RO,100,,,,,,,,,,"M5134货物类型",
"M5135.Alarm.B_Fault","DB50.DBX4032.4",Boolean,1,RO,100,,,,,,,,,,"M5135后超长",
"M5135.Alarm.DriveFault","DB70.DBX268.2",Boolean,1,RO,100,,,,,,,,,,"M5135驱动器故障",
"M5135.Alarm.EstopFault","DB70.DBX269.3",Boolean,1,RO,100,,,,,,,,,,"M5135急停故障",
"M5135.Alarm.F_Fault","DB50.DBX4032.3",Boolean,1,RO,100,,,,,,,,,,"M5135前超长",
"M5135.Alarm.H_Fault","DB50.DBX4032.2",Boolean,1,RO,100,,,,,,,,,,"M5135超高",
"M5135.Alarm.L_Fault","DB50.DBX4032.5",Boolean,1,RO,100,,,,,,,,,,"M5135左超宽",
"M5135.Alarm.LS_Fault","DB70.DBX269.2",Boolean,1,RO,100,,,,,,,,,,"M5135限位故障",
"M5135.Alarm.NoRead","DB50.DBX4033.1",Boolean,1,RO,100,,,,,,,,,,"M5135条码未读出",
"M5135.Alarm.OutSideFault","DB70.DBX269.1",Boolean,1,RO,100,,,,,,,,,,"M5135货物超边故障",
"M5135.Alarm.PH_Fault","DB70.DBX268.6",Boolean,1,RO,100,,,,,,,,,,"M5135光电管异常",
"M5135.Alarm.QF_Fault","DB70.DBX268.4",Boolean,1,RO,100,,,,,,,,,,"M5135空开故障",
"M5135.Alarm.QS_Fault","DB70.DBX268.5",Boolean,1,RO,100,,,,,,,,,,"M5135隔离开关故障",
"M5135.Alarm.R_Fault","DB50.DBX4032.6",Boolean,1,RO,100,,,,,,,,,,"M5135右超宽",
"M5135.Alarm.RFID_ReadFault","DB50.DBX4033.3",Boolean,1,RO,100,,,,,,,,,,"M5135RFID读取错误",
"M5135.Alarm.RFID_WriteFault","DB50.DBX4033.2",Boolean,1,RO,100,,,,,,,,,,"M5135RFID写入错误",
"M5135.Alarm.TimeOutFault","DB70.DBX268.3",Boolean,1,RO,100,,,,,,,,,,"M5135超时故障",
"M5135.Alarm.TM_JY_Fault","DB50.DBX4033.0",Boolean,1,RO,100,,,,,,,,,,"M5135条码校验故障",
"M5135.Alarm.TotalFault","DB70.DBX268.1",Boolean,1,RO,100,,,,,,,,,,"M5135总故障",
"M5135.Alarm.WX_Fault","DB50.DBX4032.1",Boolean,1,RO,100,,,,,,,,,,"M5135外形故障",
"M5135.Alarm.WX_TM_Fault","DB50.DBX4032.0",Boolean,1,RO,100,,,,,,,,,,"M5135外形条码总故障",
"M5135.State.Allow","DB50.DBB4039",Byte,1,RO,100,,,,,,,,,,"M5135允许拆盘",
"M5135.State.ForwardRun","DB70.DBX269.6",Boolean,1,RO,100,,,,,,,,,,"M5135正转运行",
"M5135.State.Get_Num","DB50.DBB4038",Byte,1,RO,100,,,,,,,,,,"M5135已取数量",
"M5135.State.LastOne","DB50.DBX4033.4",Boolean,1,RO,100,,,,,,,,,,"M5135强制推盘",
"M5135.State.Load","DB70.DBX269.5",Boolean,1,RO,100,,,,,,,,,,"M5135负载",
"M5135.State.MD_State1","DB50.DINT4040",Long,1,RO,100,,,,,,,,,,"M5135码垛状态1",
"M5135.State.MD_State2","DB50.DBB4044",Byte,1,RO,100,,,,,,,,,,"M5135码垛状态2",
"M5135.State.Need_Num","DB50.DBB4037",Byte,1,RO,100,,,,,,,,,,"M5135要取数量",
"M5135.State.PH1","I53.1",Boolean,1,RO,100,,,,,,,,,,"5135到位光电",
"M5135.State.PH2","I53.3",Boolean,1,RO,100,,,,,,,,,,"5135对射保护光电",
"M5135.State.ReversalRun","DB70.DBX269.7",Boolean,1,RO,100,,,,,,,,,,"M5135反转运行",
"M5135.State.Runing","DB70.DBX268.0",Boolean,1,RO,100,,,,,,,,,,"M5135设备运行标志",
"M5135.State.SelectPlace","DB70.DBX268.7",Boolean,1,RO,100,,,,,,,,,,"M5135选中位",
"M5135.State.YX_DX","DB50.DBB4035",Byte,1,RO,100,,,,,,,,,,"M5135码垛垛型",
"M5135.State.YX_Num","DB50.DBB4036",Byte,1,RO,100,,,,,,,,,,"M5135烟箱数量",
"M5135.State.YX_Type","DB50.DBB4034",Byte,1,RO,100,,,,,,,,,,"M5135烟箱类型",
"M5135.Task.Code","DB50.DINT4022",Long,1,RO,100,,,,,,,,,,"M5135托盘条码",
"M5135.Task.DestSta","DB50.DBW4030",Short,1,RO,100,,,,,,,,,,"M5135目标地址",
"M5135.Task.StartSta","DB50.DBW4028",Short,1,RO,100,,,,,,,,,,"M5135起始地址",
"M5135.Task.Task","DB50.DBW4020",Short,1,RO,100,,,,,,,,,,"M5135任务号",
"M5135.Task.TpType","DB50.DBW4026",Short,1,RO,100,,,,,,,,,,"M5135货物类型",
"M5136.Alarm.B_Fault","DB50.DBX4062.4",Boolean,1,RO,100,,,,,,,,,,"M5136后超长",
"M5136.Alarm.DriveFault","DB70.DBX270.2",Boolean,1,RO,100,,,,,,,,,,"M5136驱动器故障",
"M5136.Alarm.EstopFault","DB70.DBX271.3",Boolean,1,RO,100,,,,,,,,,,"M5136急停故障",
"M5136.Alarm.F_Fault","DB50.DBX4062.3",Boolean,1,RO,100,,,,,,,,,,"M5136前超长",
"M5136.Alarm.H_Fault","DB50.DBX4062.2",Boolean,1,RO,100,,,,,,,,,,"M5136超高",
"M5136.Alarm.L_Fault","DB50.DBX4062.5",Boolean,1,RO,100,,,,,,,,,,"M5136左超宽",
"M5136.Alarm.LS_Fault","DB70.DBX271.2",Boolean,1,RO,100,,,,,,,,,,"M5136限位故障",
"M5136.Alarm.NoRead","DB50.DBX4063.1",Boolean,1,RO,100,,,,,,,,,,"M5136条码未读出",
"M5136.Alarm.OutSideFault","DB70.DBX271.1",Boolean,1,RO,100,,,,,,,,,,"M5136货物超边故障",
"M5136.Alarm.PH_Fault","DB70.DBX270.6",Boolean,1,RO,100,,,,,,,,,,"M5136光电管异常",
"M5136.Alarm.QF_Fault","DB70.DBX270.4",Boolean,1,RO,100,,,,,,,,,,"M5136空开故障",
"M5136.Alarm.QS_Fault","DB70.DBX270.5",Boolean,1,RO,100,,,,,,,,,,"M5136隔离开关故障",
"M5136.Alarm.R_Fault","DB50.DBX4062.6",Boolean,1,RO,100,,,,,,,,,,"M5136右超宽",
"M5136.Alarm.RFID_ReadFault","DB50.DBX4063.3",Boolean,1,RO,100,,,,,,,,,,"M5136RFID读取错误",
"M5136.Alarm.RFID_WriteFault","DB50.DBX4063.2",Boolean,1,RO,100,,,,,,,,,,"M5136RFID写入错误",
"M5136.Alarm.TimeOutFault","DB70.DBX270.3",Boolean,1,RO,100,,,,,,,,,,"M5136超时故障",
"M5136.Alarm.TM_JY_Fault","DB50.DBX4063.0",Boolean,1,RO,100,,,,,,,,,,"M5136条码校验故障",
"M5136.Alarm.TotalFault","DB70.DBX270.1",Boolean,1,RO,100,,,,,,,,,,"M5136总故障",
"M5136.Alarm.WX_Fault","DB50.DBX4062.1",Boolean,1,RO,100,,,,,,,,,,"M5136外形故障",
"M5136.Alarm.WX_TM_Fault","DB50.DBX4062.0",Boolean,1,RO,100,,,,,,,,,,"M5136外形条码总故障",
"M5136.State.Allow","DB50.DBB4069",Byte,1,RO,100,,,,,,,,,,"M5136允许拆盘",
"M5136.State.ForwardRun","DB70.DBX271.6",Boolean,1,RO,100,,,,,,,,,,"M5136正转运行",
"M5136.State.Get_Num","DB50.DBB4068",Byte,1,RO,100,,,,,,,,,,"M5136已取数量",
"M5136.State.LastOne","DB50.DBX4063.4",Boolean,1,RO,100,,,,,,,,,,"M5136强制推盘",
"M5136.State.Load","DB70.DBX271.5",Boolean,1,RO,100,,,,,,,,,,"M5136负载",
"M5136.State.MD_State1","DB50.DINT4070",Long,1,RO,100,,,,,,,,,,"M5136码垛状态1",
"M5136.State.MD_State2","DB50.DBB4074",Byte,1,RO,100,,,,,,,,,,"M5136码垛状态2",
"M5136.State.Need_Num","DB50.DBB4067",Byte,1,RO,100,,,,,,,,,,"M5136要取数量",
"M5136.State.PH1","I53.7",Boolean,1,RO,100,,,,,,,,,,"5136到位光电",
"M5136.State.PH2","I54.0",Boolean,1,RO,100,,,,,,,,,,"5136对射保护光电",
"M5136.State.ReversalRun","DB70.DBX271.7",Boolean,1,RO,100,,,,,,,,,,"M5136反转运行",
"M5136.State.Runing","DB70.DBX270.0",Boolean,1,RO,100,,,,,,,,,,"M5136设备运行标志",
"M5136.State.SelectPlace","DB70.DBX270.7",Boolean,1,RO,100,,,,,,,,,,"M5136选中位",
"M5136.State.YX_DX","DB50.DBB4065",Byte,1,RO,100,,,,,,,,,,"M5136码垛垛型",
"M5136.State.YX_Num","DB50.DBB4066",Byte,1,RO,100,,,,,,,,,,"M5136烟箱数量",
"M5136.State.YX_Type","DB50.DBB4064",Byte,1,RO,100,,,,,,,,,,"M5136烟箱类型",
"M5136.Task.Code","DB50.DINT4052",Long,1,RO,100,,,,,,,,,,"M5136托盘条码",
"M5136.Task.DestSta","DB50.DBW4060",Short,1,RO,100,,,,,,,,,,"M5136目标地址",
"M5136.Task.StartSta","DB50.DBW4058",Short,1,RO,100,,,,,,,,,,"M5136起始地址",
"M5136.Task.Task","DB50.DBW4050",Short,1,RO,100,,,,,,,,,,"M5136任务号",
"M5136.Task.TpType","DB50.DBW4056",Short,1,RO,100,,,,,,,,,,"M5136货物类型",
"M5137.Alarm.B_Fault","DB50.DBX4092.4",Boolean,1,RO,100,,,,,,,,,,"M5137后超长",
"M5137.Alarm.DriveFault","DB70.DBX272.2",Boolean,1,RO,100,,,,,,,,,,"M5137驱动器故障",
"M5137.Alarm.EstopFault","DB70.DBX273.3",Boolean,1,RO,100,,,,,,,,,,"M5137急停故障",
"M5137.Alarm.F_Fault","DB50.DBX4092.3",Boolean,1,RO,100,,,,,,,,,,"M5137前超长",
"M5137.Alarm.H_Fault","DB50.DBX4092.2",Boolean,1,RO,100,,,,,,,,,,"M5137超高",
"M5137.Alarm.L_Fault","DB50.DBX4092.5",Boolean,1,RO,100,,,,,,,,,,"M5137左超宽",
"M5137.Alarm.LS_Fault","DB70.DBX273.2",Boolean,1,RO,100,,,,,,,,,,"M5137限位故障",
"M5137.Alarm.NoRead","DB50.DBX4093.1",Boolean,1,RO,100,,,,,,,,,,"M5137条码未读出",
"M5137.Alarm.OutSideFault","DB70.DBX273.1",Boolean,1,RO,100,,,,,,,,,,"M5137货物超边故障",
"M5137.Alarm.PH_Fault","DB70.DBX272.6",Boolean,1,RO,100,,,,,,,,,,"M5137光电管异常",
"M5137.Alarm.QF_Fault","DB70.DBX272.4",Boolean,1,RO,100,,,,,,,,,,"M5137空开故障",
"M5137.Alarm.QS_Fault","DB70.DBX272.5",Boolean,1,RO,100,,,,,,,,,,"M5137隔离开关故障",
"M5137.Alarm.R_Fault","DB50.DBX4092.6",Boolean,1,RO,100,,,,,,,,,,"M5137右超宽",
"M5137.Alarm.RFID_ReadFault","DB50.DBX4093.3",Boolean,1,RO,100,,,,,,,,,,"M5137RFID读取错误",
"M5137.Alarm.RFID_WriteFault","DB50.DBX4093.2",Boolean,1,RO,100,,,,,,,,,,"M5137RFID写入错误",
"M5137.Alarm.TimeOutFault","DB70.DBX272.3",Boolean,1,RO,100,,,,,,,,,,"M5137超时故障",
"M5137.Alarm.TM_JY_Fault","DB50.DBX4093.0",Boolean,1,RO,100,,,,,,,,,,"M5137条码校验故障",
"M5137.Alarm.TotalFault","DB70.DBX272.1",Boolean,1,RO,100,,,,,,,,,,"M5137总故障",
"M5137.Alarm.WX_Fault","DB50.DBX4092.1",Boolean,1,RO,100,,,,,,,,,,"M5137外形故障",
"M5137.Alarm.WX_TM_Fault","DB50.DBX4092.0",Boolean,1,RO,100,,,,,,,,,,"M5137外形条码总故障",
"M5137.State.Allow","DB50.DBB4099",Byte,1,RO,100,,,,,,,,,,"M5137允许拆盘",
"M5137.State.ForwardRun","DB70.DBX273.6",Boolean,1,RO,100,,,,,,,,,,"M5137正转运行",
"M5137.State.Get_Num","DB50.DBB4098",Byte,1,RO,100,,,,,,,,,,"M5137已取数量",
"M5137.State.LastOne","DB50.DBX4093.4",Boolean,1,RO,100,,,,,,,,,,"M5137强制推盘",
"M5137.State.Load","DB70.DBX273.5",Boolean,1,RO,100,,,,,,,,,,"M5137负载",
"M5137.State.MD_State1","DB50.DINT4100",Long,1,RO,100,,,,,,,,,,"M5137码垛状态1",
"M5137.State.MD_State2","DB50.DBB4104",Byte,1,RO,100,,,,,,,,,,"M5137码垛状态2",
"M5137.State.Need_Num","DB50.DBB4097",Byte,1,RO,100,,,,,,,,,,"M5137要取数量",
"M5137.State.PH1","I54.4",Boolean,1,RO,100,,,,,,,,,,"5137到位光电",
"M5137.State.PH2","I54.6",Boolean,1,RO,100,,,,,,,,,,"5137对射保护光电",
"M5137.State.ReversalRun","DB70.DBX273.7",Boolean,1,RO,100,,,,,,,,,,"M5137反转运行",
"M5137.State.Runing","DB70.DBX272.0",Boolean,1,RO,100,,,,,,,,,,"M5137设备运行标志",
"M5137.State.SelectPlace","DB70.DBX272.7",Boolean,1,RO,100,,,,,,,,,,"M5137选中位",
"M5137.State.YX_DX","DB50.DBB4095",Byte,1,RO,100,,,,,,,,,,"M5137码垛垛型",
"M5137.State.YX_Num","DB50.DBB4096",Byte,1,RO,100,,,,,,,,,,"M5137烟箱数量",
"M5137.State.YX_Type","DB50.DBB4094",Byte,1,RO,100,,,,,,,,,,"M5137烟箱类型",
"M5137.Task.Code","DB50.DINT4082",Long,1,RO,100,,,,,,,,,,"M5137托盘条码",
"M5137.Task.DestSta","DB50.DBW4090",Short,1,RO,100,,,,,,,,,,"M5137目标地址",
"M5137.Task.StartSta","DB50.DBW4088",Short,1,RO,100,,,,,,,,,,"M5137起始地址",
"M5137.Task.Task","DB50.DBW4080",Short,1,RO,100,,,,,,,,,,"M5137任务号",
"M5137.Task.TpType","DB50.DBW4086",Short,1,RO,100,,,,,,,,,,"M5137货物类型",
"M5138.Alarm.B_Fault","DB50.DBX4122.4",Boolean,1,RO,100,,,,,,,,,,"M5138后超长",
"M5138.Alarm.DriveFault","DB70.DBX274.2",Boolean,1,RO,100,,,,,,,,,,"M5138驱动器故障",
"M5138.Alarm.EstopFault","DB70.DBX275.3",Boolean,1,RO,100,,,,,,,,,,"M5138急停故障",
"M5138.Alarm.F_Fault","DB50.DBX4122.3",Boolean,1,RO,100,,,,,,,,,,"M5138前超长",
"M5138.Alarm.H_Fault","DB50.DBX4122.2",Boolean,1,RO,100,,,,,,,,,,"M5138超高",
"M5138.Alarm.L_Fault","DB50.DBX4122.5",Boolean,1,RO,100,,,,,,,,,,"M5138左超宽",
"M5138.Alarm.LS_Fault","DB70.DBX275.2",Boolean,1,RO,100,,,,,,,,,,"M5138限位故障",
"M5138.Alarm.NoRead","DB50.DBX4123.1",Boolean,1,RO,100,,,,,,,,,,"M5138条码未读出",
"M5138.Alarm.OutSideFault","DB70.DBX275.1",Boolean,1,RO,100,,,,,,,,,,"M5138货物超边故障",
"M5138.Alarm.PH_Fault","DB70.DBX274.6",Boolean,1,RO,100,,,,,,,,,,"M5138光电管异常",
"M5138.Alarm.QF_Fault","DB70.DBX274.4",Boolean,1,RO,100,,,,,,,,,,"M5138空开故障",
"M5138.Alarm.QS_Fault","DB70.DBX274.5",Boolean,1,RO,100,,,,,,,,,,"M5138隔离开关故障",
"M5138.Alarm.R_Fault","DB50.DBX4122.6",Boolean,1,RO,100,,,,,,,,,,"M5138右超宽",
"M5138.Alarm.RFID_ReadFault","DB50.DBX4123.3",Boolean,1,RO,100,,,,,,,,,,"M5138RFID读取错误",
"M5138.Alarm.RFID_WriteFault","DB50.DBX4123.2",Boolean,1,RO,100,,,,,,,,,,"M5138RFID写入错误",
"M5138.Alarm.TimeOutFault","DB70.DBX274.3",Boolean,1,RO,100,,,,,,,,,,"M5138超时故障",
"M5138.Alarm.TM_JY_Fault","DB50.DBX4123.0",Boolean,1,RO,100,,,,,,,,,,"M5138条码校验故障",
"M5138.Alarm.TotalFault","DB70.DBX274.1",Boolean,1,RO,100,,,,,,,,,,"M5138总故障",
"M5138.Alarm.WX_Fault","DB50.DBX4122.1",Boolean,1,RO,100,,,,,,,,,,"M5138外形故障",
"M5138.Alarm.WX_TM_Fault","DB50.DBX4122.0",Boolean,1,RO,100,,,,,,,,,,"M5138外形条码总故障",
"M5138.State.Allow","DB50.DBB4129",Byte,1,RO,100,,,,,,,,,,"M5138允许拆盘",
"M5138.State.ForwardRun","DB70.DBX275.6",Boolean,1,RO,100,,,,,,,,,,"M5138正转运行",
"M5138.State.Get_Num","DB50.DBB4128",Byte,1,RO,100,,,,,,,,,,"M5138已取数量",
"M5138.State.LastOne","DB50.DBX4123.4",Boolean,1,RO,100,,,,,,,,,,"M5138强制推盘",
"M5138.State.Load","DB70.DBX275.5",Boolean,1,RO,100,,,,,,,,,,"M5138负载",
"M5138.State.MD_State1","DB50.DINT4130",Long,1,RO,100,,,,,,,,,,"M5138码垛状态1",
"M5138.State.MD_State2","DB50.DBB4134",Byte,1,RO,100,,,,,,,,,,"M5138码垛状态2",
"M5138.State.Need_Num","DB50.DBB4127",Byte,1,RO,100,,,,,,,,,,"M5138要取数量",
"M5138.State.PH1","I54.3",Boolean,1,RO,100,,,,,,,,,,"5138到位光电",
"M5138.State.PH2","I54.5",Boolean,1,RO,100,,,,,,,,,,"5138对射保护光电",
"M5138.State.ReversalRun","DB70.DBX275.7",Boolean,1,RO,100,,,,,,,,,,"M5138反转运行",
"M5138.State.Runing","DB70.DBX274.0",Boolean,1,RO,100,,,,,,,,,,"M5138设备运行标志",
"M5138.State.SelectPlace","DB70.DBX274.7",Boolean,1,RO,100,,,,,,,,,,"M5138选中位",
"M5138.State.YX_DX","DB50.DBB4125",Byte,1,RO,100,,,,,,,,,,"M5138码垛垛型",
"M5138.State.YX_Num","DB50.DBB4126",Byte,1,RO,100,,,,,,,,,,"M5138烟箱数量",
"M5138.State.YX_Type","DB50.DBB4124",Byte,1,RO,100,,,,,,,,,,"M5138烟箱类型",
"M5138.Task.Code","DB50.DINT4112",Long,1,RO,100,,,,,,,,,,"M5138托盘条码",
"M5138.Task.DestSta","DB50.DBW4120",Short,1,RO,100,,,,,,,,,,"M5138目标地址",
"M5138.Task.StartSta","DB50.DBW4118",Short,1,RO,100,,,,,,,,,,"M5138起始地址",
"M5138.Task.Task","DB50.DBW4110",Short,1,RO,100,,,,,,,,,,"M5138任务号",
"M5138.Task.TpType","DB50.DBW4116",Short,1,RO,100,,,,,,,,,,"M5138货物类型",
"M5139.Alarm.B_Fault","DB50.DBX4152.4",Boolean,1,RO,100,,,,,,,,,,"M5139后超长",
"M5139.Alarm.DriveFault","DB70.DBX276.2",Boolean,1,RO,100,,,,,,,,,,"M5139驱动器故障",
"M5139.Alarm.EstopFault","DB70.DBX277.3",Boolean,1,RO,100,,,,,,,,,,"M5139急停故障",
"M5139.Alarm.F_Fault","DB50.DBX4152.3",Boolean,1,RO,100,,,,,,,,,,"M5139前超长",
"M5139.Alarm.H_Fault","DB50.DBX4152.2",Boolean,1,RO,100,,,,,,,,,,"M5139超高",
"M5139.Alarm.L_Fault","DB50.DBX4152.5",Boolean,1,RO,100,,,,,,,,,,"M5139左超宽",
"M5139.Alarm.LS_Fault","DB70.DBX277.2",Boolean,1,RO,100,,,,,,,,,,"M5139限位故障",
"M5139.Alarm.NoRead","DB50.DBX4153.1",Boolean,1,RO,100,,,,,,,,,,"M5139条码未读出",
"M5139.Alarm.OutSideFault","DB70.DBX277.1",Boolean,1,RO,100,,,,,,,,,,"M5139货物超边故障",
"M5139.Alarm.PH_Fault","DB70.DBX276.6",Boolean,1,RO,100,,,,,,,,,,"M5139光电管异常",
"M5139.Alarm.QF_Fault","DB70.DBX276.4",Boolean,1,RO,100,,,,,,,,,,"M5139空开故障",
"M5139.Alarm.QS_Fault","DB70.DBX276.5",Boolean,1,RO,100,,,,,,,,,,"M5139隔离开关故障",
"M5139.Alarm.R_Fault","DB50.DBX4152.6",Boolean,1,RO,100,,,,,,,,,,"M5139右超宽",
"M5139.Alarm.RFID_ReadFault","DB50.DBX4153.3",Boolean,1,RO,100,,,,,,,,,,"M5139RFID读取错误",
"M5139.Alarm.RFID_WriteFault","DB50.DBX4153.2",Boolean,1,RO,100,,,,,,,,,,"M5139RFID写入错误",
"M5139.Alarm.TimeOutFault","DB70.DBX276.3",Boolean,1,RO,100,,,,,,,,,,"M5139超时故障",
"M5139.Alarm.TM_JY_Fault","DB50.DBX4153.0",Boolean,1,RO,100,,,,,,,,,,"M5139条码校验故障",
"M5139.Alarm.TotalFault","DB70.DBX276.1",Boolean,1,RO,100,,,,,,,,,,"M5139总故障",
"M5139.Alarm.WX_Fault","DB50.DBX4152.1",Boolean,1,RO,100,,,,,,,,,,"M5139外形故障",
"M5139.Alarm.WX_TM_Fault","DB50.DBX4152.0",Boolean,1,RO,100,,,,,,,,,,"M5139外形条码总故障",
"M5139.State.Allow","DB50.DBB4159",Byte,1,RO,100,,,,,,,,,,"M5139允许拆盘",
"M5139.State.ForwardRun","DB70.DBX277.6",Boolean,1,RO,100,,,,,,,,,,"M5139正转运行",
"M5139.State.Get_Num","DB50.DBB4158",Byte,1,RO,100,,,,,,,,,,"M5139已取数量",
"M5139.State.LastOne","DB50.DBX4153.4",Boolean,1,RO,100,,,,,,,,,,"M5139强制推盘",
"M5139.State.Load","DB70.DBX277.5",Boolean,1,RO,100,,,,,,,,,,"M5139负载",
"M5139.State.MD_State1","DB50.DINT4160",Long,1,RO,100,,,,,,,,,,"M5139码垛状态1",
"M5139.State.MD_State2","DB50.DBB4164",Byte,1,RO,100,,,,,,,,,,"M5139码垛状态2",
"M5139.State.Need_Num","DB50.DBB4157",Byte,1,RO,100,,,,,,,,,,"M5139要取数量",
"M5139.State.PH1","I55.0",Boolean,1,RO,100,,,,,,,,,,"5139到位光电",
"M5139.State.PH2","I55.2",Boolean,1,RO,100,,,,,,,,,,"5139对射保护光电",
"M5139.State.ReversalRun","DB70.DBX277.7",Boolean,1,RO,100,,,,,,,,,,"M5139反转运行",
"M5139.State.Runing","DB70.DBX276.0",Boolean,1,RO,100,,,,,,,,,,"M5139设备运行标志",
"M5139.State.SelectPlace","DB70.DBX276.7",Boolean,1,RO,100,,,,,,,,,,"M5139选中位",
"M5139.State.YX_DX","DB50.DBB4155",Byte,1,RO,100,,,,,,,,,,"M5139码垛垛型",
"M5139.State.YX_Num","DB50.DBB4156",Byte,1,RO,100,,,,,,,,,,"M5139烟箱数量",
"M5139.State.YX_Type","DB50.DBB4154",Byte,1,RO,100,,,,,,,,,,"M5139烟箱类型",
"M5139.Task.Code","DB50.DINT4142",Long,1,RO,100,,,,,,,,,,"M5139托盘条码",
"M5139.Task.DestSta","DB50.DBW4150",Short,1,RO,100,,,,,,,,,,"M5139目标地址",
"M5139.Task.StartSta","DB50.DBW4148",Short,1,RO,100,,,,,,,,,,"M5139起始地址",
"M5139.Task.Task","DB50.DBW4140",Short,1,RO,100,,,,,,,,,,"M5139任务号",
"M5139.Task.TpType","DB50.DBW4146",Short,1,RO,100,,,,,,,,,,"M5139货物类型",
"M5140.Alarm.B_Fault","DB50.DBX4182.4",Boolean,1,RO,100,,,,,,,,,,"M5140后超长",
"M5140.Alarm.DriveFault","DB70.DBX278.2",Boolean,1,RO,100,,,,,,,,,,"M5140驱动器故障",
"M5140.Alarm.EstopFault","DB70.DBX279.3",Boolean,1,RO,100,,,,,,,,,,"M5140急停故障",
"M5140.Alarm.F_Fault","DB50.DBX4182.3",Boolean,1,RO,100,,,,,,,,,,"M5140前超长",
"M5140.Alarm.H_Fault","DB50.DBX4182.2",Boolean,1,RO,100,,,,,,,,,,"M5140超高",
"M5140.Alarm.L_Fault","DB50.DBX4182.5",Boolean,1,RO,100,,,,,,,,,,"M5140左超宽",
"M5140.Alarm.LS_Fault","DB70.DBX279.2",Boolean,1,RO,100,,,,,,,,,,"M5140限位故障",
"M5140.Alarm.NoRead","DB50.DBX4183.1",Boolean,1,RO,100,,,,,,,,,,"M5140条码未读出",
"M5140.Alarm.OutSideFault","DB70.DBX279.1",Boolean,1,RO,100,,,,,,,,,,"M5140货物超边故障",
"M5140.Alarm.PH_Fault","DB70.DBX278.6",Boolean,1,RO,100,,,,,,,,,,"M5140光电管异常",
"M5140.Alarm.QF_Fault","DB70.DBX278.4",Boolean,1,RO,100,,,,,,,,,,"M5140空开故障",
"M5140.Alarm.QS_Fault","DB70.DBX278.5",Boolean,1,RO,100,,,,,,,,,,"M5140隔离开关故障",
"M5140.Alarm.R_Fault","DB50.DBX4182.6",Boolean,1,RO,100,,,,,,,,,,"M5140右超宽",
"M5140.Alarm.RFID_ReadFault","DB50.DBX4183.3",Boolean,1,RO,100,,,,,,,,,,"M5140RFID读取错误",
"M5140.Alarm.RFID_WriteFault","DB50.DBX4183.2",Boolean,1,RO,100,,,,,,,,,,"M5140RFID写入错误",
"M5140.Alarm.TimeOutFault","DB70.DBX278.3",Boolean,1,RO,100,,,,,,,,,,"M5140超时故障",
"M5140.Alarm.TM_JY_Fault","DB50.DBX4183.0",Boolean,1,RO,100,,,,,,,,,,"M5140条码校验故障",
"M5140.Alarm.TotalFault","DB70.DBX278.1",Boolean,1,RO,100,,,,,,,,,,"M5140总故障",
"M5140.Alarm.WX_Fault","DB50.DBX4182.1",Boolean,1,RO,100,,,,,,,,,,"M5140外形故障",
"M5140.Alarm.WX_TM_Fault","DB50.DBX4182.0",Boolean,1,RO,100,,,,,,,,,,"M5140外形条码总故障",
"M5140.State.Allow","DB50.DBB4189",Byte,1,RO,100,,,,,,,,,,"M5140允许拆盘",
"M5140.State.ForwardRun","DB70.DBX279.6",Boolean,1,RO,100,,,,,,,,,,"M5140正转运行",
"M5140.State.Get_Num","DB50.DBB4188",Byte,1,RO,100,,,,,,,,,,"M5140已取数量",
"M5140.State.LastOne","DB50.DBX4183.4",Boolean,1,RO,100,,,,,,,,,,"M5140强制推盘",
"M5140.State.Load","DB70.DBX279.5",Boolean,1,RO,100,,,,,,,,,,"M5140负载",
"M5140.State.MD_State1","DB50.DINT4190",Long,1,RO,100,,,,,,,,,,"M5140码垛状态1",
"M5140.State.MD_State2","DB50.DBB4194",Byte,1,RO,100,,,,,,,,,,"M5140码垛状态2",
"M5140.State.Need_Num","DB50.DBB4187",Byte,1,RO,100,,,,,,,,,,"M5140要取数量",
"M5140.State.PH1","I55.6",Boolean,1,RO,100,,,,,,,,,,"5140到位光电",
"M5140.State.PH2","I55.1",Boolean,1,RO,100,,,,,,,,,,"5140对射保护光电",
"M5140.State.ReversalRun","DB70.DBX279.7",Boolean,1,RO,100,,,,,,,,,,"M5140反转运行",
"M5140.State.Runing","DB70.DBX278.0",Boolean,1,RO,100,,,,,,,,,,"M5140设备运行标志",
"M5140.State.SelectPlace","DB70.DBX278.7",Boolean,1,RO,100,,,,,,,,,,"M5140选中位",
"M5140.State.YX_DX","DB50.DBB4185",Byte,1,RO,100,,,,,,,,,,"M5140码垛垛型",
"M5140.State.YX_Num","DB50.DBB4186",Byte,1,RO,100,,,,,,,,,,"M5140烟箱数量",
"M5140.State.YX_Type","DB50.DBB4184",Byte,1,RO,100,,,,,,,,,,"M5140烟箱类型",
"M5140.Task.Code","DB50.DINT4172",Long,1,RO,100,,,,,,,,,,"M5140托盘条码",
"M5140.Task.DestSta","DB50.DBW4180",Short,1,RO,100,,,,,,,,,,"M5140目标地址",
"M5140.Task.StartSta","DB50.DBW4178",Short,1,RO,100,,,,,,,,,,"M5140起始地址",
"M5140.Task.Task","DB50.DBW4170",Short,1,RO,100,,,,,,,,,,"M5140任务号",
"M5140.Task.TpType","DB50.DBW4176",Short,1,RO,100,,,,,,,,,,"M5140货物类型",
"M5141.Alarm.B_Fault","DB50.DBX4212.4",Boolean,1,RO,100,,,,,,,,,,"M5141后超长",
"M5141.Alarm.DriveFault","DB70.DBX280.2",Boolean,1,RO,100,,,,,,,,,,"M5141驱动器故障",
"M5141.Alarm.EstopFault","DB70.DBX281.3",Boolean,1,RO,100,,,,,,,,,,"M5141急停故障",
"M5141.Alarm.F_Fault","DB50.DBX4212.3",Boolean,1,RO,100,,,,,,,,,,"M5141前超长",
"M5141.Alarm.H_Fault","DB50.DBX4212.2",Boolean,1,RO,100,,,,,,,,,,"M5141超高",
"M5141.Alarm.L_Fault","DB50.DBX4212.5",Boolean,1,RO,100,,,,,,,,,,"M5141左超宽",
"M5141.Alarm.LS_Fault","DB70.DBX281.2",Boolean,1,RO,100,,,,,,,,,,"M5141限位故障",
"M5141.Alarm.NoRead","DB50.DBX4213.1",Boolean,1,RO,100,,,,,,,,,,"M5141条码未读出",
"M5141.Alarm.OutSideFault","DB70.DBX281.1",Boolean,1,RO,100,,,,,,,,,,"M5141货物超边故障",
"M5141.Alarm.PH_Fault","DB70.DBX280.6",Boolean,1,RO,100,,,,,,,,,,"M5141光电管异常",
"M5141.Alarm.QF_Fault","DB70.DBX280.4",Boolean,1,RO,100,,,,,,,,,,"M5141空开故障",
"M5141.Alarm.QS_Fault","DB70.DBX280.5",Boolean,1,RO,100,,,,,,,,,,"M5141隔离开关故障",
"M5141.Alarm.R_Fault","DB50.DBX4212.6",Boolean,1,RO,100,,,,,,,,,,"M5141右超宽",
"M5141.Alarm.RFID_ReadFault","DB50.DBX4213.3",Boolean,1,RO,100,,,,,,,,,,"M5141RFID读取错误",
"M5141.Alarm.RFID_WriteFault","DB50.DBX4213.2",Boolean,1,RO,100,,,,,,,,,,"M5141RFID写入错误",
"M5141.Alarm.TimeOutFault","DB70.DBX280.3",Boolean,1,RO,100,,,,,,,,,,"M5141超时故障",
"M5141.Alarm.TM_JY_Fault","DB50.DBX4213.0",Boolean,1,RO,100,,,,,,,,,,"M5141条码校验故障",
"M5141.Alarm.TotalFault","DB70.DBX280.1",Boolean,1,RO,100,,,,,,,,,,"M5141总故障",
"M5141.Alarm.WX_Fault","DB50.DBX4212.1",Boolean,1,RO,100,,,,,,,,,,"M5141外形故障",
"M5141.Alarm.WX_TM_Fault","DB50.DBX4212.0",Boolean,1,RO,100,,,,,,,,,,"M5141外形条码总故障",
"M5141.State.Allow","DB50.DBB4219",Byte,1,RO,100,,,,,,,,,,"M5141允许拆盘",
"M5141.State.ForwardRun","DB70.DBX281.6",Boolean,1,RO,100,,,,,,,,,,"M5141正转运行",
"M5141.State.Get_Num","DB50.DBB4218",Byte,1,RO,100,,,,,,,,,,"M5141已取数量",
"M5141.State.LastOne","DB50.DBX4213.4",Boolean,1,RO,100,,,,,,,,,,"M5141强制推盘",
"M5141.State.Load","DB70.DBX281.5",Boolean,1,RO,100,,,,,,,,,,"M5141负载",
"M5141.State.MD_State1","DB50.DINT4220",Long,1,RO,100,,,,,,,,,,"M5141码垛状态1",
"M5141.State.MD_State2","DB50.DBB4224",Byte,1,RO,100,,,,,,,,,,"M5141码垛状态2",
"M5141.State.Need_Num","DB50.DBB4217",Byte,1,RO,100,,,,,,,,,,"M5141要取数量",
"M5141.State.PH1","I55.5",Boolean,1,RO,100,,,,,,,,,,"5141到位光电",
"M5141.State.PH2","I55.7",Boolean,1,RO,100,,,,,,,,,,"5141对射保护光电",
"M5141.State.ReversalRun","DB70.DBX281.7",Boolean,1,RO,100,,,,,,,,,,"M5141反转运行",
"M5141.State.Runing","DB70.DBX280.0",Boolean,1,RO,100,,,,,,,,,,"M5141设备运行标志",
"M5141.State.SelectPlace","DB70.DBX280.7",Boolean,1,RO,100,,,,,,,,,,"M5141选中位",
"M5141.State.YX_DX","DB50.DBB4215",Byte,1,RO,100,,,,,,,,,,"M5141码垛垛型",
"M5141.State.YX_Num","DB50.DBB4216",Byte,1,RO,100,,,,,,,,,,"M5141烟箱数量",
"M5141.State.YX_Type","DB50.DBB4214",Byte,1,RO,100,,,,,,,,,,"M5141烟箱类型",
"M5141.Task.Code","DB50.DINT4202",Long,1,RO,100,,,,,,,,,,"M5141托盘条码",
"M5141.Task.DestSta","DB50.DBW4210",Short,1,RO,100,,,,,,,,,,"M5141目标地址",
"M5141.Task.StartSta","DB50.DBW4208",Short,1,RO,100,,,,,,,,,,"M5141起始地址",
"M5141.Task.Task","DB50.DBW4200",Short,1,RO,100,,,,,,,,,,"M5141任务号",
"M5141.Task.TpType","DB50.DBW4206",Short,1,RO,100,,,,,,,,,,"M5141货物类型",
"M5142.Alarm.B_Fault","DB50.DBX4242.4",Boolean,1,RO,100,,,,,,,,,,"M5142后超长",
"M5142.Alarm.DriveFault","DB70.DBX282.2",Boolean,1,RO,100,,,,,,,,,,"M5142驱动器故障",
"M5142.Alarm.EstopFault","DB70.DBX283.3",Boolean,1,RO,100,,,,,,,,,,"M5142急停故障",
"M5142.Alarm.F_Fault","DB50.DBX4242.3",Boolean,1,RO,100,,,,,,,,,,"M5142前超长",
"M5142.Alarm.H_Fault","DB50.DBX4242.2",Boolean,1,RO,100,,,,,,,,,,"M5142超高",
"M5142.Alarm.L_Fault","DB50.DBX4242.5",Boolean,1,RO,100,,,,,,,,,,"M5142左超宽",
"M5142.Alarm.LS_Fault","DB70.DBX283.2",Boolean,1,RO,100,,,,,,,,,,"M5142限位故障",
"M5142.Alarm.NoRead","DB50.DBX4243.1",Boolean,1,RO,100,,,,,,,,,,"M5142条码未读出",
"M5142.Alarm.OutSideFault","DB70.DBX283.1",Boolean,1,RO,100,,,,,,,,,,"M5142货物超边故障",
"M5142.Alarm.PH_Fault","DB70.DBX282.6",Boolean,1,RO,100,,,,,,,,,,"M5142光电管异常",
"M5142.Alarm.QF_Fault","DB70.DBX282.4",Boolean,1,RO,100,,,,,,,,,,"M5142空开故障",
"M5142.Alarm.QS_Fault","DB70.DBX282.5",Boolean,1,RO,100,,,,,,,,,,"M5142隔离开关故障",
"M5142.Alarm.R_Fault","DB50.DBX4242.6",Boolean,1,RO,100,,,,,,,,,,"M5142右超宽",
"M5142.Alarm.RFID_ReadFault","DB50.DBX4243.3",Boolean,1,RO,100,,,,,,,,,,"M5142RFID读取错误",
"M5142.Alarm.RFID_WriteFault","DB50.DBX4243.2",Boolean,1,RO,100,,,,,,,,,,"M5142RFID写入错误",
"M5142.Alarm.TimeOutFault","DB70.DBX282.3",Boolean,1,RO,100,,,,,,,,,,"M5142超时故障",
"M5142.Alarm.TM_JY_Fault","DB50.DBX4243.0",Boolean,1,RO,100,,,,,,,,,,"M5142条码校验故障",
"M5142.Alarm.TotalFault","DB70.DBX282.1",Boolean,1,RO,100,,,,,,,,,,"M5142总故障",
"M5142.Alarm.WX_Fault","DB50.DBX4242.1",Boolean,1,RO,100,,,,,,,,,,"M5142外形故障",
"M5142.Alarm.WX_TM_Fault","DB50.DBX4242.0",Boolean,1,RO,100,,,,,,,,,,"M5142外形条码总故障",
"M5142.State.Allow","DB50.DBB4249",Byte,1,RO,100,,,,,,,,,,"M5142允许拆盘",
"M5142.State.ForwardRun","DB70.DBX283.6",Boolean,1,RO,100,,,,,,,,,,"M5142正转运行",
"M5142.State.Get_Num","DB50.DBB4248",Byte,1,RO,100,,,,,,,,,,"M5142已取数量",
"M5142.State.LastOne","DB50.DBX4243.4",Boolean,1,RO,100,,,,,,,,,,"M5142强制推盘",
"M5142.State.Load","DB70.DBX283.5",Boolean,1,RO,100,,,,,,,,,,"M5142负载",
"M5142.State.MD_State1","DB50.DINT4250",Long,1,RO,100,,,,,,,,,,"M5142码垛状态1",
"M5142.State.MD_State2","DB50.DBB4254",Byte,1,RO,100,,,,,,,,,,"M5142码垛状态2",
"M5142.State.Need_Num","DB50.DBB4247",Byte,1,RO,100,,,,,,,,,,"M5142要取数量",
"M5142.State.PH1","I57.2",Boolean,1,RO,100,,,,,,,,,,"5142到位光电",
"M5142.State.PH2","I57.4",Boolean,1,RO,100,,,,,,,,,,"5142对射保护光电",
"M5142.State.ReversalRun","DB70.DBX283.7",Boolean,1,RO,100,,,,,,,,,,"M5142反转运行",
"M5142.State.Runing","DB70.DBX282.0",Boolean,1,RO,100,,,,,,,,,,"M5142设备运行标志",
"M5142.State.SelectPlace","DB70.DBX282.7",Boolean,1,RO,100,,,,,,,,,,"M5142选中位",
"M5142.State.YX_DX","DB50.DBB4245",Byte,1,RO,100,,,,,,,,,,"M5142码垛垛型",
"M5142.State.YX_Num","DB50.DBB4246",Byte,1,RO,100,,,,,,,,,,"M5142烟箱数量",
"M5142.State.YX_Type","DB50.DBB4244",Byte,1,RO,100,,,,,,,,,,"M5142烟箱类型",
"M5142.Task.Code","DB50.DINT4232",Long,1,RO,100,,,,,,,,,,"M5142托盘条码",
"M5142.Task.DestSta","DB50.DBW4240",Short,1,RO,100,,,,,,,,,,"M5142目标地址",
"M5142.Task.StartSta","DB50.DBW4238",Short,1,RO,100,,,,,,,,,,"M5142起始地址",
"M5142.Task.Task","DB50.DBW4230",Short,1,RO,100,,,,,,,,,,"M5142任务号",
"M5142.Task.TpType","DB50.DBW4236",Short,1,RO,100,,,,,,,,,,"M5142货物类型",
"M5143.Alarm.B_Fault","DB50.DBX4272.4",Boolean,1,RO,100,,,,,,,,,,"M5143后超长",
"M5143.Alarm.DriveFault","DB70.DBX284.2",Boolean,1,RO,100,,,,,,,,,,"M5143驱动器故障",
"M5143.Alarm.EstopFault","DB70.DBX285.3",Boolean,1,RO,100,,,,,,,,,,"M5143急停故障",
"M5143.Alarm.F_Fault","DB50.DBX4272.3",Boolean,1,RO,100,,,,,,,,,,"M5143前超长",
"M5143.Alarm.H_Fault","DB50.DBX4272.2",Boolean,1,RO,100,,,,,,,,,,"M5143超高",
"M5143.Alarm.L_Fault","DB50.DBX4272.5",Boolean,1,RO,100,,,,,,,,,,"M5143左超宽",
"M5143.Alarm.LS_Fault","DB70.DBX285.2",Boolean,1,RO,100,,,,,,,,,,"M5143限位故障",
"M5143.Alarm.NoRead","DB50.DBX4273.1",Boolean,1,RO,100,,,,,,,,,,"M5143条码未读出",
"M5143.Alarm.OutSideFault","DB70.DBX285.1",Boolean,1,RO,100,,,,,,,,,,"M5143货物超边故障",
"M5143.Alarm.PH_Fault","DB70.DBX284.6",Boolean,1,RO,100,,,,,,,,,,"M5143光电管异常",
"M5143.Alarm.QF_Fault","DB70.DBX284.4",Boolean,1,RO,100,,,,,,,,,,"M5143空开故障",
"M5143.Alarm.QS_Fault","DB70.DBX284.5",Boolean,1,RO,100,,,,,,,,,,"M5143隔离开关故障",
"M5143.Alarm.R_Fault","DB50.DBX4272.6",Boolean,1,RO,100,,,,,,,,,,"M5143右超宽",
"M5143.Alarm.RFID_ReadFault","DB50.DBX4273.3",Boolean,1,RO,100,,,,,,,,,,"M5143RFID读取错误",
"M5143.Alarm.RFID_WriteFault","DB50.DBX4273.2",Boolean,1,RO,100,,,,,,,,,,"M5143RFID写入错误",
"M5143.Alarm.TimeOutFault","DB70.DBX284.3",Boolean,1,RO,100,,,,,,,,,,"M5143超时故障",
"M5143.Alarm.TM_JY_Fault","DB50.DBX4273.0",Boolean,1,RO,100,,,,,,,,,,"M5143条码校验故障",
"M5143.Alarm.TotalFault","DB70.DBX284.1",Boolean,1,RO,100,,,,,,,,,,"M5143总故障",
"M5143.Alarm.WX_Fault","DB50.DBX4272.1",Boolean,1,RO,100,,,,,,,,,,"M5143外形故障",
"M5143.Alarm.WX_TM_Fault","DB50.DBX4272.0",Boolean,1,RO,100,,,,,,,,,,"M5143外形条码总故障",
"M5143.State.Allow","DB50.DBB4279",Byte,1,RO,100,,,,,,,,,,"M5143允许拆盘",
"M5143.State.ForwardRun","DB70.DBX285.6",Boolean,1,RO,100,,,,,,,,,,"M5143正转运行",
"M5143.State.Get_Num","DB50.DBB4278",Byte,1,RO,100,,,,,,,,,,"M5143已取数量",
"M5143.State.LastOne","DB50.DBX4273.4",Boolean,1,RO,100,,,,,,,,,,"M5143强制推盘",
"M5143.State.Load","DB70.DBX285.5",Boolean,1,RO,100,,,,,,,,,,"M5143负载",
"M5143.State.MD_State1","DB50.DINT4280",Long,1,RO,100,,,,,,,,,,"M5143码垛状态1",
"M5143.State.MD_State2","DB50.DBB4284",Byte,1,RO,100,,,,,,,,,,"M5143码垛状态2",
"M5143.State.Need_Num","DB50.DBB4277",Byte,1,RO,100,,,,,,,,,,"M5143要取数量",
"M5143.State.PH1","I57.1",Boolean,1,RO,100,,,,,,,,,,"5143到位光电",
"M5143.State.PH2","I57.3",Boolean,1,RO,100,,,,,,,,,,"5143对射保护光电",
"M5143.State.ReversalRun","DB70.DBX285.7",Boolean,1,RO,100,,,,,,,,,,"M5143反转运行",
"M5143.State.Runing","DB70.DBX284.0",Boolean,1,RO,100,,,,,,,,,,"M5143设备运行标志",
"M5143.State.SelectPlace","DB70.DBX284.7",Boolean,1,RO,100,,,,,,,,,,"M5143选中位",
"M5143.State.YX_DX","DB50.DBB4275",Byte,1,RO,100,,,,,,,,,,"M5143码垛垛型",
"M5143.State.YX_Num","DB50.DBB4276",Byte,1,RO,100,,,,,,,,,,"M5143烟箱数量",
"M5143.State.YX_Type","DB50.DBB4274",Byte,1,RO,100,,,,,,,,,,"M5143烟箱类型",
"M5143.Task.Code","DB50.DINT4262",Long,1,RO,100,,,,,,,,,,"M5143托盘条码",
"M5143.Task.DestSta","DB50.DBW4270",Short,1,RO,100,,,,,,,,,,"M5143目标地址",
"M5143.Task.StartSta","DB50.DBW4268",Short,1,RO,100,,,,,,,,,,"M5143起始地址",
"M5143.Task.Task","DB50.DBW4260",Short,1,RO,100,,,,,,,,,,"M5143任务号",
"M5143.Task.TpType","DB50.DBW4266",Short,1,RO,100,,,,,,,,,,"M5143货物类型",
"M5144.Alarm.B_Fault","DB50.DBX4302.4",Boolean,1,RO,100,,,,,,,,,,"M5144后超长",
"M5144.Alarm.DriveFault","DB70.DBX286.2",Boolean,1,RO,100,,,,,,,,,,"M5144驱动器故障",
"M5144.Alarm.EstopFault","DB70.DBX287.3",Boolean,1,RO,100,,,,,,,,,,"M5144急停故障",
"M5144.Alarm.F_Fault","DB50.DBX4302.3",Boolean,1,RO,100,,,,,,,,,,"M5144前超长",
"M5144.Alarm.H_Fault","DB50.DBX4302.2",Boolean,1,RO,100,,,,,,,,,,"M5144超高",
"M5144.Alarm.L_Fault","DB50.DBX4302.5",Boolean,1,RO,100,,,,,,,,,,"M5144左超宽",
"M5144.Alarm.LS_Fault","DB70.DBX287.2",Boolean,1,RO,100,,,,,,,,,,"M5144限位故障",
"M5144.Alarm.NoRead","DB50.DBX4303.1",Boolean,1,RO,100,,,,,,,,,,"M5144条码未读出",
"M5144.Alarm.OutSideFault","DB70.DBX287.1",Boolean,1,RO,100,,,,,,,,,,"M5144货物超边故障",
"M5144.Alarm.PH_Fault","DB70.DBX286.6",Boolean,1,RO,100,,,,,,,,,,"M5144光电管异常",
"M5144.Alarm.QF_Fault","DB70.DBX286.4",Boolean,1,RO,100,,,,,,,,,,"M5144空开故障",
"M5144.Alarm.QS_Fault","DB70.DBX286.5",Boolean,1,RO,100,,,,,,,,,,"M5144隔离开关故障",
"M5144.Alarm.R_Fault","DB50.DBX4302.6",Boolean,1,RO,100,,,,,,,,,,"M5144右超宽",
"M5144.Alarm.RFID_ReadFault","DB50.DBX4303.3",Boolean,1,RO,100,,,,,,,,,,"M5144RFID读取错误",
"M5144.Alarm.RFID_WriteFault","DB50.DBX4303.2",Boolean,1,RO,100,,,,,,,,,,"M5144RFID写入错误",
"M5144.Alarm.TimeOutFault","DB70.DBX286.3",Boolean,1,RO,100,,,,,,,,,,"M5144超时故障",
"M5144.Alarm.TM_JY_Fault","DB50.DBX4303.0",Boolean,1,RO,100,,,,,,,,,,"M5144条码校验故障",
"M5144.Alarm.TotalFault","DB70.DBX286.1",Boolean,1,RO,100,,,,,,,,,,"M5144总故障",
"M5144.Alarm.WX_Fault","DB50.DBX4302.1",Boolean,1,RO,100,,,,,,,,,,"M5144外形故障",
"M5144.Alarm.WX_TM_Fault","DB50.DBX4302.0",Boolean,1,RO,100,,,,,,,,,,"M5144外形条码总故障",
"M5144.State.Allow","DB50.DBB4309",Byte,1,RO,100,,,,,,,,,,"M5144允许拆盘",
"M5144.State.ForwardRun","DB70.DBX287.6",Boolean,1,RO,100,,,,,,,,,,"M5144正转运行",
"M5144.State.Get_Num","DB50.DBB4308",Byte,1,RO,100,,,,,,,,,,"M5144已取数量",
"M5144.State.LastOne","DB50.DBX4303.4",Boolean,1,RO,100,,,,,,,,,,"M5144强制推盘",
"M5144.State.Load","DB70.DBX287.5",Boolean,1,RO,100,,,,,,,,,,"M5144负载",
"M5144.State.MD_State1","DB50.DINT4310",Long,1,RO,100,,,,,,,,,,"M5144码垛状态1",
"M5144.State.MD_State2","DB50.DBB4314",Byte,1,RO,100,,,,,,,,,,"M5144码垛状态2",
"M5144.State.Need_Num","DB50.DBB4307",Byte,1,RO,100,,,,,,,,,,"M5144要取数量",
"M5144.State.PH1","I57.7",Boolean,1,RO,100,,,,,,,,,,"5144到位光电",
"M5144.State.PH2","I58.0",Boolean,1,RO,100,,,,,,,,,,"5144对射保护光电",
"M5144.State.ReversalRun","DB70.DBX287.7",Boolean,1,RO,100,,,,,,,,,,"M5144反转运行",
"M5144.State.Runing","DB70.DBX286.0",Boolean,1,RO,100,,,,,,,,,,"M5144设备运行标志",
"M5144.State.SelectPlace","DB70.DBX286.7",Boolean,1,RO,100,,,,,,,,,,"M5144选中位",
"M5144.State.YX_DX","DB50.DBB4305",Byte,1,RO,100,,,,,,,,,,"M5144码垛垛型",
"M5144.State.YX_Num","DB50.DBB4306",Byte,1,RO,100,,,,,,,,,,"M5144烟箱数量",
"M5144.State.YX_Type","DB50.DBB4304",Byte,1,RO,100,,,,,,,,,,"M5144烟箱类型",
"M5144.Task.Code","DB50.DINT4292",Long,1,RO,100,,,,,,,,,,"M5144托盘条码",
"M5144.Task.DestSta","DB50.DBW4300",Short,1,RO,100,,,,,,,,,,"M5144目标地址",
"M5144.Task.StartSta","DB50.DBW4298",Short,1,RO,100,,,,,,,,,,"M5144起始地址",
"M5144.Task.Task","DB50.DBW4290",Short,1,RO,100,,,,,,,,,,"M5144任务号",
"M5144.Task.TpType","DB50.DBW4296",Short,1,RO,100,,,,,,,,,,"M5144货物类型",
"M5145.Alarm.B_Fault","DB50.DBX4332.4",Boolean,1,RO,100,,,,,,,,,,"M5145后超长",
"M5145.Alarm.DriveFault","DB70.DBX288.2",Boolean,1,RO,100,,,,,,,,,,"M5145驱动器故障",
"M5145.Alarm.EstopFault","DB70.DBX289.3",Boolean,1,RO,100,,,,,,,,,,"M5145急停故障",
"M5145.Alarm.F_Fault","DB50.DBX4332.3",Boolean,1,RO,100,,,,,,,,,,"M5145前超长",
"M5145.Alarm.H_Fault","DB50.DBX4332.2",Boolean,1,RO,100,,,,,,,,,,"M5145超高",
"M5145.Alarm.L_Fault","DB50.DBX4332.5",Boolean,1,RO,100,,,,,,,,,,"M5145左超宽",
"M5145.Alarm.LS_Fault","DB70.DBX289.2",Boolean,1,RO,100,,,,,,,,,,"M5145限位故障",
"M5145.Alarm.NoRead","DB50.DBX4333.1",Boolean,1,RO,100,,,,,,,,,,"M5145条码未读出",
"M5145.Alarm.OutSideFault","DB70.DBX289.1",Boolean,1,RO,100,,,,,,,,,,"M5145货物超边故障",
"M5145.Alarm.PH_Fault","DB70.DBX288.6",Boolean,1,RO,100,,,,,,,,,,"M5145光电管异常",
"M5145.Alarm.QF_Fault","DB70.DBX288.4",Boolean,1,RO,100,,,,,,,,,,"M5145空开故障",
"M5145.Alarm.QS_Fault","DB70.DBX288.5",Boolean,1,RO,100,,,,,,,,,,"M5145隔离开关故障",
"M5145.Alarm.R_Fault","DB50.DBX4332.6",Boolean,1,RO,100,,,,,,,,,,"M5145右超宽",
"M5145.Alarm.RFID_ReadFault","DB50.DBX4333.3",Boolean,1,RO,100,,,,,,,,,,"M5145RFID读取错误",
"M5145.Alarm.RFID_WriteFault","DB50.DBX4333.2",Boolean,1,RO,100,,,,,,,,,,"M5145RFID写入错误",
"M5145.Alarm.TimeOutFault","DB70.DBX288.3",Boolean,1,RO,100,,,,,,,,,,"M5145超时故障",
"M5145.Alarm.TM_JY_Fault","DB50.DBX4333.0",Boolean,1,RO,100,,,,,,,,,,"M5145条码校验故障",
"M5145.Alarm.TotalFault","DB70.DBX288.1",Boolean,1,RO,100,,,,,,,,,,"M5145总故障",
"M5145.Alarm.WX_Fault","DB50.DBX4332.1",Boolean,1,RO,100,,,,,,,,,,"M5145外形故障",
"M5145.Alarm.WX_TM_Fault","DB50.DBX4332.0",Boolean,1,RO,100,,,,,,,,,,"M5145外形条码总故障",
"M5145.State.Allow","DB50.DBB4339",Byte,1,RO,100,,,,,,,,,,"M5145允许拆盘",
"M5145.State.ForwardRun","DB70.DBX289.6",Boolean,1,RO,100,,,,,,,,,,"M5145正转运行",
"M5145.State.Get_Num","DB50.DBB4338",Byte,1,RO,100,,,,,,,,,,"M5145已取数量",
"M5145.State.LastOne","DB50.DBX4333.4",Boolean,1,RO,100,,,,,,,,,,"M5145强制推盘",
"M5145.State.Load","DB70.DBX289.5",Boolean,1,RO,100,,,,,,,,,,"M5145负载",
"M5145.State.MD_State1","DB50.DINT4340",Long,1,RO,100,,,,,,,,,,"M5145码垛状态1",
"M5145.State.MD_State2","DB50.DBB4344",Byte,1,RO,100,,,,,,,,,,"M5145码垛状态2",
"M5145.State.Need_Num","DB50.DBB4337",Byte,1,RO,100,,,,,,,,,,"M5145要取数量",
"M5145.State.PH1","I58.4",Boolean,1,RO,100,,,,,,,,,,"5145到位光电",
"M5145.State.PH2","I58.6",Boolean,1,RO,100,,,,,,,,,,"5145对射保护光电",
"M5145.State.ReversalRun","DB70.DBX289.7",Boolean,1,RO,100,,,,,,,,,,"M5145反转运行",
"M5145.State.Runing","DB70.DBX288.0",Boolean,1,RO,100,,,,,,,,,,"M5145设备运行标志",
"M5145.State.SelectPlace","DB70.DBX288.7",Boolean,1,RO,100,,,,,,,,,,"M5145选中位",
"M5145.State.YX_DX","DB50.DBB4335",Byte,1,RO,100,,,,,,,,,,"M5145码垛垛型",
"M5145.State.YX_Num","DB50.DBB4336",Byte,1,RO,100,,,,,,,,,,"M5145烟箱数量",
"M5145.State.YX_Type","DB50.DBB4334",Byte,1,RO,100,,,,,,,,,,"M5145烟箱类型",
"M5145.Task.Code","DB50.DINT4322",Long,1,RO,100,,,,,,,,,,"M5145托盘条码",
"M5145.Task.DestSta","DB50.DBW4330",Short,1,RO,100,,,,,,,,,,"M5145目标地址",
"M5145.Task.StartSta","DB50.DBW4328",Short,1,RO,100,,,,,,,,,,"M5145起始地址",
"M5145.Task.Task","DB50.DBW4320",Short,1,RO,100,,,,,,,,,,"M5145任务号",
"M5145.Task.TpType","DB50.DBW4326",Short,1,RO,100,,,,,,,,,,"M5145货物类型",
"M5146.Alarm.B_Fault","DB50.DBX4362.4",Boolean,1,RO,100,,,,,,,,,,"M5146后超长",
"M5146.Alarm.DriveFault","DB70.DBX290.2",Boolean,1,RO,100,,,,,,,,,,"M5146驱动器故障",
"M5146.Alarm.EstopFault","DB70.DBX291.3",Boolean,1,RO,100,,,,,,,,,,"M5146急停故障",
"M5146.Alarm.F_Fault","DB50.DBX4362.3",Boolean,1,RO,100,,,,,,,,,,"M5146前超长",
"M5146.Alarm.H_Fault","DB50.DBX4362.2",Boolean,1,RO,100,,,,,,,,,,"M5146超高",
"M5146.Alarm.L_Fault","DB50.DBX4362.5",Boolean,1,RO,100,,,,,,,,,,"M5146左超宽",
"M5146.Alarm.LS_Fault","DB70.DBX291.2",Boolean,1,RO,100,,,,,,,,,,"M5146限位故障",
"M5146.Alarm.NoRead","DB50.DBX4363.1",Boolean,1,RO,100,,,,,,,,,,"M5146条码未读出",
"M5146.Alarm.OutSideFault","DB70.DBX291.1",Boolean,1,RO,100,,,,,,,,,,"M5146货物超边故障",
"M5146.Alarm.PH_Fault","DB70.DBX290.6",Boolean,1,RO,100,,,,,,,,,,"M5146光电管异常",
"M5146.Alarm.QF_Fault","DB70.DBX290.4",Boolean,1,RO,100,,,,,,,,,,"M5146空开故障",
"M5146.Alarm.QS_Fault","DB70.DBX290.5",Boolean,1,RO,100,,,,,,,,,,"M5146隔离开关故障",
"M5146.Alarm.R_Fault","DB50.DBX4362.6",Boolean,1,RO,100,,,,,,,,,,"M5146右超宽",
"M5146.Alarm.RFID_ReadFault","DB50.DBX4363.3",Boolean,1,RO,100,,,,,,,,,,"M5146RFID读取错误",
"M5146.Alarm.RFID_WriteFault","DB50.DBX4363.2",Boolean,1,RO,100,,,,,,,,,,"M5146RFID写入错误",
"M5146.Alarm.TimeOutFault","DB70.DBX290.3",Boolean,1,RO,100,,,,,,,,,,"M5146超时故障",
"M5146.Alarm.TM_JY_Fault","DB50.DBX4363.0",Boolean,1,RO,100,,,,,,,,,,"M5146条码校验故障",
"M5146.Alarm.TotalFault","DB70.DBX290.1",Boolean,1,RO,100,,,,,,,,,,"M5146总故障",
"M5146.Alarm.WX_Fault","DB50.DBX4362.1",Boolean,1,RO,100,,,,,,,,,,"M5146外形故障",
"M5146.Alarm.WX_TM_Fault","DB50.DBX4362.0",Boolean,1,RO,100,,,,,,,,,,"M5146外形条码总故障",
"M5146.State.Allow","DB50.DBB4369",Byte,1,RO,100,,,,,,,,,,"M5146允许拆盘",
"M5146.State.ForwardRun","DB70.DBX291.6",Boolean,1,RO,100,,,,,,,,,,"M5146正转运行",
"M5146.State.Get_Num","DB50.DBB4368",Byte,1,RO,100,,,,,,,,,,"M5146已取数量",
"M5146.State.LastOne","DB50.DBX4363.4",Boolean,1,RO,100,,,,,,,,,,"M5146强制推盘",
"M5146.State.Load","DB70.DBX291.5",Boolean,1,RO,100,,,,,,,,,,"M5146负载",
"M5146.State.MD_State1","DB50.DINT4370",Long,1,RO,100,,,,,,,,,,"M5146码垛状态1",
"M5146.State.MD_State2","DB50.DBB4374",Byte,1,RO,100,,,,,,,,,,"M5146码垛状态2",
"M5146.State.Need_Num","DB50.DBB4367",Byte,1,RO,100,,,,,,,,,,"M5146要取数量",
"M5146.State.PH1","I58.3",Boolean,1,RO,100,,,,,,,,,,"5146到位光电",
"M5146.State.PH2","I58.5",Boolean,1,RO,100,,,,,,,,,,"5146对射保护光电",
"M5146.State.ReversalRun","DB70.DBX291.7",Boolean,1,RO,100,,,,,,,,,,"M5146反转运行",
"M5146.State.Runing","DB70.DBX290.0",Boolean,1,RO,100,,,,,,,,,,"M5146设备运行标志",
"M5146.State.SelectPlace","DB70.DBX290.7",Boolean,1,RO,100,,,,,,,,,,"M5146选中位",
"M5146.State.YX_DX","DB50.DBB4365",Byte,1,RO,100,,,,,,,,,,"M5146码垛垛型",
"M5146.State.YX_Num","DB50.DBB4366",Byte,1,RO,100,,,,,,,,,,"M5146烟箱数量",
"M5146.State.YX_Type","DB50.DBB4364",Byte,1,RO,100,,,,,,,,,,"M5146烟箱类型",
"M5146.Task.Code","DB50.DINT4352",Long,1,RO,100,,,,,,,,,,"M5146托盘条码",
"M5146.Task.DestSta","DB50.DBW4360",Short,1,RO,100,,,,,,,,,,"M5146目标地址",
"M5146.Task.StartSta","DB50.DBW4358",Short,1,RO,100,,,,,,,,,,"M5146起始地址",
"M5146.Task.Task","DB50.DBW4350",Short,1,RO,100,,,,,,,,,,"M5146任务号",
"M5146.Task.TpType","DB50.DBW4356",Short,1,RO,100,,,,,,,,,,"M5146货物类型",
"M5147.Alarm.B_Fault","DB50.DBX4392.4",Boolean,1,RO,100,,,,,,,,,,"M5147后超长",
"M5147.Alarm.DriveFault","DB70.DBX292.2",Boolean,1,RO,100,,,,,,,,,,"M5147驱动器故障",
"M5147.Alarm.EstopFault","DB70.DBX293.3",Boolean,1,RO,100,,,,,,,,,,"M5147急停故障",
"M5147.Alarm.F_Fault","DB50.DBX4392.3",Boolean,1,RO,100,,,,,,,,,,"M5147前超长",
"M5147.Alarm.H_Fault","DB50.DBX4392.2",Boolean,1,RO,100,,,,,,,,,,"M5147超高",
"M5147.Alarm.L_Fault","DB50.DBX4392.5",Boolean,1,RO,100,,,,,,,,,,"M5147左超宽",
"M5147.Alarm.LS_Fault","DB70.DBX293.2",Boolean,1,RO,100,,,,,,,,,,"M5147限位故障",
"M5147.Alarm.NoRead","DB50.DBX4393.1",Boolean,1,RO,100,,,,,,,,,,"M5147条码未读出",
"M5147.Alarm.OutSideFault","DB70.DBX293.1",Boolean,1,RO,100,,,,,,,,,,"M5147货物超边故障",
"M5147.Alarm.PH_Fault","DB70.DBX292.6",Boolean,1,RO,100,,,,,,,,,,"M5147光电管异常",
"M5147.Alarm.QF_Fault","DB70.DBX292.4",Boolean,1,RO,100,,,,,,,,,,"M5147空开故障",
"M5147.Alarm.QS_Fault","DB70.DBX292.5",Boolean,1,RO,100,,,,,,,,,,"M5147隔离开关故障",
"M5147.Alarm.R_Fault","DB50.DBX4392.6",Boolean,1,RO,100,,,,,,,,,,"M5147右超宽",
"M5147.Alarm.RFID_ReadFault","DB50.DBX4393.3",Boolean,1,RO,100,,,,,,,,,,"M5147RFID读取错误",
"M5147.Alarm.RFID_WriteFault","DB50.DBX4393.2",Boolean,1,RO,100,,,,,,,,,,"M5147RFID写入错误",
"M5147.Alarm.TimeOutFault","DB70.DBX292.3",Boolean,1,RO,100,,,,,,,,,,"M5147超时故障",
"M5147.Alarm.TM_JY_Fault","DB50.DBX4393.0",Boolean,1,RO,100,,,,,,,,,,"M5147条码校验故障",
"M5147.Alarm.TotalFault","DB70.DBX292.1",Boolean,1,RO,100,,,,,,,,,,"M5147总故障",
"M5147.Alarm.WX_Fault","DB50.DBX4392.1",Boolean,1,RO,100,,,,,,,,,,"M5147外形故障",
"M5147.Alarm.WX_TM_Fault","DB50.DBX4392.0",Boolean,1,RO,100,,,,,,,,,,"M5147外形条码总故障",
"M5147.State.Allow","DB50.DBB4399",Byte,1,RO,100,,,,,,,,,,"M5147允许拆盘",
"M5147.State.ForwardRun","DB70.DBX293.6",Boolean,1,RO,100,,,,,,,,,,"M5147正转运行",
"M5147.State.Get_Num","DB50.DBB4398",Byte,1,RO,100,,,,,,,,,,"M5147已取数量",
"M5147.State.LastOne","DB50.DBX4393.4",Boolean,1,RO,100,,,,,,,,,,"M5147强制推盘",
"M5147.State.Load","DB70.DBX293.5",Boolean,1,RO,100,,,,,,,,,,"M5147负载",
"M5147.State.MD_State1","DB50.DINT4400",Long,1,RO,100,,,,,,,,,,"M5147码垛状态1",
"M5147.State.MD_State2","DB50.DBB4404",Byte,1,RO,100,,,,,,,,,,"M5147码垛状态2",
"M5147.State.Need_Num","DB50.DBB4397",Byte,1,RO,100,,,,,,,,,,"M5147要取数量",
"M5147.State.PH1","I59.0",Boolean,1,RO,100,,,,,,,,,,"5147到位光电",
"M5147.State.PH2","I59.2",Boolean,1,RO,100,,,,,,,,,,"5147对射保护光电",
"M5147.State.ReversalRun","DB70.DBX293.7",Boolean,1,RO,100,,,,,,,,,,"M5147反转运行",
"M5147.State.Runing","DB70.DBX292.0",Boolean,1,RO,100,,,,,,,,,,"M5147设备运行标志",
"M5147.State.SelectPlace","DB70.DBX292.7",Boolean,1,RO,100,,,,,,,,,,"M5147选中位",
"M5147.State.YX_DX","DB50.DBB4395",Byte,1,RO,100,,,,,,,,,,"M5147码垛垛型",
"M5147.State.YX_Num","DB50.DBB4396",Byte,1,RO,100,,,,,,,,,,"M5147烟箱数量",
"M5147.State.YX_Type","DB50.DBB4394",Byte,1,RO,100,,,,,,,,,,"M5147烟箱类型",
"M5147.Task.Code","DB50.DINT4382",Long,1,RO,100,,,,,,,,,,"M5147托盘条码",
"M5147.Task.DestSta","DB50.DBW4390",Short,1,RO,100,,,,,,,,,,"M5147目标地址",
"M5147.Task.StartSta","DB50.DBW4388",Short,1,RO,100,,,,,,,,,,"M5147起始地址",
"M5147.Task.Task","DB50.DBW4380",Short,1,RO,100,,,,,,,,,,"M5147任务号",
"M5147.Task.TpType","DB50.DBW4386",Short,1,RO,100,,,,,,,,,,"M5147货物类型",
"M5148.Alarm.B_Fault","DB50.DBX4422.4",Boolean,1,RO,100,,,,,,,,,,"M5148后超长",
"M5148.Alarm.DriveFault","DB70.DBX294.2",Boolean,1,RO,100,,,,,,,,,,"M5148驱动器故障",
"M5148.Alarm.EstopFault","DB70.DBX295.3",Boolean,1,RO,100,,,,,,,,,,"M5148急停故障",
"M5148.Alarm.F_Fault","DB50.DBX4422.3",Boolean,1,RO,100,,,,,,,,,,"M5148前超长",
"M5148.Alarm.H_Fault","DB50.DBX4422.2",Boolean,1,RO,100,,,,,,,,,,"M5148超高",
"M5148.Alarm.L_Fault","DB50.DBX4422.5",Boolean,1,RO,100,,,,,,,,,,"M5148左超宽",
"M5148.Alarm.LS_Fault","DB70.DBX295.2",Boolean,1,RO,100,,,,,,,,,,"M5148限位故障",
"M5148.Alarm.NoRead","DB50.DBX4423.1",Boolean,1,RO,100,,,,,,,,,,"M5148条码未读出",
"M5148.Alarm.OutSideFault","DB70.DBX295.1",Boolean,1,RO,100,,,,,,,,,,"M5148货物超边故障",
"M5148.Alarm.PH_Fault","DB70.DBX294.6",Boolean,1,RO,100,,,,,,,,,,"M5148光电管异常",
"M5148.Alarm.QF_Fault","DB70.DBX294.4",Boolean,1,RO,100,,,,,,,,,,"M5148空开故障",
"M5148.Alarm.QS_Fault","DB70.DBX294.5",Boolean,1,RO,100,,,,,,,,,,"M5148隔离开关故障",
"M5148.Alarm.R_Fault","DB50.DBX4422.6",Boolean,1,RO,100,,,,,,,,,,"M5148右超宽",
"M5148.Alarm.RFID_ReadFault","DB50.DBX4423.3",Boolean,1,RO,100,,,,,,,,,,"M5148RFID读取错误",
"M5148.Alarm.RFID_WriteFault","DB50.DBX4423.2",Boolean,1,RO,100,,,,,,,,,,"M5148RFID写入错误",
"M5148.Alarm.TimeOutFault","DB70.DBX294.3",Boolean,1,RO,100,,,,,,,,,,"M5148超时故障",
"M5148.Alarm.TM_JY_Fault","DB50.DBX4423.0",Boolean,1,RO,100,,,,,,,,,,"M5148条码校验故障",
"M5148.Alarm.TotalFault","DB70.DBX294.1",Boolean,1,RO,100,,,,,,,,,,"M5148总故障",
"M5148.Alarm.WX_Fault","DB50.DBX4422.1",Boolean,1,RO,100,,,,,,,,,,"M5148外形故障",
"M5148.Alarm.WX_TM_Fault","DB50.DBX4422.0",Boolean,1,RO,100,,,,,,,,,,"M5148外形条码总故障",
"M5148.State.Allow","DB50.DBB4429",Byte,1,RO,100,,,,,,,,,,"M5148允许拆盘",
"M5148.State.ForwardRun","DB70.DBX295.6",Boolean,1,RO,100,,,,,,,,,,"M5148正转运行",
"M5148.State.Get_Num","DB50.DBB4428",Byte,1,RO,100,,,,,,,,,,"M5148已取数量",
"M5148.State.LastOne","DB50.DBX4423.4",Boolean,1,RO,100,,,,,,,,,,"M5148强制推盘",
"M5148.State.Load","DB70.DBX295.5",Boolean,1,RO,100,,,,,,,,,,"M5148负载",
"M5148.State.MD_State1","DB50.DINT4430",Long,1,RO,100,,,,,,,,,,"M5148码垛状态1",
"M5148.State.MD_State2","DB50.DBB4434",Byte,1,RO,100,,,,,,,,,,"M5148码垛状态2",
"M5148.State.Need_Num","DB50.DBB4427",Byte,1,RO,100,,,,,,,,,,"M5148要取数量",
"M5148.State.PH1","I59.6",Boolean,1,RO,100,,,,,,,,,,"5148到位光电",
"M5148.State.PH2","I59.1",Boolean,1,RO,100,,,,,,,,,,"5148对射保护光电",
"M5148.State.ReversalRun","DB70.DBX295.7",Boolean,1,RO,100,,,,,,,,,,"M5148反转运行",
"M5148.State.Runing","DB70.DBX294.0",Boolean,1,RO,100,,,,,,,,,,"M5148设备运行标志",
"M5148.State.SelectPlace","DB70.DBX294.7",Boolean,1,RO,100,,,,,,,,,,"M5148选中位",
"M5148.State.YX_DX","DB50.DBB4425",Byte,1,RO,100,,,,,,,,,,"M5148码垛垛型",
"M5148.State.YX_Num","DB50.DBB4426",Byte,1,RO,100,,,,,,,,,,"M5148烟箱数量",
"M5148.State.YX_Type","DB50.DBB4424",Byte,1,RO,100,,,,,,,,,,"M5148烟箱类型",
"M5148.Task.Code","DB50.DINT4412",Long,1,RO,100,,,,,,,,,,"M5148托盘条码",
"M5148.Task.DestSta","DB50.DBW4420",Short,1,RO,100,,,,,,,,,,"M5148目标地址",
"M5148.Task.StartSta","DB50.DBW4418",Short,1,RO,100,,,,,,,,,,"M5148起始地址",
"M5148.Task.Task","DB50.DBW4410",Short,1,RO,100,,,,,,,,,,"M5148任务号",
"M5148.Task.TpType","DB50.DBW4416",Short,1,RO,100,,,,,,,,,,"M5148货物类型",
"M5149.Alarm.B_Fault","DB50.DBX4452.4",Boolean,1,RO,100,,,,,,,,,,"M5149后超长",
"M5149.Alarm.DriveFault","DB70.DBX296.2",Boolean,1,RO,100,,,,,,,,,,"M5149驱动器故障",
"M5149.Alarm.EstopFault","DB70.DBX297.3",Boolean,1,RO,100,,,,,,,,,,"M5149急停故障",
"M5149.Alarm.F_Fault","DB50.DBX4452.3",Boolean,1,RO,100,,,,,,,,,,"M5149前超长",
"M5149.Alarm.H_Fault","DB50.DBX4452.2",Boolean,1,RO,100,,,,,,,,,,"M5149超高",
"M5149.Alarm.L_Fault","DB50.DBX4452.5",Boolean,1,RO,100,,,,,,,,,,"M5149左超宽",
"M5149.Alarm.LS_Fault","DB70.DBX297.2",Boolean,1,RO,100,,,,,,,,,,"M5149限位故障",
"M5149.Alarm.NoRead","DB50.DBX4453.1",Boolean,1,RO,100,,,,,,,,,,"M5149条码未读出",
"M5149.Alarm.OutSideFault","DB70.DBX297.1",Boolean,1,RO,100,,,,,,,,,,"M5149货物超边故障",
"M5149.Alarm.PH_Fault","DB70.DBX296.6",Boolean,1,RO,100,,,,,,,,,,"M5149光电管异常",
"M5149.Alarm.QF_Fault","DB70.DBX296.4",Boolean,1,RO,100,,,,,,,,,,"M5149空开故障",
"M5149.Alarm.QS_Fault","DB70.DBX296.5",Boolean,1,RO,100,,,,,,,,,,"M5149隔离开关故障",
"M5149.Alarm.R_Fault","DB50.DBX4452.6",Boolean,1,RO,100,,,,,,,,,,"M5149右超宽",
"M5149.Alarm.RFID_ReadFault","DB50.DBX4453.3",Boolean,1,RO,100,,,,,,,,,,"M5149RFID读取错误",
"M5149.Alarm.RFID_WriteFault","DB50.DBX4453.2",Boolean,1,RO,100,,,,,,,,,,"M5149RFID写入错误",
"M5149.Alarm.TimeOutFault","DB70.DBX296.3",Boolean,1,RO,100,,,,,,,,,,"M5149超时故障",
"M5149.Alarm.TM_JY_Fault","DB50.DBX4453.0",Boolean,1,RO,100,,,,,,,,,,"M5149条码校验故障",
"M5149.Alarm.TotalFault","DB70.DBX296.1",Boolean,1,RO,100,,,,,,,,,,"M5149总故障",
"M5149.Alarm.WX_Fault","DB50.DBX4452.1",Boolean,1,RO,100,,,,,,,,,,"M5149外形故障",
"M5149.Alarm.WX_TM_Fault","DB50.DBX4452.0",Boolean,1,RO,100,,,,,,,,,,"M5149外形条码总故障",
"M5149.State.Allow","DB50.DBB4459",Byte,1,RO,100,,,,,,,,,,"M5149允许拆盘",
"M5149.State.ForwardRun","DB70.DBX297.6",Boolean,1,RO,100,,,,,,,,,,"M5149正转运行",
"M5149.State.Get_Num","DB50.DBB4458",Byte,1,RO,100,,,,,,,,,,"M5149已取数量",
"M5149.State.LastOne","DB50.DBX4453.4",Boolean,1,RO,100,,,,,,,,,,"M5149强制推盘",
"M5149.State.Load","DB70.DBX297.5",Boolean,1,RO,100,,,,,,,,,,"M5149负载",
"M5149.State.MD_State1","DB50.DINT4460",Long,1,RO,100,,,,,,,,,,"M5149码垛状态1",
"M5149.State.MD_State2","DB50.DBB4464",Byte,1,RO,100,,,,,,,,,,"M5149码垛状态2",
"M5149.State.Need_Num","DB50.DBB4457",Byte,1,RO,100,,,,,,,,,,"M5149要取数量",
"M5149.State.PH1","I33.6",Boolean,1,RO,100,,,,,,,,,,"5149对射光电1",
"M5149.State.ReversalRun","DB70.DBX297.7",Boolean,1,RO,100,,,,,,,,,,"M5149反转运行",
"M5149.State.Runing","DB70.DBX296.0",Boolean,1,RO,100,,,,,,,,,,"M5149设备运行标志",
"M5149.State.SelectPlace","DB70.DBX296.7",Boolean,1,RO,100,,,,,,,,,,"M5149选中位",
"M5149.State.YX_DX","DB50.DBB4455",Byte,1,RO,100,,,,,,,,,,"M5149码垛垛型",
"M5149.State.YX_Num","DB50.DBB4456",Byte,1,RO,100,,,,,,,,,,"M5149烟箱数量",
"M5149.State.YX_Type","DB50.DBB4454",Byte,1,RO,100,,,,,,,,,,"M5149烟箱类型",
"M5149.Task.Code","DB50.DINT4442",Long,1,RO,100,,,,,,,,,,"M5149托盘条码",
"M5149.Task.DestSta","DB50.DBW4450",Short,1,RO,100,,,,,,,,,,"M5149目标地址",
"M5149.Task.StartSta","DB50.DBW4448",Short,1,RO,100,,,,,,,,,,"M5149起始地址",
"M5149.Task.Task","DB50.DBW4440",Short,1,RO,100,,,,,,,,,,"M5149任务号",
"M5149.Task.TpType","DB50.DBW4446",Short,1,RO,100,,,,,,,,,,"M5149货物类型",
"M5150.Alarm.B_Fault","DB50.DBX4482.4",Boolean,1,RO,100,,,,,,,,,,"M5150后超长",
"M5150.Alarm.DriveFault","DB70.DBX298.2",Boolean,1,RO,100,,,,,,,,,,"M5150驱动器故障",
"M5150.Alarm.EstopFault","DB70.DBX299.3",Boolean,1,RO,100,,,,,,,,,,"M5150急停故障",
"M5150.Alarm.F_Fault","DB50.DBX4482.3",Boolean,1,RO,100,,,,,,,,,,"M5150前超长",
"M5150.Alarm.H_Fault","DB50.DBX4482.2",Boolean,1,RO,100,,,,,,,,,,"M5150超高",
"M5150.Alarm.L_Fault","DB50.DBX4482.5",Boolean,1,RO,100,,,,,,,,,,"M5150左超宽",
"M5150.Alarm.LS_Fault","DB70.DBX299.2",Boolean,1,RO,100,,,,,,,,,,"M5150限位故障",
"M5150.Alarm.NoRead","DB50.DBX4483.1",Boolean,1,RO,100,,,,,,,,,,"M5150条码未读出",
"M5150.Alarm.OutSideFault","DB70.DBX299.1",Boolean,1,RO,100,,,,,,,,,,"M5150货物超边故障",
"M5150.Alarm.PH_Fault","DB70.DBX298.6",Boolean,1,RO,100,,,,,,,,,,"M5150光电管异常",
"M5150.Alarm.QF_Fault","DB70.DBX298.4",Boolean,1,RO,100,,,,,,,,,,"M5150空开故障",
"M5150.Alarm.QS_Fault","DB70.DBX298.5",Boolean,1,RO,100,,,,,,,,,,"M5150隔离开关故障",
"M5150.Alarm.R_Fault","DB50.DBX4482.6",Boolean,1,RO,100,,,,,,,,,,"M5150右超宽",
"M5150.Alarm.RFID_ReadFault","DB50.DBX4483.3",Boolean,1,RO,100,,,,,,,,,,"M5150RFID读取错误",
"M5150.Alarm.RFID_WriteFault","DB50.DBX4483.2",Boolean,1,RO,100,,,,,,,,,,"M5150RFID写入错误",
"M5150.Alarm.TimeOutFault","DB70.DBX298.3",Boolean,1,RO,100,,,,,,,,,,"M5150超时故障",
"M5150.Alarm.TM_JY_Fault","DB50.DBX4483.0",Boolean,1,RO,100,,,,,,,,,,"M5150条码校验故障",
"M5150.Alarm.TotalFault","DB70.DBX298.1",Boolean,1,RO,100,,,,,,,,,,"M5150总故障",
"M5150.Alarm.WX_Fault","DB50.DBX4482.1",Boolean,1,RO,100,,,,,,,,,,"M5150外形故障",
"M5150.Alarm.WX_TM_Fault","DB50.DBX4482.0",Boolean,1,RO,100,,,,,,,,,,"M5150外形条码总故障",
"M5150.State.Allow","DB50.DBB4489",Byte,1,RO,100,,,,,,,,,,"M5150允许拆盘",
"M5150.State.ForwardRun","DB70.DBX299.6",Boolean,1,RO,100,,,,,,,,,,"M5150正转运行",
"M5150.State.Get_Num","DB50.DBB4488",Byte,1,RO,100,,,,,,,,,,"M5150已取数量",
"M5150.State.LastOne","DB50.DBX4483.4",Boolean,1,RO,100,,,,,,,,,,"M5150强制推盘",
"M5150.State.Load","DB70.DBX299.5",Boolean,1,RO,100,,,,,,,,,,"M5150负载",
"M5150.State.MD_State1","DB50.DINT4490",Long,1,RO,100,,,,,,,,,,"M5150码垛状态1",
"M5150.State.MD_State2","DB50.DBB4494",Byte,1,RO,100,,,,,,,,,,"M5150码垛状态2",
"M5150.State.Need_Num","DB50.DBB4487",Byte,1,RO,100,,,,,,,,,,"M5150要取数量",
"M5150.State.ReversalRun","DB70.DBX299.7",Boolean,1,RO,100,,,,,,,,,,"M5150反转运行",
"M5150.State.Runing","DB70.DBX298.0",Boolean,1,RO,100,,,,,,,,,,"M5150设备运行标志",
"M5150.State.SelectPlace","DB70.DBX298.7",Boolean,1,RO,100,,,,,,,,,,"M5150选中位",
"M5150.State.YX_DX","DB50.DBB4485",Byte,1,RO,100,,,,,,,,,,"M5150码垛垛型",
"M5150.State.YX_Num","DB50.DBB4486",Byte,1,RO,100,,,,,,,,,,"M5150烟箱数量",
"M5150.State.YX_Type","DB50.DBB4484",Byte,1,RO,100,,,,,,,,,,"M5150烟箱类型",
"M5150.Task.Code","DB50.DINT4472",Long,1,RO,100,,,,,,,,,,"M5150托盘条码",
"M5150.Task.DestSta","DB50.DBW4480",Short,1,RO,100,,,,,,,,,,"M5150目标地址",
"M5150.Task.StartSta","DB50.DBW4478",Short,1,RO,100,,,,,,,,,,"M5150起始地址",
"M5150.Task.Task","DB50.DBW4470",Short,1,RO,100,,,,,,,,,,"M5150任务号",
"M5150.Task.TpType","DB50.DBW4476",Short,1,RO,100,,,,,,,,,,"M5150货物类型",
"M5151.Alarm.B_Fault","DB50.DBX4512.4",Boolean,1,RO,100,,,,,,,,,,"M5151后超长",
"M5151.Alarm.DriveFault","DB70.DBX300.2",Boolean,1,RO,100,,,,,,,,,,"M5151驱动器故障",
"M5151.Alarm.EstopFault","DB70.DBX301.3",Boolean,1,RO,100,,,,,,,,,,"M5151急停故障",
"M5151.Alarm.F_Fault","DB50.DBX4512.3",Boolean,1,RO,100,,,,,,,,,,"M5151前超长",
"M5151.Alarm.H_Fault","DB50.DBX4512.2",Boolean,1,RO,100,,,,,,,,,,"M5151超高",
"M5151.Alarm.L_Fault","DB50.DBX4512.5",Boolean,1,RO,100,,,,,,,,,,"M5151左超宽",
"M5151.Alarm.LS_Fault","DB70.DBX301.2",Boolean,1,RO,100,,,,,,,,,,"M5151限位故障",
"M5151.Alarm.NoRead","DB50.DBX4513.1",Boolean,1,RO,100,,,,,,,,,,"M5151条码未读出",
"M5151.Alarm.OutSideFault","DB70.DBX301.1",Boolean,1,RO,100,,,,,,,,,,"M5151货物超边故障",
"M5151.Alarm.PH_Fault","DB70.DBX300.6",Boolean,1,RO,100,,,,,,,,,,"M5151光电管异常",
"M5151.Alarm.QF_Fault","DB70.DBX300.4",Boolean,1,RO,100,,,,,,,,,,"M5151空开故障",
"M5151.Alarm.QS_Fault","DB70.DBX300.5",Boolean,1,RO,100,,,,,,,,,,"M5151隔离开关故障",
"M5151.Alarm.R_Fault","DB50.DBX4512.6",Boolean,1,RO,100,,,,,,,,,,"M5151右超宽",
"M5151.Alarm.RFID_ReadFault","DB50.DBX4513.3",Boolean,1,RO,100,,,,,,,,,,"M5151RFID读取错误",
"M5151.Alarm.RFID_WriteFault","DB50.DBX4513.2",Boolean,1,RO,100,,,,,,,,,,"M5151RFID写入错误",
"M5151.Alarm.TimeOutFault","DB70.DBX300.3",Boolean,1,RO,100,,,,,,,,,,"M5151超时故障",
"M5151.Alarm.TM_JY_Fault","DB50.DBX4513.0",Boolean,1,RO,100,,,,,,,,,,"M5151条码校验故障",
"M5151.Alarm.TotalFault","DB70.DBX300.1",Boolean,1,RO,100,,,,,,,,,,"M5151总故障",
"M5151.Alarm.WX_Fault","DB50.DBX4512.1",Boolean,1,RO,100,,,,,,,,,,"M5151外形故障",
"M5151.Alarm.WX_TM_Fault","DB50.DBX4512.0",Boolean,1,RO,100,,,,,,,,,,"M5151外形条码总故障",
"M5151.State.Allow","DB50.DBB4519",Byte,1,RO,100,,,,,,,,,,"M5151允许拆盘",
"M5151.State.ForwardRun","DB70.DBX301.6",Boolean,1,RO,100,,,,,,,,,,"M5151正转运行",
"M5151.State.Get_Num","DB50.DBB4518",Byte,1,RO,100,,,,,,,,,,"M5151已取数量",
"M5151.State.LastOne","DB50.DBX4513.4",Boolean,1,RO,100,,,,,,,,,,"M5151强制推盘",
"M5151.State.Load","DB70.DBX301.5",Boolean,1,RO,100,,,,,,,,,,"M5151负载",
"M5151.State.MD_State1","DB50.DINT4520",Long,1,RO,100,,,,,,,,,,"M5151码垛状态1",
"M5151.State.MD_State2","DB50.DBB4524",Byte,1,RO,100,,,,,,,,,,"M5151码垛状态2",
"M5151.State.Need_Num","DB50.DBB4517",Byte,1,RO,100,,,,,,,,,,"M5151要取数量",
"M5151.State.PH1","I34.2",Boolean,1,RO,100,,,,,,,,,,"5151到位光电1",
"M5151.State.PH2","I34.4",Boolean,1,RO,100,,,,,,,,,,"5151到位光电2",
"M5151.State.ReversalRun","DB70.DBX301.7",Boolean,1,RO,100,,,,,,,,,,"M5151反转运行",
"M5151.State.Runing","DB70.DBX300.0",Boolean,1,RO,100,,,,,,,,,,"M5151设备运行标志",
"M5151.State.SelectPlace","DB70.DBX300.7",Boolean,1,RO,100,,,,,,,,,,"M5151选中位",
"M5151.State.YX_DX","DB50.DBB4515",Byte,1,RO,100,,,,,,,,,,"M5151码垛垛型",
"M5151.State.YX_Num","DB50.DBB4516",Byte,1,RO,100,,,,,,,,,,"M5151烟箱数量",
"M5151.State.YX_Type","DB50.DBB4514",Byte,1,RO,100,,,,,,,,,,"M5151烟箱类型",
"M5151.Task.Code","DB50.DINT4502",Long,1,RO,100,,,,,,,,,,"M5151托盘条码",
"M5151.Task.DestSta","DB50.DBW4510",Short,1,RO,100,,,,,,,,,,"M5151目标地址",
"M5151.Task.StartSta","DB50.DBW4508",Short,1,RO,100,,,,,,,,,,"M5151起始地址",
"M5151.Task.Task","DB50.DBW4500",Short,1,RO,100,,,,,,,,,,"M5151任务号",
"M5151.Task.TpType","DB50.DBW4506",Short,1,RO,100,,,,,,,,,,"M5151货物类型",
"M5152.Alarm.B_Fault","DB50.DBX4542.4",Boolean,1,RO,100,,,,,,,,,,"M5152后超长",
"M5152.Alarm.DriveFault","DB70.DBX302.2",Boolean,1,RO,100,,,,,,,,,,"M5152驱动器故障",
"M5152.Alarm.EstopFault","DB70.DBX303.3",Boolean,1,RO,100,,,,,,,,,,"M5152急停故障",
"M5152.Alarm.F_Fault","DB50.DBX4542.3",Boolean,1,RO,100,,,,,,,,,,"M5152前超长",
"M5152.Alarm.H_Fault","DB50.DBX4542.2",Boolean,1,RO,100,,,,,,,,,,"M5152超高",
"M5152.Alarm.L_Fault","DB50.DBX4542.5",Boolean,1,RO,100,,,,,,,,,,"M5152左超宽",
"M5152.Alarm.LS_Fault","DB70.DBX303.2",Boolean,1,RO,100,,,,,,,,,,"M5152限位故障",
"M5152.Alarm.NoRead","DB50.DBX4543.1",Boolean,1,RO,100,,,,,,,,,,"M5152条码未读出",
"M5152.Alarm.OutSideFault","DB70.DBX303.1",Boolean,1,RO,100,,,,,,,,,,"M5152货物超边故障",
"M5152.Alarm.PH_Fault","DB70.DBX302.6",Boolean,1,RO,100,,,,,,,,,,"M5152光电管异常",
"M5152.Alarm.QF_Fault","DB70.DBX302.4",Boolean,1,RO,100,,,,,,,,,,"M5152空开故障",
"M5152.Alarm.QS_Fault","DB70.DBX302.5",Boolean,1,RO,100,,,,,,,,,,"M5152隔离开关故障",
"M5152.Alarm.R_Fault","DB50.DBX4542.6",Boolean,1,RO,100,,,,,,,,,,"M5152右超宽",
"M5152.Alarm.RFID_ReadFault","DB50.DBX4543.3",Boolean,1,RO,100,,,,,,,,,,"M5152RFID读取错误",
"M5152.Alarm.RFID_WriteFault","DB50.DBX4543.2",Boolean,1,RO,100,,,,,,,,,,"M5152RFID写入错误",
"M5152.Alarm.TimeOutFault","DB70.DBX302.3",Boolean,1,RO,100,,,,,,,,,,"M5152超时故障",
"M5152.Alarm.TM_JY_Fault","DB50.DBX4543.0",Boolean,1,RO,100,,,,,,,,,,"M5152条码校验故障",
"M5152.Alarm.TotalFault","DB70.DBX302.1",Boolean,1,RO,100,,,,,,,,,,"M5152总故障",
"M5152.Alarm.WX_Fault","DB50.DBX4542.1",Boolean,1,RO,100,,,,,,,,,,"M5152外形故障",
"M5152.Alarm.WX_TM_Fault","DB50.DBX4542.0",Boolean,1,RO,100,,,,,,,,,,"M5152外形条码总故障",
"M5152.State.Allow","DB50.DBB4549",Byte,1,RO,100,,,,,,,,,,"M5152允许拆盘",
"M5152.State.ForwardRun","DB70.DBX303.6",Boolean,1,RO,100,,,,,,,,,,"M5152正转运行",
"M5152.State.Get_Num","DB50.DBB4548",Byte,1,RO,100,,,,,,,,,,"M5152已取数量",
"M5152.State.LastOne","DB50.DBX4543.4",Boolean,1,RO,100,,,,,,,,,,"M5152强制推盘",
"M5152.State.Load","DB70.DBX303.5",Boolean,1,RO,100,,,,,,,,,,"M5152负载",
"M5152.State.MD_State1","DB50.DINT4550",Long,1,RO,100,,,,,,,,,,"M5152码垛状态1",
"M5152.State.MD_State2","DB50.DBB4554",Byte,1,RO,100,,,,,,,,,,"M5152码垛状态2",
"M5152.State.Need_Num","DB50.DBB4547",Byte,1,RO,100,,,,,,,,,,"M5152要取数量",
"M5152.State.PH1","I34.1",Boolean,1,RO,100,,,,,,,,,,"5152到位光电1",
"M5152.State.ReversalRun","DB70.DBX303.7",Boolean,1,RO,100,,,,,,,,,,"M5152反转运行",
"M5152.State.Runing","DB70.DBX302.0",Boolean,1,RO,100,,,,,,,,,,"M5152设备运行标志",
"M5152.State.SelectPlace","DB70.DBX302.7",Boolean,1,RO,100,,,,,,,,,,"M5152选中位",
"M5152.State.YX_DX","DB50.DBB4545",Byte,1,RO,100,,,,,,,,,,"M5152码垛垛型",
"M5152.State.YX_Num","DB50.DBB4546",Byte,1,RO,100,,,,,,,,,,"M5152烟箱数量",
"M5152.State.YX_Type","DB50.DBB4544",Byte,1,RO,100,,,,,,,,,,"M5152烟箱类型",
"M5152.Task.Code","DB50.DINT4532",Long,1,RO,100,,,,,,,,,,"M5152托盘条码",
"M5152.Task.DestSta","DB50.DBW4540",Short,1,RO,100,,,,,,,,,,"M5152目标地址",
"M5152.Task.StartSta","DB50.DBW4538",Short,1,RO,100,,,,,,,,,,"M5152起始地址",
"M5152.Task.Task","DB50.DBW4530",Short,1,RO,100,,,,,,,,,,"M5152任务号",
"M5152.Task.TpType","DB50.DBW4536",Short,1,RO,100,,,,,,,,,,"M5152货物类型",
"M5153.Alarm.B_Fault","DB50.DBX4572.4",Boolean,1,RO,100,,,,,,,,,,"M5153后超长",
"M5153.Alarm.DriveFault","DB70.DBX304.2",Boolean,1,RO,100,,,,,,,,,,"M5153驱动器故障",
"M5153.Alarm.EstopFault","DB70.DBX305.3",Boolean,1,RO,100,,,,,,,,,,"M5153急停故障",
"M5153.Alarm.F_Fault","DB50.DBX4572.3",Boolean,1,RO,100,,,,,,,,,,"M5153前超长",
"M5153.Alarm.H_Fault","DB50.DBX4572.2",Boolean,1,RO,100,,,,,,,,,,"M5153超高",
"M5153.Alarm.L_Fault","DB50.DBX4572.5",Boolean,1,RO,100,,,,,,,,,,"M5153左超宽",
"M5153.Alarm.LS_Fault","DB70.DBX305.2",Boolean,1,RO,100,,,,,,,,,,"M5153限位故障",
"M5153.Alarm.NoRead","DB50.DBX4573.1",Boolean,1,RO,100,,,,,,,,,,"M5153条码未读出",
"M5153.Alarm.OutSideFault","DB70.DBX305.1",Boolean,1,RO,100,,,,,,,,,,"M5153货物超边故障",
"M5153.Alarm.PH_Fault","DB70.DBX304.6",Boolean,1,RO,100,,,,,,,,,,"M5153光电管异常",
"M5153.Alarm.QF_Fault","DB70.DBX304.4",Boolean,1,RO,100,,,,,,,,,,"M5153空开故障",
"M5153.Alarm.QS_Fault","DB70.DBX304.5",Boolean,1,RO,100,,,,,,,,,,"M5153隔离开关故障",
"M5153.Alarm.R_Fault","DB50.DBX4572.6",Boolean,1,RO,100,,,,,,,,,,"M5153右超宽",
"M5153.Alarm.RFID_ReadFault","DB50.DBX4573.3",Boolean,1,RO,100,,,,,,,,,,"M5153RFID读取错误",
"M5153.Alarm.RFID_WriteFault","DB50.DBX4573.2",Boolean,1,RO,100,,,,,,,,,,"M5153RFID写入错误",
"M5153.Alarm.TimeOutFault","DB70.DBX304.3",Boolean,1,RO,100,,,,,,,,,,"M5153超时故障",
"M5153.Alarm.TM_JY_Fault","DB50.DBX4573.0",Boolean,1,RO,100,,,,,,,,,,"M5153条码校验故障",
"M5153.Alarm.TotalFault","DB70.DBX304.1",Boolean,1,RO,100,,,,,,,,,,"M5153总故障",
"M5153.Alarm.WX_Fault","DB50.DBX4572.1",Boolean,1,RO,100,,,,,,,,,,"M5153外形故障",
"M5153.Alarm.WX_TM_Fault","DB50.DBX4572.0",Boolean,1,RO,100,,,,,,,,,,"M5153外形条码总故障",
"M5153.State.Allow","DB50.DBB4579",Byte,1,RO,100,,,,,,,,,,"M5153允许拆盘",
"M5153.State.ForwardRun","DB70.DBX305.6",Boolean,1,RO,100,,,,,,,,,,"M5153正转运行",
"M5153.State.Get_Num","DB50.DBB4578",Byte,1,RO,100,,,,,,,,,,"M5153已取数量",
"M5153.State.LastOne","DB50.DBX4573.4",Boolean,1,RO,100,,,,,,,,,,"M5153强制推盘",
"M5153.State.Load","DB70.DBX305.5",Boolean,1,RO,100,,,,,,,,,,"M5153负载",
"M5153.State.MD_State1","DB50.DINT4580",Long,1,RO,100,,,,,,,,,,"M5153码垛状态1",
"M5153.State.MD_State2","DB50.DBB4584",Byte,1,RO,100,,,,,,,,,,"M5153码垛状态2",
"M5153.State.Need_Num","DB50.DBB4577",Byte,1,RO,100,,,,,,,,,,"M5153要取数量",
"M5153.State.PH_WX1","I35.4",Boolean,1,RO,100,,,,,,,,,,"5153超高对射光电1",
"M5153.State.PH_WX2","I35.6",Boolean,1,RO,100,,,,,,,,,,"5153左超宽对射光电2",
"M5153.State.PH_WX3","I35.1",Boolean,1,RO,100,,,,,,,,,,"5153右超宽对射光电3",
"M5153.State.PH_WX4","I35.3",Boolean,1,RO,100,,,,,,,,,,"5153前超长对射光电5",
"M5153.State.PH_WX5","I35.5",Boolean,1,RO,100,,,,,,,,,,"5153后超长对射光电6",
"M5153.State.PH1","I34.5",Boolean,1,RO,100,,,,,,,,,,"5153到位光电1",
"M5153.State.PH2","I34.7",Boolean,1,RO,100,,,,,,,,,,"5153到位光电2",
"M5153.State.PH3","I35.0",Boolean,1,RO,100,,,,,,,,,,"5153到位光电3",
"M5153.State.PH4","I35.2",Boolean,1,RO,100,,,,,,,,,,"5153对射保护光电4",
"M5153.State.ReversalRun","DB70.DBX305.7",Boolean,1,RO,100,,,,,,,,,,"M5153反转运行",
"M5153.State.Runing","DB70.DBX304.0",Boolean,1,RO,100,,,,,,,,,,"M5153设备运行标志",
"M5153.State.SelectPlace","DB70.DBX304.7",Boolean,1,RO,100,,,,,,,,,,"M5153选中位",
"M5153.State.YX_DX","DB50.DBB4575",Byte,1,RO,100,,,,,,,,,,"M5153码垛垛型",
"M5153.State.YX_Num","DB50.DBB4576",Byte,1,RO,100,,,,,,,,,,"M5153烟箱数量",
"M5153.State.YX_Type","DB50.DBB4574",Byte,1,RO,100,,,,,,,,,,"M5153烟箱类型",
"M5153.Task.Code","DB50.DINT4562",Long,1,RO,100,,,,,,,,,,"M5153托盘条码",
"M5153.Task.DestSta","DB50.DBW4570",Short,1,RO,100,,,,,,,,,,"M5153目标地址",
"M5153.Task.StartSta","DB50.DBW4568",Short,1,RO,100,,,,,,,,,,"M5153起始地址",
"M5153.Task.Task","DB50.DBW4560",Short,1,RO,100,,,,,,,,,,"M5153任务号",
"M5153.Task.TpType","DB50.DBW4566",Short,1,RO,100,,,,,,,,,,"M5153货物类型",
"M5154.Alarm.B_Fault","DB50.DBX4602.4",Boolean,1,RO,100,,,,,,,,,,"M5154后超长",
"M5154.Alarm.DriveFault","DB70.DBX306.2",Boolean,1,RO,100,,,,,,,,,,"M5154驱动器故障",
"M5154.Alarm.EstopFault","DB70.DBX307.3",Boolean,1,RO,100,,,,,,,,,,"M5154急停故障",
"M5154.Alarm.F_Fault","DB50.DBX4602.3",Boolean,1,RO,100,,,,,,,,,,"M5154前超长",
"M5154.Alarm.H_Fault","DB50.DBX4602.2",Boolean,1,RO,100,,,,,,,,,,"M5154超高",
"M5154.Alarm.L_Fault","DB50.DBX4602.5",Boolean,1,RO,100,,,,,,,,,,"M5154左超宽",
"M5154.Alarm.LS_Fault","DB70.DBX307.2",Boolean,1,RO,100,,,,,,,,,,"M5154限位故障",
"M5154.Alarm.NoRead","DB50.DBX4603.1",Boolean,1,RO,100,,,,,,,,,,"M5154条码未读出",
"M5154.Alarm.OutSideFault","DB70.DBX307.1",Boolean,1,RO,100,,,,,,,,,,"M5154货物超边故障",
"M5154.Alarm.PH_Fault","DB70.DBX306.6",Boolean,1,RO,100,,,,,,,,,,"M5154光电管异常",
"M5154.Alarm.QF_Fault","DB70.DBX306.4",Boolean,1,RO,100,,,,,,,,,,"M5154空开故障",
"M5154.Alarm.QS_Fault","DB70.DBX306.5",Boolean,1,RO,100,,,,,,,,,,"M5154隔离开关故障",
"M5154.Alarm.R_Fault","DB50.DBX4602.6",Boolean,1,RO,100,,,,,,,,,,"M5154右超宽",
"M5154.Alarm.RFID_ReadFault","DB50.DBX4603.3",Boolean,1,RO,100,,,,,,,,,,"M5154RFID读取错误",
"M5154.Alarm.RFID_WriteFault","DB50.DBX4603.2",Boolean,1,RO,100,,,,,,,,,,"M5154RFID写入错误",
"M5154.Alarm.TimeOutFault","DB70.DBX306.3",Boolean,1,RO,100,,,,,,,,,,"M5154超时故障",
"M5154.Alarm.TM_JY_Fault","DB50.DBX4603.0",Boolean,1,RO,100,,,,,,,,,,"M5154条码校验故障",
"M5154.Alarm.TotalFault","DB70.DBX306.1",Boolean,1,RO,100,,,,,,,,,,"M5154总故障",
"M5154.Alarm.WX_Fault","DB50.DBX4602.1",Boolean,1,RO,100,,,,,,,,,,"M5154外形故障",
"M5154.Alarm.WX_TM_Fault","DB50.DBX4602.0",Boolean,1,RO,100,,,,,,,,,,"M5154外形条码总故障",
"M5154.State.Allow","DB50.DBB4609",Byte,1,RO,100,,,,,,,,,,"M5154允许拆盘",
"M5154.State.ForwardRun","DB70.DBX307.6",Boolean,1,RO,100,,,,,,,,,,"M5154正转运行",
"M5154.State.Get_Num","DB50.DBB4608",Byte,1,RO,100,,,,,,,,,,"M5154已取数量",
"M5154.State.LastOne","DB50.DBX4603.4",Boolean,1,RO,100,,,,,,,,,,"M5154强制推盘",
"M5154.State.Load","DB70.DBX307.5",Boolean,1,RO,100,,,,,,,,,,"M5154负载",
"M5154.State.MD_State1","DB50.DINT4610",Long,1,RO,100,,,,,,,,,,"M5154码垛状态1",
"M5154.State.MD_State2","DB50.DBB4614",Byte,1,RO,100,,,,,,,,,,"M5154码垛状态2",
"M5154.State.Need_Num","DB50.DBB4607",Byte,1,RO,100,,,,,,,,,,"M5154要取数量",
"M5154.State.ReversalRun","DB70.DBX307.7",Boolean,1,RO,100,,,,,,,,,,"M5154反转运行",
"M5154.State.Runing","DB70.DBX306.0",Boolean,1,RO,100,,,,,,,,,,"M5154设备运行标志",
"M5154.State.SelectPlace","DB70.DBX306.7",Boolean,1,RO,100,,,,,,,,,,"M5154选中位",
"M5154.State.YX_DX","DB50.DBB4605",Byte,1,RO,100,,,,,,,,,,"M5154码垛垛型",
"M5154.State.YX_Num","DB50.DBB4606",Byte,1,RO,100,,,,,,,,,,"M5154烟箱数量",
"M5154.State.YX_Type","DB50.DBB4604",Byte,1,RO,100,,,,,,,,,,"M5154烟箱类型",
"M5154.Task.Code","DB50.DINT4592",Long,1,RO,100,,,,,,,,,,"M5154托盘条码",
"M5154.Task.DestSta","DB50.DBW4600",Short,1,RO,100,,,,,,,,,,"M5154目标地址",
"M5154.Task.StartSta","DB50.DBW4598",Short,1,RO,100,,,,,,,,,,"M5154起始地址",
"M5154.Task.Task","DB50.DBW4590",Short,1,RO,100,,,,,,,,,,"M5154任务号",
"M5154.Task.TpType","DB50.DBW4596",Short,1,RO,100,,,,,,,,,,"M5154货物类型",
"M5155.Alarm.B_Fault","DB50.DBX4632.4",Boolean,1,RO,100,,,,,,,,,,"M5155后超长",
"M5155.Alarm.DriveFault","DB70.DBX308.2",Boolean,1,RO,100,,,,,,,,,,"M5155驱动器故障",
"M5155.Alarm.EstopFault","DB70.DBX309.3",Boolean,1,RO,100,,,,,,,,,,"M5155急停故障",
"M5155.Alarm.F_Fault","DB50.DBX4632.3",Boolean,1,RO,100,,,,,,,,,,"M5155前超长",
"M5155.Alarm.H_Fault","DB50.DBX4632.2",Boolean,1,RO,100,,,,,,,,,,"M5155超高",
"M5155.Alarm.L_Fault","DB50.DBX4632.5",Boolean,1,RO,100,,,,,,,,,,"M5155左超宽",
"M5155.Alarm.LS_Fault","DB70.DBX309.2",Boolean,1,RO,100,,,,,,,,,,"M5155限位故障",
"M5155.Alarm.NoRead","DB50.DBX4633.1",Boolean,1,RO,100,,,,,,,,,,"M5155条码未读出",
"M5155.Alarm.OutSideFault","DB70.DBX309.1",Boolean,1,RO,100,,,,,,,,,,"M5155货物超边故障",
"M5155.Alarm.PH_Fault","DB70.DBX308.6",Boolean,1,RO,100,,,,,,,,,,"M5155光电管异常",
"M5155.Alarm.QF_Fault","DB70.DBX308.4",Boolean,1,RO,100,,,,,,,,,,"M5155空开故障",
"M5155.Alarm.QS_Fault","DB70.DBX308.5",Boolean,1,RO,100,,,,,,,,,,"M5155隔离开关故障",
"M5155.Alarm.R_Fault","DB50.DBX4632.6",Boolean,1,RO,100,,,,,,,,,,"M5155右超宽",
"M5155.Alarm.RFID_ReadFault","DB50.DBX4633.3",Boolean,1,RO,100,,,,,,,,,,"M5155RFID读取错误",
"M5155.Alarm.RFID_WriteFault","DB50.DBX4633.2",Boolean,1,RO,100,,,,,,,,,,"M5155RFID写入错误",
"M5155.Alarm.TimeOutFault","DB70.DBX308.3",Boolean,1,RO,100,,,,,,,,,,"M5155超时故障",
"M5155.Alarm.TM_JY_Fault","DB50.DBX4633.0",Boolean,1,RO,100,,,,,,,,,,"M5155条码校验故障",
"M5155.Alarm.TotalFault","DB70.DBX308.1",Boolean,1,RO,100,,,,,,,,,,"M5155总故障",
"M5155.Alarm.WX_Fault","DB50.DBX4632.1",Boolean,1,RO,100,,,,,,,,,,"M5155外形故障",
"M5155.Alarm.WX_TM_Fault","DB50.DBX4632.0",Boolean,1,RO,100,,,,,,,,,,"M5155外形条码总故障",
"M5155.State.Allow","DB50.DBB4639",Byte,1,RO,100,,,,,,,,,,"M5155允许拆盘",
"M5155.State.ForwardRun","DB70.DBX309.6",Boolean,1,RO,100,,,,,,,,,,"M5155正转运行",
"M5155.State.Get_Num","DB50.DBB4638",Byte,1,RO,100,,,,,,,,,,"M5155已取数量",
"M5155.State.LastOne","DB50.DBX4633.4",Boolean,1,RO,100,,,,,,,,,,"M5155强制推盘",
"M5155.State.Load","DB70.DBX309.5",Boolean,1,RO,100,,,,,,,,,,"M5155负载",
"M5155.State.MD_State1","DB50.DINT4640",Long,1,RO,100,,,,,,,,,,"M5155码垛状态1",
"M5155.State.MD_State2","DB50.DBB4644",Byte,1,RO,100,,,,,,,,,,"M5155码垛状态2",
"M5155.State.Need_Num","DB50.DBB4637",Byte,1,RO,100,,,,,,,,,,"M5155要取数量",
"M5155.State.ReversalRun","DB70.DBX309.7",Boolean,1,RO,100,,,,,,,,,,"M5155反转运行",
"M5155.State.Runing","DB70.DBX308.0",Boolean,1,RO,100,,,,,,,,,,"M5155设备运行标志",
"M5155.State.SelectPlace","DB70.DBX308.7",Boolean,1,RO,100,,,,,,,,,,"M5155选中位",
"M5155.State.YX_DX","DB50.DBB4635",Byte,1,RO,100,,,,,,,,,,"M5155码垛垛型",
"M5155.State.YX_Num","DB50.DBB4636",Byte,1,RO,100,,,,,,,,,,"M5155烟箱数量",
"M5155.State.YX_Type","DB50.DBB4634",Byte,1,RO,100,,,,,,,,,,"M5155烟箱类型",
"M5155.Task.Code","DB50.DINT4622",Long,1,RO,100,,,,,,,,,,"M5155托盘条码",
"M5155.Task.DestSta","DB50.DBW4630",Short,1,RO,100,,,,,,,,,,"M5155目标地址",
"M5155.Task.StartSta","DB50.DBW4628",Short,1,RO,100,,,,,,,,,,"M5155起始地址",
"M5155.Task.Task","DB50.DBW4620",Short,1,RO,100,,,,,,,,,,"M5155任务号",
"M5155.Task.TpType","DB50.DBW4626",Short,1,RO,100,,,,,,,,,,"M5155货物类型",
"M5156.Alarm.B_Fault","DB50.DBX4662.4",Boolean,1,RO,100,,,,,,,,,,"M5156后超长",
"M5156.Alarm.DriveFault","DB70.DBX310.2",Boolean,1,RO,100,,,,,,,,,,"M5156驱动器故障",
"M5156.Alarm.EstopFault","DB70.DBX311.3",Boolean,1,RO,100,,,,,,,,,,"M5156急停故障",
"M5156.Alarm.F_Fault","DB50.DBX4662.3",Boolean,1,RO,100,,,,,,,,,,"M5156前超长",
"M5156.Alarm.H_Fault","DB50.DBX4662.2",Boolean,1,RO,100,,,,,,,,,,"M5156超高",
"M5156.Alarm.L_Fault","DB50.DBX4662.5",Boolean,1,RO,100,,,,,,,,,,"M5156左超宽",
"M5156.Alarm.LS_Fault","DB70.DBX311.2",Boolean,1,RO,100,,,,,,,,,,"M5156限位故障",
"M5156.Alarm.NoRead","DB50.DBX4663.1",Boolean,1,RO,100,,,,,,,,,,"M5156条码未读出",
"M5156.Alarm.OutSideFault","DB70.DBX311.1",Boolean,1,RO,100,,,,,,,,,,"M5156货物超边故障",
"M5156.Alarm.PH_Fault","DB70.DBX310.6",Boolean,1,RO,100,,,,,,,,,,"M5156光电管异常",
"M5156.Alarm.QF_Fault","DB70.DBX310.4",Boolean,1,RO,100,,,,,,,,,,"M5156空开故障",
"M5156.Alarm.QS_Fault","DB70.DBX310.5",Boolean,1,RO,100,,,,,,,,,,"M5156隔离开关故障",
"M5156.Alarm.R_Fault","DB50.DBX4662.6",Boolean,1,RO,100,,,,,,,,,,"M5156右超宽",
"M5156.Alarm.RFID_ReadFault","DB50.DBX4663.3",Boolean,1,RO,100,,,,,,,,,,"M5156RFID读取错误",
"M5156.Alarm.RFID_WriteFault","DB50.DBX4663.2",Boolean,1,RO,100,,,,,,,,,,"M5156RFID写入错误",
"M5156.Alarm.TimeOutFault","DB70.DBX310.3",Boolean,1,RO,100,,,,,,,,,,"M5156超时故障",
"M5156.Alarm.TM_JY_Fault","DB50.DBX4663.0",Boolean,1,RO,100,,,,,,,,,,"M5156条码校验故障",
"M5156.Alarm.TotalFault","DB70.DBX310.1",Boolean,1,RO,100,,,,,,,,,,"M5156总故障",
"M5156.Alarm.WX_Fault","DB50.DBX4662.1",Boolean,1,RO,100,,,,,,,,,,"M5156外形故障",
"M5156.Alarm.WX_TM_Fault","DB50.DBX4662.0",Boolean,1,RO,100,,,,,,,,,,"M5156外形条码总故障",
"M5156.State.Allow","DB50.DBB4669",Byte,1,RO,100,,,,,,,,,,"M5156允许拆盘",
"M5156.State.ForwardRun","DB70.DBX311.6",Boolean,1,RO,100,,,,,,,,,,"M5156正转运行",
"M5156.State.Get_Num","DB50.DBB4668",Byte,1,RO,100,,,,,,,,,,"M5156已取数量",
"M5156.State.LastOne","DB50.DBX4663.4",Boolean,1,RO,100,,,,,,,,,,"M5156强制推盘",
"M5156.State.Load","DB70.DBX311.5",Boolean,1,RO,100,,,,,,,,,,"M5156负载",
"M5156.State.MD_State1","DB50.DINT4670",Long,1,RO,100,,,,,,,,,,"M5156码垛状态1",
"M5156.State.MD_State2","DB50.DBB4674",Byte,1,RO,100,,,,,,,,,,"M5156码垛状态2",
"M5156.State.Need_Num","DB50.DBB4667",Byte,1,RO,100,,,,,,,,,,"M5156要取数量",
"M5156.State.ReversalRun","DB70.DBX311.7",Boolean,1,RO,100,,,,,,,,,,"M5156反转运行",
"M5156.State.Runing","DB70.DBX310.0",Boolean,1,RO,100,,,,,,,,,,"M5156设备运行标志",
"M5156.State.SelectPlace","DB70.DBX310.7",Boolean,1,RO,100,,,,,,,,,,"M5156选中位",
"M5156.State.YX_DX","DB50.DBB4665",Byte,1,RO,100,,,,,,,,,,"M5156码垛垛型",
"M5156.State.YX_Num","DB50.DBB4666",Byte,1,RO,100,,,,,,,,,,"M5156烟箱数量",
"M5156.State.YX_Type","DB50.DBB4664",Byte,1,RO,100,,,,,,,,,,"M5156烟箱类型",
"M5156.Task.Code","DB50.DINT4652",Long,1,RO,100,,,,,,,,,,"M5156托盘条码",
"M5156.Task.DestSta","DB50.DBW4660",Short,1,RO,100,,,,,,,,,,"M5156目标地址",
"M5156.Task.StartSta","DB50.DBW4658",Short,1,RO,100,,,,,,,,,,"M5156起始地址",
"M5156.Task.Task","DB50.DBW4650",Short,1,RO,100,,,,,,,,,,"M5156任务号",
"M5156.Task.TpType","DB50.DBW4656",Short,1,RO,100,,,,,,,,,,"M5156货物类型",
"M5157.Alarm.B_Fault","DB50.DBX4692.4",Boolean,1,RO,100,,,,,,,,,,"M5157后超长",
"M5157.Alarm.DriveFault","DB70.DBX312.2",Boolean,1,RO,100,,,,,,,,,,"M5157驱动器故障",
"M5157.Alarm.EstopFault","DB70.DBX313.3",Boolean,1,RO,100,,,,,,,,,,"M5157急停故障",
"M5157.Alarm.F_Fault","DB50.DBX4692.3",Boolean,1,RO,100,,,,,,,,,,"M5157前超长",
"M5157.Alarm.H_Fault","DB50.DBX4692.2",Boolean,1,RO,100,,,,,,,,,,"M5157超高",
"M5157.Alarm.L_Fault","DB50.DBX4692.5",Boolean,1,RO,100,,,,,,,,,,"M5157左超宽",
"M5157.Alarm.LS_Fault","DB70.DBX313.2",Boolean,1,RO,100,,,,,,,,,,"M5157限位故障",
"M5157.Alarm.NoRead","DB50.DBX4693.1",Boolean,1,RO,100,,,,,,,,,,"M5157条码未读出",
"M5157.Alarm.OutSideFault","DB70.DBX313.1",Boolean,1,RO,100,,,,,,,,,,"M5157货物超边故障",
"M5157.Alarm.PH_Fault","DB70.DBX312.6",Boolean,1,RO,100,,,,,,,,,,"M5157光电管异常",
"M5157.Alarm.QF_Fault","DB70.DBX312.4",Boolean,1,RO,100,,,,,,,,,,"M5157空开故障",
"M5157.Alarm.QS_Fault","DB70.DBX312.5",Boolean,1,RO,100,,,,,,,,,,"M5157隔离开关故障",
"M5157.Alarm.R_Fault","DB50.DBX4692.6",Boolean,1,RO,100,,,,,,,,,,"M5157右超宽",
"M5157.Alarm.RFID_ReadFault","DB50.DBX4693.3",Boolean,1,RO,100,,,,,,,,,,"M5157RFID读取错误",
"M5157.Alarm.RFID_WriteFault","DB50.DBX4693.2",Boolean,1,RO,100,,,,,,,,,,"M5157RFID写入错误",
"M5157.Alarm.TimeOutFault","DB70.DBX312.3",Boolean,1,RO,100,,,,,,,,,,"M5157超时故障",
"M5157.Alarm.TM_JY_Fault","DB50.DBX4693.0",Boolean,1,RO,100,,,,,,,,,,"M5157条码校验故障",
"M5157.Alarm.TotalFault","DB70.DBX312.1",Boolean,1,RO,100,,,,,,,,,,"M5157总故障",
"M5157.Alarm.WX_Fault","DB50.DBX4692.1",Boolean,1,RO,100,,,,,,,,,,"M5157外形故障",
"M5157.Alarm.WX_TM_Fault","DB50.DBX4692.0",Boolean,1,RO,100,,,,,,,,,,"M5157外形条码总故障",
"M5157.State.Allow","DB50.DBB4699",Byte,1,RO,100,,,,,,,,,,"M5157允许拆盘",
"M5157.State.ForwardRun","DB70.DBX313.6",Boolean,1,RO,100,,,,,,,,,,"M5157正转运行",
"M5157.State.Get_Num","DB50.DBB4698",Byte,1,RO,100,,,,,,,,,,"M5157已取数量",
"M5157.State.LastOne","DB50.DBX4693.4",Boolean,1,RO,100,,,,,,,,,,"M5157强制推盘",
"M5157.State.Load","DB70.DBX313.5",Boolean,1,RO,100,,,,,,,,,,"M5157负载",
"M5157.State.MD_State1","DB50.DINT4700",Long,1,RO,100,,,,,,,,,,"M5157码垛状态1",
"M5157.State.MD_State2","DB50.DBB4704",Byte,1,RO,100,,,,,,,,,,"M5157码垛状态2",
"M5157.State.Need_Num","DB50.DBB4697",Byte,1,RO,100,,,,,,,,,,"M5157要取数量",
"M5157.State.PH1","I60.7",Boolean,1,RO,100,,,,,,,,,,"5157对射保护光电",
"M5157.State.PH2","I61.0",Boolean,1,RO,100,,,,,,,,,,"5157到位光电",
"M5157.State.ReversalRun","DB70.DBX313.7",Boolean,1,RO,100,,,,,,,,,,"M5157反转运行",
"M5157.State.Runing","DB70.DBX312.0",Boolean,1,RO,100,,,,,,,,,,"M5157设备运行标志",
"M5157.State.SelectPlace","DB70.DBX312.7",Boolean,1,RO,100,,,,,,,,,,"M5157选中位",
"M5157.State.YX_DX","DB50.DBB4695",Byte,1,RO,100,,,,,,,,,,"M5157码垛垛型",
"M5157.State.YX_Num","DB50.DBB4696",Byte,1,RO,100,,,,,,,,,,"M5157烟箱数量",
"M5157.State.YX_Type","DB50.DBB4694",Byte,1,RO,100,,,,,,,,,,"M5157烟箱类型",
"M5157.Task.Code","DB50.DINT4682",Long,1,RO,100,,,,,,,,,,"M5157托盘条码",
"M5157.Task.DestSta","DB50.DBW4690",Short,1,RO,100,,,,,,,,,,"M5157目标地址",
"M5157.Task.StartSta","DB50.DBW4688",Short,1,RO,100,,,,,,,,,,"M5157起始地址",
"M5157.Task.Task","DB50.DBW4680",Short,1,RO,100,,,,,,,,,,"M5157任务号",
"M5157.Task.TpType","DB50.DBW4686",Short,1,RO,100,,,,,,,,,,"M5157货物类型",
"M5158.Alarm.B_Fault","DB50.DBX4722.4",Boolean,1,RO,100,,,,,,,,,,"M5158后超长",
"M5158.Alarm.DriveFault","DB70.DBX314.2",Boolean,1,RO,100,,,,,,,,,,"M5158驱动器故障",
"M5158.Alarm.EstopFault","DB70.DBX315.3",Boolean,1,RO,100,,,,,,,,,,"M5158急停故障",
"M5158.Alarm.F_Fault","DB50.DBX4722.3",Boolean,1,RO,100,,,,,,,,,,"M5158前超长",
"M5158.Alarm.H_Fault","DB50.DBX4722.2",Boolean,1,RO,100,,,,,,,,,,"M5158超高",
"M5158.Alarm.L_Fault","DB50.DBX4722.5",Boolean,1,RO,100,,,,,,,,,,"M5158左超宽",
"M5158.Alarm.LS_Fault","DB70.DBX315.2",Boolean,1,RO,100,,,,,,,,,,"M5158限位故障",
"M5158.Alarm.NoRead","DB50.DBX4723.1",Boolean,1,RO,100,,,,,,,,,,"M5158条码未读出",
"M5158.Alarm.OutSideFault","DB70.DBX315.1",Boolean,1,RO,100,,,,,,,,,,"M5158货物超边故障",
"M5158.Alarm.PH_Fault","DB70.DBX314.6",Boolean,1,RO,100,,,,,,,,,,"M5158光电管异常",
"M5158.Alarm.QF_Fault","DB70.DBX314.4",Boolean,1,RO,100,,,,,,,,,,"M5158空开故障",
"M5158.Alarm.QS_Fault","DB70.DBX314.5",Boolean,1,RO,100,,,,,,,,,,"M5158隔离开关故障",
"M5158.Alarm.R_Fault","DB50.DBX4722.6",Boolean,1,RO,100,,,,,,,,,,"M5158右超宽",
"M5158.Alarm.RFID_ReadFault","DB50.DBX4723.3",Boolean,1,RO,100,,,,,,,,,,"M5158RFID读取错误",
"M5158.Alarm.RFID_WriteFault","DB50.DBX4723.2",Boolean,1,RO,100,,,,,,,,,,"M5158RFID写入错误",
"M5158.Alarm.TimeOutFault","DB70.DBX314.3",Boolean,1,RO,100,,,,,,,,,,"M5158超时故障",
"M5158.Alarm.TM_JY_Fault","DB50.DBX4723.0",Boolean,1,RO,100,,,,,,,,,,"M5158条码校验故障",
"M5158.Alarm.TotalFault","DB70.DBX314.1",Boolean,1,RO,100,,,,,,,,,,"M5158总故障",
"M5158.Alarm.WX_Fault","DB50.DBX4722.1",Boolean,1,RO,100,,,,,,,,,,"M5158外形故障",
"M5158.Alarm.WX_TM_Fault","DB50.DBX4722.0",Boolean,1,RO,100,,,,,,,,,,"M5158外形条码总故障",
"M5158.State.Allow","DB50.DBB4729",Byte,1,RO,100,,,,,,,,,,"M5158允许拆盘",
"M5158.State.ForwardRun","DB70.DBX315.6",Boolean,1,RO,100,,,,,,,,,,"M5158正转运行",
"M5158.State.Get_Num","DB50.DBB4728",Byte,1,RO,100,,,,,,,,,,"M5158已取数量",
"M5158.State.LastOne","DB50.DBX4723.4",Boolean,1,RO,100,,,,,,,,,,"M5158强制推盘",
"M5158.State.Load","DB70.DBX315.5",Boolean,1,RO,100,,,,,,,,,,"M5158负载",
"M5158.State.MD_State1","DB50.DINT4730",Long,1,RO,100,,,,,,,,,,"M5158码垛状态1",
"M5158.State.MD_State2","DB50.DBB4734",Byte,1,RO,100,,,,,,,,,,"M5158码垛状态2",
"M5158.State.Need_Num","DB50.DBB4727",Byte,1,RO,100,,,,,,,,,,"M5158要取数量",
"M5158.State.ReversalRun","DB70.DBX315.7",Boolean,1,RO,100,,,,,,,,,,"M5158反转运行",
"M5158.State.Runing","DB70.DBX314.0",Boolean,1,RO,100,,,,,,,,,,"M5158设备运行标志",
"M5158.State.SelectPlace","DB70.DBX314.7",Boolean,1,RO,100,,,,,,,,,,"M5158选中位",
"M5158.State.YX_DX","DB50.DBB4725",Byte,1,RO,100,,,,,,,,,,"M5158码垛垛型",
"M5158.State.YX_Num","DB50.DBB4726",Byte,1,RO,100,,,,,,,,,,"M5158烟箱数量",
"M5158.State.YX_Type","DB50.DBB4724",Byte,1,RO,100,,,,,,,,,,"M5158烟箱类型",
"M5158.Task.Code","DB50.DINT4712",Long,1,RO,100,,,,,,,,,,"M5158托盘条码",
"M5158.Task.DestSta","DB50.DBW4720",Short,1,RO,100,,,,,,,,,,"M5158目标地址",
"M5158.Task.StartSta","DB50.DBW4718",Short,1,RO,100,,,,,,,,,,"M5158起始地址",
"M5158.Task.Task","DB50.DBW4710",Short,1,RO,100,,,,,,,,,,"M5158任务号",
"M5158.Task.TpType","DB50.DBW4716",Short,1,RO,100,,,,,,,,,,"M5158货物类型",
"M5159.Alarm.B_Fault","DB50.DBX4752.4",Boolean,1,RO,100,,,,,,,,,,"M5159后超长",
"M5159.Alarm.DriveFault","DB70.DBX316.2",Boolean,1,RO,100,,,,,,,,,,"M5159驱动器故障",
"M5159.Alarm.EstopFault","DB70.DBX317.3",Boolean,1,RO,100,,,,,,,,,,"M5159急停故障",
"M5159.Alarm.F_Fault","DB50.DBX4752.3",Boolean,1,RO,100,,,,,,,,,,"M5159前超长",
"M5159.Alarm.H_Fault","DB50.DBX4752.2",Boolean,1,RO,100,,,,,,,,,,"M5159超高",
"M5159.Alarm.L_Fault","DB50.DBX4752.5",Boolean,1,RO,100,,,,,,,,,,"M5159左超宽",
"M5159.Alarm.LS_Fault","DB70.DBX317.2",Boolean,1,RO,100,,,,,,,,,,"M5159限位故障",
"M5159.Alarm.NoRead","DB50.DBX4753.1",Boolean,1,RO,100,,,,,,,,,,"M5159条码未读出",
"M5159.Alarm.OutSideFault","DB70.DBX317.1",Boolean,1,RO,100,,,,,,,,,,"M5159货物超边故障",
"M5159.Alarm.PH_Fault","DB70.DBX316.6",Boolean,1,RO,100,,,,,,,,,,"M5159光电管异常",
"M5159.Alarm.QF_Fault","DB70.DBX316.4",Boolean,1,RO,100,,,,,,,,,,"M5159空开故障",
"M5159.Alarm.QS_Fault","DB70.DBX316.5",Boolean,1,RO,100,,,,,,,,,,"M5159隔离开关故障",
"M5159.Alarm.R_Fault","DB50.DBX4752.6",Boolean,1,RO,100,,,,,,,,,,"M5159右超宽",
"M5159.Alarm.RFID_ReadFault","DB50.DBX4753.3",Boolean,1,RO,100,,,,,,,,,,"M5159RFID读取错误",
"M5159.Alarm.RFID_WriteFault","DB50.DBX4753.2",Boolean,1,RO,100,,,,,,,,,,"M5159RFID写入错误",
"M5159.Alarm.TimeOutFault","DB70.DBX316.3",Boolean,1,RO,100,,,,,,,,,,"M5159超时故障",
"M5159.Alarm.TM_JY_Fault","DB50.DBX4753.0",Boolean,1,RO,100,,,,,,,,,,"M5159条码校验故障",
"M5159.Alarm.TotalFault","DB70.DBX316.1",Boolean,1,RO,100,,,,,,,,,,"M5159总故障",
"M5159.Alarm.WX_Fault","DB50.DBX4752.1",Boolean,1,RO,100,,,,,,,,,,"M5159外形故障",
"M5159.Alarm.WX_TM_Fault","DB50.DBX4752.0",Boolean,1,RO,100,,,,,,,,,,"M5159外形条码总故障",
"M5159.State.Allow","DB50.DBB4759",Byte,1,RO,100,,,,,,,,,,"M5159允许拆盘",
"M5159.State.ForwardRun","DB70.DBX317.6",Boolean,1,RO,100,,,,,,,,,,"M5159正转运行",
"M5159.State.Get_Num","DB50.DBB4758",Byte,1,RO,100,,,,,,,,,,"M5159已取数量",
"M5159.State.LastOne","DB50.DBX4753.4",Boolean,1,RO,100,,,,,,,,,,"M5159强制推盘",
"M5159.State.Load","DB70.DBX317.5",Boolean,1,RO,100,,,,,,,,,,"M5159负载",
"M5159.State.MD_State1","DB50.DINT4760",Long,1,RO,100,,,,,,,,,,"M5159码垛状态1",
"M5159.State.MD_State2","DB50.DBB4764",Byte,1,RO,100,,,,,,,,,,"M5159码垛状态2",
"M5159.State.Need_Num","DB50.DBB4757",Byte,1,RO,100,,,,,,,,,,"M5159要取数量",
"M5159.State.PH1","I61.5",Boolean,1,RO,100,,,,,,,,,,"5159减速光电",
"M5159.State.PH2","I61.7",Boolean,1,RO,100,,,,,,,,,,"5159到位光电",
"M5159.State.ReversalRun","DB70.DBX317.7",Boolean,1,RO,100,,,,,,,,,,"M5159反转运行",
"M5159.State.Runing","DB70.DBX316.0",Boolean,1,RO,100,,,,,,,,,,"M5159设备运行标志",
"M5159.State.SelectPlace","DB70.DBX316.7",Boolean,1,RO,100,,,,,,,,,,"M5159选中位",
"M5159.State.YX_DX","DB50.DBB4755",Byte,1,RO,100,,,,,,,,,,"M5159码垛垛型",
"M5159.State.YX_Num","DB50.DBB4756",Byte,1,RO,100,,,,,,,,,,"M5159烟箱数量",
"M5159.State.YX_Type","DB50.DBB4754",Byte,1,RO,100,,,,,,,,,,"M5159烟箱类型",
"M5159.Task.Code","DB50.DINT4742",Long,1,RO,100,,,,,,,,,,"M5159托盘条码",
"M5159.Task.DestSta","DB50.DBW4750",Short,1,RO,100,,,,,,,,,,"M5159目标地址",
"M5159.Task.StartSta","DB50.DBW4748",Short,1,RO,100,,,,,,,,,,"M5159起始地址",
"M5159.Task.Task","DB50.DBW4740",Short,1,RO,100,,,,,,,,,,"M5159任务号",
"M5159.Task.TpType","DB50.DBW4746",Short,1,RO,100,,,,,,,,,,"M5159货物类型",
"M5160.Alarm.B_Fault","DB50.DBX4782.4",Boolean,1,RO,100,,,,,,,,,,"M5160后超长",
"M5160.Alarm.DriveFault","DB70.DBX318.2",Boolean,1,RO,100,,,,,,,,,,"M5160驱动器故障",
"M5160.Alarm.EstopFault","DB70.DBX319.3",Boolean,1,RO,100,,,,,,,,,,"M5160急停故障",
"M5160.Alarm.F_Fault","DB50.DBX4782.3",Boolean,1,RO,100,,,,,,,,,,"M5160前超长",
"M5160.Alarm.H_Fault","DB50.DBX4782.2",Boolean,1,RO,100,,,,,,,,,,"M5160超高",
"M5160.Alarm.L_Fault","DB50.DBX4782.5",Boolean,1,RO,100,,,,,,,,,,"M5160左超宽",
"M5160.Alarm.LS_Fault","DB70.DBX319.2",Boolean,1,RO,100,,,,,,,,,,"M5160限位故障",
"M5160.Alarm.NoRead","DB50.DBX4783.1",Boolean,1,RO,100,,,,,,,,,,"M5160条码未读出",
"M5160.Alarm.OutSideFault","DB70.DBX319.1",Boolean,1,RO,100,,,,,,,,,,"M5160货物超边故障",
"M5160.Alarm.PH_Fault","DB70.DBX318.6",Boolean,1,RO,100,,,,,,,,,,"M5160光电管异常",
"M5160.Alarm.QF_Fault","DB70.DBX318.4",Boolean,1,RO,100,,,,,,,,,,"M5160空开故障",
"M5160.Alarm.QS_Fault","DB70.DBX318.5",Boolean,1,RO,100,,,,,,,,,,"M5160隔离开关故障",
"M5160.Alarm.R_Fault","DB50.DBX4782.6",Boolean,1,RO,100,,,,,,,,,,"M5160右超宽",
"M5160.Alarm.RFID_ReadFault","DB50.DBX4783.3",Boolean,1,RO,100,,,,,,,,,,"M5160RFID读取错误",
"M5160.Alarm.RFID_WriteFault","DB50.DBX4783.2",Boolean,1,RO,100,,,,,,,,,,"M5160RFID写入错误",
"M5160.Alarm.TimeOutFault","DB70.DBX318.3",Boolean,1,RO,100,,,,,,,,,,"M5160超时故障",
"M5160.Alarm.TM_JY_Fault","DB50.DBX4783.0",Boolean,1,RO,100,,,,,,,,,,"M5160条码校验故障",
"M5160.Alarm.TotalFault","DB70.DBX318.1",Boolean,1,RO,100,,,,,,,,,,"M5160总故障",
"M5160.Alarm.WX_Fault","DB50.DBX4782.1",Boolean,1,RO,100,,,,,,,,,,"M5160外形故障",
"M5160.Alarm.WX_TM_Fault","DB50.DBX4782.0",Boolean,1,RO,100,,,,,,,,,,"M5160外形条码总故障",
"M5160.State.Allow","DB50.DBB4789",Byte,1,RO,100,,,,,,,,,,"M5160允许拆盘",
"M5160.State.ForwardRun","DB70.DBX319.6",Boolean,1,RO,100,,,,,,,,,,"M5160正转运行",
"M5160.State.Get_Num","DB50.DBB4788",Byte,1,RO,100,,,,,,,,,,"M5160已取数量",
"M5160.State.LastOne","DB50.DBX4783.4",Boolean,1,RO,100,,,,,,,,,,"M5160强制推盘",
"M5160.State.Load","DB70.DBX319.5",Boolean,1,RO,100,,,,,,,,,,"M5160负载",
"M5160.State.MD_State1","DB50.DINT4790",Long,1,RO,100,,,,,,,,,,"M5160码垛状态1",
"M5160.State.MD_State2","DB50.DBB4794",Byte,1,RO,100,,,,,,,,,,"M5160码垛状态2",
"M5160.State.Need_Num","DB50.DBB4787",Byte,1,RO,100,,,,,,,,,,"M5160要取数量",
"M5160.State.PH1","I63.2",Boolean,1,RO,100,,,,,,,,,,"5160减速光电1",
"M5160.State.PH2","I63.4",Boolean,1,RO,100,,,,,,,,,,"5160到位光电1",
"M5160.State.PH4","I63.1",Boolean,1,RO,100,,,,,,,,,,"5160到位光电2",
"M5160.State.ReversalRun","DB70.DBX319.7",Boolean,1,RO,100,,,,,,,,,,"M5160反转运行",
"M5160.State.Runing","DB70.DBX318.0",Boolean,1,RO,100,,,,,,,,,,"M5160设备运行标志",
"M5160.State.SelectPlace","DB70.DBX318.7",Boolean,1,RO,100,,,,,,,,,,"M5160选中位",
"M5160.State.YX_DX","DB50.DBB4785",Byte,1,RO,100,,,,,,,,,,"M5160码垛垛型",
"M5160.State.YX_Num","DB50.DBB4786",Byte,1,RO,100,,,,,,,,,,"M5160烟箱数量",
"M5160.State.YX_Type","DB50.DBB4784",Byte,1,RO,100,,,,,,,,,,"M5160烟箱类型",
"M5160.Task.Code","DB50.DINT4772",Long,1,RO,100,,,,,,,,,,"M5160托盘条码",
"M5160.Task.DestSta","DB50.DBW4780",Short,1,RO,100,,,,,,,,,,"M5160目标地址",
"M5160.Task.StartSta","DB50.DBW4778",Short,1,RO,100,,,,,,,,,,"M5160起始地址",
"M5160.Task.Task","DB50.DBW4770",Short,1,RO,100,,,,,,,,,,"M5160任务号",
"M5160.Task.TpType","DB50.DBW4776",Short,1,RO,100,,,,,,,,,,"M5160货物类型",
"M5161.Alarm.B_Fault","DB50.DBX4812.4",Boolean,1,RO,100,,,,,,,,,,"M5161后超长",
"M5161.Alarm.DriveFault","DB70.DBX320.2",Boolean,1,RO,100,,,,,,,,,,"M5161驱动器故障",
"M5161.Alarm.EstopFault","DB70.DBX321.3",Boolean,1,RO,100,,,,,,,,,,"M5161急停故障",
"M5161.Alarm.F_Fault","DB50.DBX4812.3",Boolean,1,RO,100,,,,,,,,,,"M5161前超长",
"M5161.Alarm.H_Fault","DB50.DBX4812.2",Boolean,1,RO,100,,,,,,,,,,"M5161超高",
"M5161.Alarm.L_Fault","DB50.DBX4812.5",Boolean,1,RO,100,,,,,,,,,,"M5161左超宽",
"M5161.Alarm.LS_Fault","DB70.DBX321.2",Boolean,1,RO,100,,,,,,,,,,"M5161限位故障",
"M5161.Alarm.NoRead","DB50.DBX4813.1",Boolean,1,RO,100,,,,,,,,,,"M5161条码未读出",
"M5161.Alarm.OutSideFault","DB70.DBX321.1",Boolean,1,RO,100,,,,,,,,,,"M5161货物超边故障",
"M5161.Alarm.PH_Fault","DB70.DBX320.6",Boolean,1,RO,100,,,,,,,,,,"M5161光电管异常",
"M5161.Alarm.QF_Fault","DB70.DBX320.4",Boolean,1,RO,100,,,,,,,,,,"M5161空开故障",
"M5161.Alarm.QS_Fault","DB70.DBX320.5",Boolean,1,RO,100,,,,,,,,,,"M5161隔离开关故障",
"M5161.Alarm.R_Fault","DB50.DBX4812.6",Boolean,1,RO,100,,,,,,,,,,"M5161右超宽",
"M5161.Alarm.RFID_ReadFault","DB50.DBX4813.3",Boolean,1,RO,100,,,,,,,,,,"M5161RFID读取错误",
"M5161.Alarm.RFID_WriteFault","DB50.DBX4813.2",Boolean,1,RO,100,,,,,,,,,,"M5161RFID写入错误",
"M5161.Alarm.TimeOutFault","DB70.DBX320.3",Boolean,1,RO,100,,,,,,,,,,"M5161超时故障",
"M5161.Alarm.TM_JY_Fault","DB50.DBX4813.0",Boolean,1,RO,100,,,,,,,,,,"M5161条码校验故障",
"M5161.Alarm.TotalFault","DB70.DBX320.1",Boolean,1,RO,100,,,,,,,,,,"M5161总故障",
"M5161.Alarm.WX_Fault","DB50.DBX4812.1",Boolean,1,RO,100,,,,,,,,,,"M5161外形故障",
"M5161.Alarm.WX_TM_Fault","DB50.DBX4812.0",Boolean,1,RO,100,,,,,,,,,,"M5161外形条码总故障",
"M5161.State.Allow","DB50.DBB4819",Byte,1,RO,100,,,,,,,,,,"M5161允许拆盘",
"M5161.State.DownApproach","I62.7",Boolean,1,RO,100,,,,,,,,,,"M5161低位接近",
"M5161.State.ForwardRun","DB70.DBX321.6",Boolean,1,RO,100,,,,,,,,,,"M5161正转运行",
"M5161.State.Get_Num","DB50.DBB4818",Byte,1,RO,100,,,,,,,,,,"M5161已取数量",
"M5161.State.LastOne","DB50.DBX4813.4",Boolean,1,RO,100,,,,,,,,,,"M5161强制推盘",
"M5161.State.Load","DB70.DBX321.5",Boolean,1,RO,100,,,,,,,,,,"M5161负载",
"M5161.State.MD_State1","DB50.DINT4820",Long,1,RO,100,,,,,,,,,,"M5161码垛状态1",
"M5161.State.MD_State2","DB50.DBB4824",Byte,1,RO,100,,,,,,,,,,"M5161码垛状态2",
"M5161.State.Need_Num","DB50.DBB4817",Byte,1,RO,100,,,,,,,,,,"M5161要取数量",
"M5161.State.PH3","I60.0",Boolean,1,RO,100,,,,,,,,,,"5161对射保护光电",
"M5161.State.ReversalRun","DB70.DBX321.7",Boolean,1,RO,100,,,,,,,,,,"M5161反转运行",
"M5161.State.Runing","DB70.DBX320.0",Boolean,1,RO,100,,,,,,,,,,"M5161设备运行标志",
"M5161.State.SelectPlace","DB70.DBX320.7",Boolean,1,RO,100,,,,,,,,,,"M5161选中位",
"M5161.State.UpApproach","I62.5",Boolean,1,RO,100,,,,,,,,,,"M5161高位接近",
"M5161.State.UpSignal","Q212.0",Boolean,1,RO,100,,,,,,,,,,"M5161上升信号",
"M5161.State.YX_DX","DB50.DBB4815",Byte,1,RO,100,,,,,,,,,,"M5161码垛垛型",
"M5161.State.YX_Num","DB50.DBB4816",Byte,1,RO,100,,,,,,,,,,"M5161烟箱数量",
"M5161.State.YX_Type","DB50.DBB4814",Byte,1,RO,100,,,,,,,,,,"M5161烟箱类型",
"M5161.Task.Code","DB50.DINT4802",Long,1,RO,100,,,,,,,,,,"M5161托盘条码",
"M5161.Task.DestSta","DB50.DBW4810",Short,1,RO,100,,,,,,,,,,"M5161目标地址",
"M5161.Task.StartSta","DB50.DBW4808",Short,1,RO,100,,,,,,,,,,"M5161起始地址",
"M5161.Task.Task","DB50.DBW4800",Short,1,RO,100,,,,,,,,,,"M5161任务号",
"M5161.Task.TpType","DB50.DBW4806",Short,1,RO,100,,,,,,,,,,"M5161货物类型",
"M5162.Alarm.B_Fault","DB50.DBX4842.4",Boolean,1,RO,100,,,,,,,,,,"M5162后超长",
"M5162.Alarm.DriveFault","DB70.DBX322.2",Boolean,1,RO,100,,,,,,,,,,"M5162驱动器故障",
"M5162.Alarm.EstopFault","DB70.DBX323.3",Boolean,1,RO,100,,,,,,,,,,"M5162急停故障",
"M5162.Alarm.F_Fault","DB50.DBX4842.3",Boolean,1,RO,100,,,,,,,,,,"M5162前超长",
"M5162.Alarm.H_Fault","DB50.DBX4842.2",Boolean,1,RO,100,,,,,,,,,,"M5162超高",
"M5162.Alarm.L_Fault","DB50.DBX4842.5",Boolean,1,RO,100,,,,,,,,,,"M5162左超宽",
"M5162.Alarm.LS_Fault","DB70.DBX323.2",Boolean,1,RO,100,,,,,,,,,,"M5162限位故障",
"M5162.Alarm.NoRead","DB50.DBX4843.1",Boolean,1,RO,100,,,,,,,,,,"M5162条码未读出",
"M5162.Alarm.OutSideFault","DB70.DBX323.1",Boolean,1,RO,100,,,,,,,,,,"M5162货物超边故障",
"M5162.Alarm.PH_Fault","DB70.DBX322.6",Boolean,1,RO,100,,,,,,,,,,"M5162光电管异常",
"M5162.Alarm.QF_Fault","DB70.DBX322.4",Boolean,1,RO,100,,,,,,,,,,"M5162空开故障",
"M5162.Alarm.QS_Fault","DB70.DBX322.5",Boolean,1,RO,100,,,,,,,,,,"M5162隔离开关故障",
"M5162.Alarm.R_Fault","DB50.DBX4842.6",Boolean,1,RO,100,,,,,,,,,,"M5162右超宽",
"M5162.Alarm.RFID_ReadFault","DB50.DBX4843.3",Boolean,1,RO,100,,,,,,,,,,"M5162RFID读取错误",
"M5162.Alarm.RFID_WriteFault","DB50.DBX4843.2",Boolean,1,RO,100,,,,,,,,,,"M5162RFID写入错误",
"M5162.Alarm.TimeOutFault","DB70.DBX322.3",Boolean,1,RO,100,,,,,,,,,,"M5162超时故障",
"M5162.Alarm.TM_JY_Fault","DB50.DBX4843.0",Boolean,1,RO,100,,,,,,,,,,"M5162条码校验故障",
"M5162.Alarm.TotalFault","DB70.DBX322.1",Boolean,1,RO,100,,,,,,,,,,"M5162总故障",
"M5162.Alarm.WX_Fault","DB50.DBX4842.1",Boolean,1,RO,100,,,,,,,,,,"M5162外形故障",
"M5162.Alarm.WX_TM_Fault","DB50.DBX4842.0",Boolean,1,RO,100,,,,,,,,,,"M5162外形条码总故障",
"M5162.State.Allow","DB50.DBB4849",Byte,1,RO,100,,,,,,,,,,"M5162允许拆盘",
"M5162.State.ForwardRun","DB70.DBX323.6",Boolean,1,RO,100,,,,,,,,,,"M5162正转运行",
"M5162.State.Get_Num","DB50.DBB4848",Byte,1,RO,100,,,,,,,,,,"M5162已取数量",
"M5162.State.LastOne","DB50.DBX4843.4",Boolean,1,RO,100,,,,,,,,,,"M5162强制推盘",
"M5162.State.Load","DB70.DBX323.5",Boolean,1,RO,100,,,,,,,,,,"M5162负载",
"M5162.State.MD_State1","DB50.DINT4850",Long,1,RO,100,,,,,,,,,,"M5162码垛状态1",
"M5162.State.MD_State2","DB50.DBB4854",Byte,1,RO,100,,,,,,,,,,"M5162码垛状态2",
"M5162.State.Need_Num","DB50.DBB4847",Byte,1,RO,100,,,,,,,,,,"M5162要取数量",
"M5162.State.PH1","I72.2",Boolean,1,RO,100,,,,,,,,,,"5162到位光电1",
"M5162.State.PH2","I72.4",Boolean,1,RO,100,,,,,,,,,,"5162减速光电",
"M5162.State.PH3","I72.6",Boolean,1,RO,100,,,,,,,,,,"5162到位光电3",
"M5162.State.ReversalRun","DB70.DBX323.7",Boolean,1,RO,100,,,,,,,,,,"M5162反转运行",
"M5162.State.Runing","DB70.DBX322.0",Boolean,1,RO,100,,,,,,,,,,"M5162设备运行标志",
"M5162.State.SelectPlace","DB70.DBX322.7",Boolean,1,RO,100,,,,,,,,,,"M5162选中位",
"M5162.State.YX_DX","DB50.DBB4845",Byte,1,RO,100,,,,,,,,,,"M5162码垛垛型",
"M5162.State.YX_Num","DB50.DBB4846",Byte,1,RO,100,,,,,,,,,,"M5162烟箱数量",
"M5162.State.YX_Type","DB50.DBB4844",Byte,1,RO,100,,,,,,,,,,"M5162烟箱类型",
"M5162.Task.Code","DB50.DINT4832",Long,1,RO,100,,,,,,,,,,"M5162托盘条码",
"M5162.Task.DestSta","DB50.DBW4840",Short,1,RO,100,,,,,,,,,,"M5162目标地址",
"M5162.Task.StartSta","DB50.DBW4838",Short,1,RO,100,,,,,,,,,,"M5162起始地址",
"M5162.Task.Task","DB50.DBW4830",Short,1,RO,100,,,,,,,,,,"M5162任务号",
"M5162.Task.TpType","DB50.DBW4836",Short,1,RO,100,,,,,,,,,,"M5162货物类型",
"M5163.Alarm.B_Fault","DB50.DBX4872.4",Boolean,1,RO,100,,,,,,,,,,"M5163后超长",
"M5163.Alarm.DriveFault","DB70.DBX324.2",Boolean,1,RO,100,,,,,,,,,,"M5163驱动器故障",
"M5163.Alarm.EstopFault","DB70.DBX325.3",Boolean,1,RO,100,,,,,,,,,,"M5163急停故障",
"M5163.Alarm.F_Fault","DB50.DBX4872.3",Boolean,1,RO,100,,,,,,,,,,"M5163前超长",
"M5163.Alarm.H_Fault","DB50.DBX4872.2",Boolean,1,RO,100,,,,,,,,,,"M5163超高",
"M5163.Alarm.L_Fault","DB50.DBX4872.5",Boolean,1,RO,100,,,,,,,,,,"M5163左超宽",
"M5163.Alarm.LS_Fault","DB70.DBX325.2",Boolean,1,RO,100,,,,,,,,,,"M5163限位故障",
"M5163.Alarm.NoRead","DB50.DBX4873.1",Boolean,1,RO,100,,,,,,,,,,"M5163条码未读出",
"M5163.Alarm.OutSideFault","DB70.DBX325.1",Boolean,1,RO,100,,,,,,,,,,"M5163货物超边故障",
"M5163.Alarm.PH_Fault","DB70.DBX324.6",Boolean,1,RO,100,,,,,,,,,,"M5163光电管异常",
"M5163.Alarm.QF_Fault","DB70.DBX324.4",Boolean,1,RO,100,,,,,,,,,,"M5163空开故障",
"M5163.Alarm.QS_Fault","DB70.DBX324.5",Boolean,1,RO,100,,,,,,,,,,"M5163隔离开关故障",
"M5163.Alarm.R_Fault","DB50.DBX4872.6",Boolean,1,RO,100,,,,,,,,,,"M5163右超宽",
"M5163.Alarm.RFID_ReadFault","DB50.DBX4873.3",Boolean,1,RO,100,,,,,,,,,,"M5163RFID读取错误",
"M5163.Alarm.RFID_WriteFault","DB50.DBX4873.2",Boolean,1,RO,100,,,,,,,,,,"M5163RFID写入错误",
"M5163.Alarm.TimeOutFault","DB70.DBX324.3",Boolean,1,RO,100,,,,,,,,,,"M5163超时故障",
"M5163.Alarm.TM_JY_Fault","DB50.DBX4873.0",Boolean,1,RO,100,,,,,,,,,,"M5163条码校验故障",
"M5163.Alarm.TotalFault","DB70.DBX324.1",Boolean,1,RO,100,,,,,,,,,,"M5163总故障",
"M5163.Alarm.WX_Fault","DB50.DBX4872.1",Boolean,1,RO,100,,,,,,,,,,"M5163外形故障",
"M5163.Alarm.WX_TM_Fault","DB50.DBX4872.0",Boolean,1,RO,100,,,,,,,,,,"M5163外形条码总故障",
"M5163.State.Allow","DB50.DBB4879",Byte,1,RO,100,,,,,,,,,,"M5163允许拆盘",
"M5163.State.DownApproach","I72.7",Boolean,1,RO,100,,,,,,,,,,"M5163低位接近",
"M5163.State.ForwardRun","DB70.DBX325.6",Boolean,1,RO,100,,,,,,,,,,"M5163正转运行",
"M5163.State.Get_Num","DB50.DBB4878",Byte,1,RO,100,,,,,,,,,,"M5163已取数量",
"M5163.State.LastOne","DB50.DBX4873.4",Boolean,1,RO,100,,,,,,,,,,"M5163强制推盘",
"M5163.State.Load","DB70.DBX325.5",Boolean,1,RO,100,,,,,,,,,,"M5163负载",
"M5163.State.MD_State1","DB50.DINT4880",Long,1,RO,100,,,,,,,,,,"M5163码垛状态1",
"M5163.State.MD_State2","DB50.DBB4884",Byte,1,RO,100,,,,,,,,,,"M5163码垛状态2",
"M5163.State.Need_Num","DB50.DBB4877",Byte,1,RO,100,,,,,,,,,,"M5163要取数量",
"M5163.State.PH3","I60.2",Boolean,1,RO,100,,,,,,,,,,"5163对射保护光电",
"M5163.State.ReversalRun","DB70.DBX325.7",Boolean,1,RO,100,,,,,,,,,,"M5163反转运行",
"M5163.State.Runing","DB70.DBX324.0",Boolean,1,RO,100,,,,,,,,,,"M5163设备运行标志",
"M5163.State.SelectPlace","DB70.DBX324.7",Boolean,1,RO,100,,,,,,,,,,"M5163选中位",
"M5163.State.UpApproach","I72.5",Boolean,1,RO,100,,,,,,,,,,"M5163高位接近",
"M5163.State.UpSignal","Q214.0",Boolean,1,RO,100,,,,,,,,,,"M5163上升信号",
"M5163.State.YX_DX","DB50.DBB4875",Byte,1,RO,100,,,,,,,,,,"M5163码垛垛型",
"M5163.State.YX_Num","DB50.DBB4876",Byte,1,RO,100,,,,,,,,,,"M5163烟箱数量",
"M5163.State.YX_Type","DB50.DBB4874",Byte,1,RO,100,,,,,,,,,,"M5163烟箱类型",
"M5163.Task.Code","DB50.DINT4862",Long,1,RO,100,,,,,,,,,,"M5163托盘条码",
"M5163.Task.DestSta","DB50.DBW4870",Short,1,RO,100,,,,,,,,,,"M5163目标地址",
"M5163.Task.StartSta","DB50.DBW4868",Short,1,RO,100,,,,,,,,,,"M5163起始地址",
"M5163.Task.Task","DB50.DBW4860",Short,1,RO,100,,,,,,,,,,"M5163任务号",
"M5163.Task.TpType","DB50.DBW4866",Short,1,RO,100,,,,,,,,,,"M5163货物类型",
"M5164.Alarm.B_Fault","DB50.DBX4902.4",Boolean,1,RO,100,,,,,,,,,,"M5164后超长",
"M5164.Alarm.DriveFault","DB70.DBX326.2",Boolean,1,RO,100,,,,,,,,,,"M5164驱动器故障",
"M5164.Alarm.EstopFault","DB70.DBX327.3",Boolean,1,RO,100,,,,,,,,,,"M5164急停故障",
"M5164.Alarm.F_Fault","DB50.DBX4902.3",Boolean,1,RO,100,,,,,,,,,,"M5164前超长",
"M5164.Alarm.H_Fault","DB50.DBX4902.2",Boolean,1,RO,100,,,,,,,,,,"M5164超高",
"M5164.Alarm.L_Fault","DB50.DBX4902.5",Boolean,1,RO,100,,,,,,,,,,"M5164左超宽",
"M5164.Alarm.LS_Fault","DB70.DBX327.2",Boolean,1,RO,100,,,,,,,,,,"M5164限位故障",
"M5164.Alarm.NoRead","DB50.DBX4903.1",Boolean,1,RO,100,,,,,,,,,,"M5164条码未读出",
"M5164.Alarm.OutSideFault","DB70.DBX327.1",Boolean,1,RO,100,,,,,,,,,,"M5164货物超边故障",
"M5164.Alarm.PH_Fault","DB70.DBX326.6",Boolean,1,RO,100,,,,,,,,,,"M5164光电管异常",
"M5164.Alarm.QF_Fault","DB70.DBX326.4",Boolean,1,RO,100,,,,,,,,,,"M5164空开故障",
"M5164.Alarm.QS_Fault","DB70.DBX326.5",Boolean,1,RO,100,,,,,,,,,,"M5164隔离开关故障",
"M5164.Alarm.R_Fault","DB50.DBX4902.6",Boolean,1,RO,100,,,,,,,,,,"M5164右超宽",
"M5164.Alarm.RFID_ReadFault","DB50.DBX4903.3",Boolean,1,RO,100,,,,,,,,,,"M5164RFID读取错误",
"M5164.Alarm.RFID_WriteFault","DB50.DBX4903.2",Boolean,1,RO,100,,,,,,,,,,"M5164RFID写入错误",
"M5164.Alarm.TimeOutFault","DB70.DBX326.3",Boolean,1,RO,100,,,,,,,,,,"M5164超时故障",
"M5164.Alarm.TM_JY_Fault","DB50.DBX4903.0",Boolean,1,RO,100,,,,,,,,,,"M5164条码校验故障",
"M5164.Alarm.TotalFault","DB70.DBX326.1",Boolean,1,RO,100,,,,,,,,,,"M5164总故障",
"M5164.Alarm.WX_Fault","DB50.DBX4902.1",Boolean,1,RO,100,,,,,,,,,,"M5164外形故障",
"M5164.Alarm.WX_TM_Fault","DB50.DBX4902.0",Boolean,1,RO,100,,,,,,,,,,"M5164外形条码总故障",
"M5164.State.Allow","DB50.DBB4909",Byte,1,RO,100,,,,,,,,,,"M5164允许拆盘",
"M5164.State.ForwardRun","DB70.DBX327.6",Boolean,1,RO,100,,,,,,,,,,"M5164正转运行",
"M5164.State.Get_Num","DB50.DBB4908",Byte,1,RO,100,,,,,,,,,,"M5164已取数量",
"M5164.State.LastOne","DB50.DBX4903.4",Boolean,1,RO,100,,,,,,,,,,"M5164强制推盘",
"M5164.State.Load","DB70.DBX327.5",Boolean,1,RO,100,,,,,,,,,,"M5164负载",
"M5164.State.MD_State1","DB50.DINT4910",Long,1,RO,100,,,,,,,,,,"M5164码垛状态1",
"M5164.State.MD_State2","DB50.DBB4914",Byte,1,RO,100,,,,,,,,,,"M5164码垛状态2",
"M5164.State.Need_Num","DB50.DBB4907",Byte,1,RO,100,,,,,,,,,,"M5164要取数量",
"M5164.State.PH1","I74.2",Boolean,1,RO,100,,,,,,,,,,"5164减速光电",
"M5164.State.PH2","I74.4",Boolean,1,RO,100,,,,,,,,,,"5164到位光电",
"M5164.State.ReversalRun","DB70.DBX327.7",Boolean,1,RO,100,,,,,,,,,,"M5164反转运行",
"M5164.State.Runing","DB70.DBX326.0",Boolean,1,RO,100,,,,,,,,,,"M5164设备运行标志",
"M5164.State.SelectPlace","DB70.DBX326.7",Boolean,1,RO,100,,,,,,,,,,"M5164选中位",
"M5164.State.YX_DX","DB50.DBB4905",Byte,1,RO,100,,,,,,,,,,"M5164码垛垛型",
"M5164.State.YX_Num","DB50.DBB4906",Byte,1,RO,100,,,,,,,,,,"M5164烟箱数量",
"M5164.State.YX_Type","DB50.DBB4904",Byte,1,RO,100,,,,,,,,,,"M5164烟箱类型",
"M5164.Task.Code","DB50.DINT4892",Long,1,RO,100,,,,,,,,,,"M5164托盘条码",
"M5164.Task.DestSta","DB50.DBW4900",Short,1,RO,100,,,,,,,,,,"M5164目标地址",
"M5164.Task.StartSta","DB50.DBW4898",Short,1,RO,100,,,,,,,,,,"M5164起始地址",
"M5164.Task.Task","DB50.DBW4890",Short,1,RO,100,,,,,,,,,,"M5164任务号",
"M5164.Task.TpType","DB50.DBW4896",Short,1,RO,100,,,,,,,,,,"M5164货物类型",
"M5165.Alarm.B_Fault","DB50.DBX4932.4",Boolean,1,RO,100,,,,,,,,,,"M5165后超长",
"M5165.Alarm.DriveFault","DB70.DBX328.2",Boolean,1,RO,100,,,,,,,,,,"M5165驱动器故障",
"M5165.Alarm.EstopFault","DB70.DBX329.3",Boolean,1,RO,100,,,,,,,,,,"M5165急停故障",
"M5165.Alarm.F_Fault","DB50.DBX4932.3",Boolean,1,RO,100,,,,,,,,,,"M5165前超长",
"M5165.Alarm.H_Fault","DB50.DBX4932.2",Boolean,1,RO,100,,,,,,,,,,"M5165超高",
"M5165.Alarm.L_Fault","DB50.DBX4932.5",Boolean,1,RO,100,,,,,,,,,,"M5165左超宽",
"M5165.Alarm.LS_Fault","DB70.DBX329.2",Boolean,1,RO,100,,,,,,,,,,"M5165限位故障",
"M5165.Alarm.NoRead","DB50.DBX4933.1",Boolean,1,RO,100,,,,,,,,,,"M5165条码未读出",
"M5165.Alarm.OutSideFault","DB70.DBX329.1",Boolean,1,RO,100,,,,,,,,,,"M5165货物超边故障",
"M5165.Alarm.PH_Fault","DB70.DBX328.6",Boolean,1,RO,100,,,,,,,,,,"M5165光电管异常",
"M5165.Alarm.QF_Fault","DB70.DBX328.4",Boolean,1,RO,100,,,,,,,,,,"M5165空开故障",
"M5165.Alarm.QS_Fault","DB70.DBX328.5",Boolean,1,RO,100,,,,,,,,,,"M5165隔离开关故障",
"M5165.Alarm.R_Fault","DB50.DBX4932.6",Boolean,1,RO,100,,,,,,,,,,"M5165右超宽",
"M5165.Alarm.RFID_ReadFault","DB50.DBX4933.3",Boolean,1,RO,100,,,,,,,,,,"M5165RFID读取错误",
"M5165.Alarm.RFID_WriteFault","DB50.DBX4933.2",Boolean,1,RO,100,,,,,,,,,,"M5165RFID写入错误",
"M5165.Alarm.TimeOutFault","DB70.DBX328.3",Boolean,1,RO,100,,,,,,,,,,"M5165超时故障",
"M5165.Alarm.TM_JY_Fault","DB50.DBX4933.0",Boolean,1,RO,100,,,,,,,,,,"M5165条码校验故障",
"M5165.Alarm.TotalFault","DB70.DBX328.1",Boolean,1,RO,100,,,,,,,,,,"M5165总故障",
"M5165.Alarm.WX_Fault","DB50.DBX4932.1",Boolean,1,RO,100,,,,,,,,,,"M5165外形故障",
"M5165.Alarm.WX_TM_Fault","DB50.DBX4932.0",Boolean,1,RO,100,,,,,,,,,,"M5165外形条码总故障",
"M5165.State.Allow","DB50.DBB4939",Byte,1,RO,100,,,,,,,,,,"M5165允许拆盘",
"M5165.State.DownApproach","I73.6",Boolean,1,RO,100,,,,,,,,,,"M5165低位接近",
"M5165.State.ForwardRun","DB70.DBX329.6",Boolean,1,RO,100,,,,,,,,,,"M5165正转运行",
"M5165.State.Get_Num","DB50.DBB4938",Byte,1,RO,100,,,,,,,,,,"M5165已取数量",
"M5165.State.LastOne","DB50.DBX4933.4",Boolean,1,RO,100,,,,,,,,,,"M5165强制推盘",
"M5165.State.Load","DB70.DBX329.5",Boolean,1,RO,100,,,,,,,,,,"M5165负载",
"M5165.State.MD_State1","DB50.DINT4940",Long,1,RO,100,,,,,,,,,,"M5165码垛状态1",
"M5165.State.MD_State2","DB50.DBB4944",Byte,1,RO,100,,,,,,,,,,"M5165码垛状态2",
"M5165.State.Need_Num","DB50.DBB4937",Byte,1,RO,100,,,,,,,,,,"M5165要取数量",
"M5165.State.PH3","I60.4",Boolean,1,RO,100,,,,,,,,,,"5165对射保护光电",
"M5165.State.ReversalRun","DB70.DBX329.7",Boolean,1,RO,100,,,,,,,,,,"M5165反转运行",
"M5165.State.Runing","DB70.DBX328.0",Boolean,1,RO,100,,,,,,,,,,"M5165设备运行标志",
"M5165.State.SelectPlace","DB70.DBX328.7",Boolean,1,RO,100,,,,,,,,,,"M5165选中位",
"M5165.State.UpApproach","I73.4",Boolean,1,RO,100,,,,,,,,,,"M5165高位接近",
"M5165.State.UpSignal","Q216.0",Boolean,1,RO,100,,,,,,,,,,"M5165上升信号",
"M5165.State.YX_DX","DB50.DBB4935",Byte,1,RO,100,,,,,,,,,,"M5165码垛垛型",
"M5165.State.YX_Num","DB50.DBB4936",Byte,1,RO,100,,,,,,,,,,"M5165烟箱数量",
"M5165.State.YX_Type","DB50.DBB4934",Byte,1,RO,100,,,,,,,,,,"M5165烟箱类型",
"M5165.Task.Code","DB50.DINT4922",Long,1,RO,100,,,,,,,,,,"M5165托盘条码",
"M5165.Task.DestSta","DB50.DBW4930",Short,1,RO,100,,,,,,,,,,"M5165目标地址",
"M5165.Task.StartSta","DB50.DBW4928",Short,1,RO,100,,,,,,,,,,"M5165起始地址",
"M5165.Task.Task","DB50.DBW4920",Short,1,RO,100,,,,,,,,,,"M5165任务号",
"M5165.Task.TpType","DB50.DBW4926",Short,1,RO,100,,,,,,,,,,"M5165货物类型",
"M5166.Alarm.B_Fault","DB50.DBX4962.4",Boolean,1,RO,100,,,,,,,,,,"M5166后超长",
"M5166.Alarm.DriveFault","DB70.DBX330.2",Boolean,1,RO,100,,,,,,,,,,"M5166驱动器故障",
"M5166.Alarm.EstopFault","DB70.DBX331.3",Boolean,1,RO,100,,,,,,,,,,"M5166急停故障",
"M5166.Alarm.F_Fault","DB50.DBX4962.3",Boolean,1,RO,100,,,,,,,,,,"M5166前超长",
"M5166.Alarm.H_Fault","DB50.DBX4962.2",Boolean,1,RO,100,,,,,,,,,,"M5166超高",
"M5166.Alarm.L_Fault","DB50.DBX4962.5",Boolean,1,RO,100,,,,,,,,,,"M5166左超宽",
"M5166.Alarm.LS_Fault","DB70.DBX331.2",Boolean,1,RO,100,,,,,,,,,,"M5166限位故障",
"M5166.Alarm.NoRead","DB50.DBX4963.1",Boolean,1,RO,100,,,,,,,,,,"M5166条码未读出",
"M5166.Alarm.OutSideFault","DB70.DBX331.1",Boolean,1,RO,100,,,,,,,,,,"M5166货物超边故障",
"M5166.Alarm.PH_Fault","DB70.DBX330.6",Boolean,1,RO,100,,,,,,,,,,"M5166光电管异常",
"M5166.Alarm.QF_Fault","DB70.DBX330.4",Boolean,1,RO,100,,,,,,,,,,"M5166空开故障",
"M5166.Alarm.QS_Fault","DB70.DBX330.5",Boolean,1,RO,100,,,,,,,,,,"M5166隔离开关故障",
"M5166.Alarm.R_Fault","DB50.DBX4962.6",Boolean,1,RO,100,,,,,,,,,,"M5166右超宽",
"M5166.Alarm.RFID_ReadFault","DB50.DBX4963.3",Boolean,1,RO,100,,,,,,,,,,"M5166RFID读取错误",
"M5166.Alarm.RFID_WriteFault","DB50.DBX4963.2",Boolean,1,RO,100,,,,,,,,,,"M5166RFID写入错误",
"M5166.Alarm.TimeOutFault","DB70.DBX330.3",Boolean,1,RO,100,,,,,,,,,,"M5166超时故障",
"M5166.Alarm.TM_JY_Fault","DB50.DBX4963.0",Boolean,1,RO,100,,,,,,,,,,"M5166条码校验故障",
"M5166.Alarm.TotalFault","DB70.DBX330.1",Boolean,1,RO,100,,,,,,,,,,"M5166总故障",
"M5166.Alarm.WX_Fault","DB50.DBX4962.1",Boolean,1,RO,100,,,,,,,,,,"M5166外形故障",
"M5166.Alarm.WX_TM_Fault","DB50.DBX4962.0",Boolean,1,RO,100,,,,,,,,,,"M5166外形条码总故障",
"M5166.State.Allow","DB50.DBB4969",Byte,1,RO,100,,,,,,,,,,"M5166允许拆盘",
"M5166.State.ForwardRun","DB70.DBX331.6",Boolean,1,RO,100,,,,,,,,,,"M5166正转运行",
"M5166.State.Get_Num","DB50.DBB4968",Byte,1,RO,100,,,,,,,,,,"M5166已取数量",
"M5166.State.LastOne","DB50.DBX4963.4",Boolean,1,RO,100,,,,,,,,,,"M5166强制推盘",
"M5166.State.Load","DB70.DBX331.5",Boolean,1,RO,100,,,,,,,,,,"M5166负载",
"M5166.State.MD_State1","DB50.DINT4970",Long,1,RO,100,,,,,,,,,,"M5166码垛状态1",
"M5166.State.MD_State2","DB50.DBB4974",Byte,1,RO,100,,,,,,,,,,"M5166码垛状态2",
"M5166.State.Need_Num","DB50.DBB4967",Byte,1,RO,100,,,,,,,,,,"M5166要取数量",
"M5166.State.PH1","I74.1",Boolean,1,RO,100,,,,,,,,,,"5166减速光电",
"M5166.State.PH2","I74.3",Boolean,1,RO,100,,,,,,,,,,"5166到位光电",
"M5166.State.ReversalRun","DB70.DBX331.7",Boolean,1,RO,100,,,,,,,,,,"M5166反转运行",
"M5166.State.Runing","DB70.DBX330.0",Boolean,1,RO,100,,,,,,,,,,"M5166设备运行标志",
"M5166.State.SelectPlace","DB70.DBX330.7",Boolean,1,RO,100,,,,,,,,,,"M5166选中位",
"M5166.State.YX_DX","DB50.DBB4965",Byte,1,RO,100,,,,,,,,,,"M5166码垛垛型",
"M5166.State.YX_Num","DB50.DBB4966",Byte,1,RO,100,,,,,,,,,,"M5166烟箱数量",
"M5166.State.YX_Type","DB50.DBB4964",Byte,1,RO,100,,,,,,,,,,"M5166烟箱类型",
"M5166.Task.Code","DB50.DINT4952",Long,1,RO,100,,,,,,,,,,"M5166托盘条码",
"M5166.Task.DestSta","DB50.DBW4960",Short,1,RO,100,,,,,,,,,,"M5166目标地址",
"M5166.Task.StartSta","DB50.DBW4958",Short,1,RO,100,,,,,,,,,,"M5166起始地址",
"M5166.Task.Task","DB50.DBW4950",Short,1,RO,100,,,,,,,,,,"M5166任务号",
"M5166.Task.TpType","DB50.DBW4956",Short,1,RO,100,,,,,,,,,,"M5166货物类型",
"M5167.Alarm.B_Fault","DB50.DBX4992.4",Boolean,1,RO,100,,,,,,,,,,"M5167后超长",
"M5167.Alarm.DriveFault","DB70.DBX332.2",Boolean,1,RO,100,,,,,,,,,,"M5167驱动器故障",
"M5167.Alarm.EstopFault","DB70.DBX333.3",Boolean,1,RO,100,,,,,,,,,,"M5167急停故障",
"M5167.Alarm.F_Fault","DB50.DBX4992.3",Boolean,1,RO,100,,,,,,,,,,"M5167前超长",
"M5167.Alarm.H_Fault","DB50.DBX4992.2",Boolean,1,RO,100,,,,,,,,,,"M5167超高",
"M5167.Alarm.L_Fault","DB50.DBX4992.5",Boolean,1,RO,100,,,,,,,,,,"M5167左超宽",
"M5167.Alarm.LS_Fault","DB70.DBX333.2",Boolean,1,RO,100,,,,,,,,,,"M5167限位故障",
"M5167.Alarm.NoRead","DB50.DBX4993.1",Boolean,1,RO,100,,,,,,,,,,"M5167条码未读出",
"M5167.Alarm.OutSideFault","DB70.DBX333.1",Boolean,1,RO,100,,,,,,,,,,"M5167货物超边故障",
"M5167.Alarm.PH_Fault","DB70.DBX332.6",Boolean,1,RO,100,,,,,,,,,,"M5167光电管异常",
"M5167.Alarm.QF_Fault","DB70.DBX332.4",Boolean,1,RO,100,,,,,,,,,,"M5167空开故障",
"M5167.Alarm.QS_Fault","DB70.DBX332.5",Boolean,1,RO,100,,,,,,,,,,"M5167隔离开关故障",
"M5167.Alarm.R_Fault","DB50.DBX4992.6",Boolean,1,RO,100,,,,,,,,,,"M5167右超宽",
"M5167.Alarm.RFID_ReadFault","DB50.DBX4993.3",Boolean,1,RO,100,,,,,,,,,,"M5167RFID读取错误",
"M5167.Alarm.RFID_WriteFault","DB50.DBX4993.2",Boolean,1,RO,100,,,,,,,,,,"M5167RFID写入错误",
"M5167.Alarm.TimeOutFault","DB70.DBX332.3",Boolean,1,RO,100,,,,,,,,,,"M5167超时故障",
"M5167.Alarm.TM_JY_Fault","DB50.DBX4993.0",Boolean,1,RO,100,,,,,,,,,,"M5167条码校验故障",
"M5167.Alarm.TotalFault","DB70.DBX332.1",Boolean,1,RO,100,,,,,,,,,,"M5167总故障",
"M5167.Alarm.WX_Fault","DB50.DBX4992.1",Boolean,1,RO,100,,,,,,,,,,"M5167外形故障",
"M5167.Alarm.WX_TM_Fault","DB50.DBX4992.0",Boolean,1,RO,100,,,,,,,,,,"M5167外形条码总故障",
"M5167.State.Allow","DB50.DBB4999",Byte,1,RO,100,,,,,,,,,,"M5167允许拆盘",
"M5167.State.DownApproach","I73.7",Boolean,1,RO,100,,,,,,,,,,"M5167低位接近",
"M5167.State.ForwardRun","DB70.DBX333.6",Boolean,1,RO,100,,,,,,,,,,"M5167正转运行",
"M5167.State.Get_Num","DB50.DBB4998",Byte,1,RO,100,,,,,,,,,,"M5167已取数量",
"M5167.State.LastOne","DB50.DBX4993.4",Boolean,1,RO,100,,,,,,,,,,"M5167强制推盘",
"M5167.State.Load","DB70.DBX333.5",Boolean,1,RO,100,,,,,,,,,,"M5167负载",
"M5167.State.MD_State1","DB50.DINT5000",Long,1,RO,100,,,,,,,,,,"M5167码垛状态1",
"M5167.State.MD_State2","DB50.DBB5004",Byte,1,RO,100,,,,,,,,,,"M5167码垛状态2",
"M5167.State.Need_Num","DB50.DBB4997",Byte,1,RO,100,,,,,,,,,,"M5167要取数量",
"M5167.State.PH3","I60.6",Boolean,1,RO,100,,,,,,,,,,"5167对射保护光电",
"M5167.State.ReversalRun","DB70.DBX333.7",Boolean,1,RO,100,,,,,,,,,,"M5167反转运行",
"M5167.State.Runing","DB70.DBX332.0",Boolean,1,RO,100,,,,,,,,,,"M5167设备运行标志",
"M5167.State.SelectPlace","DB70.DBX332.7",Boolean,1,RO,100,,,,,,,,,,"M5167选中位",
"M5167.State.UpApproach","I73.5",Boolean,1,RO,100,,,,,,,,,,"M5167高位接近",
"M5167.State.UpSignal","Q218.0",Boolean,1,RO,100,,,,,,,,,,"M5167上升信号",
"M5167.State.YX_DX","DB50.DBB4995",Byte,1,RO,100,,,,,,,,,,"M5167码垛垛型",
"M5167.State.YX_Num","DB50.DBB4996",Byte,1,RO,100,,,,,,,,,,"M5167烟箱数量",
"M5167.State.YX_Type","DB50.DBB4994",Byte,1,RO,100,,,,,,,,,,"M5167烟箱类型",
"M5167.Task.Code","DB50.DINT4982",Long,1,RO,100,,,,,,,,,,"M5167托盘条码",
"M5167.Task.DestSta","DB50.DBW4990",Short,1,RO,100,,,,,,,,,,"M5167目标地址",
"M5167.Task.StartSta","DB50.DBW4988",Short,1,RO,100,,,,,,,,,,"M5167起始地址",
"M5167.Task.Task","DB50.DBW4980",Short,1,RO,100,,,,,,,,,,"M5167任务号",
"M5167.Task.TpType","DB50.DBW4986",Short,1,RO,100,,,,,,,,,,"M5167货物类型",
"M5168.Alarm.B_Fault","DB50.DBX5022.4",Boolean,1,RO,100,,,,,,,,,,"M5168后超长",
"M5168.Alarm.DriveFault","DB70.DBX334.2",Boolean,1,RO,100,,,,,,,,,,"M5168驱动器故障",
"M5168.Alarm.EstopFault","DB70.DBX335.3",Boolean,1,RO,100,,,,,,,,,,"M5168急停故障",
"M5168.Alarm.F_Fault","DB50.DBX5022.3",Boolean,1,RO,100,,,,,,,,,,"M5168前超长",
"M5168.Alarm.H_Fault","DB50.DBX5022.2",Boolean,1,RO,100,,,,,,,,,,"M5168超高",
"M5168.Alarm.L_Fault","DB50.DBX5022.5",Boolean,1,RO,100,,,,,,,,,,"M5168左超宽",
"M5168.Alarm.LS_Fault","DB70.DBX335.2",Boolean,1,RO,100,,,,,,,,,,"M5168限位故障",
"M5168.Alarm.NoRead","DB50.DBX5023.1",Boolean,1,RO,100,,,,,,,,,,"M5168条码未读出",
"M5168.Alarm.OutSideFault","DB70.DBX335.1",Boolean,1,RO,100,,,,,,,,,,"M5168货物超边故障",
"M5168.Alarm.PH_Fault","DB70.DBX334.6",Boolean,1,RO,100,,,,,,,,,,"M5168光电管异常",
"M5168.Alarm.QF_Fault","DB70.DBX334.4",Boolean,1,RO,100,,,,,,,,,,"M5168空开故障",
"M5168.Alarm.QS_Fault","DB70.DBX334.5",Boolean,1,RO,100,,,,,,,,,,"M5168隔离开关故障",
"M5168.Alarm.R_Fault","DB50.DBX5022.6",Boolean,1,RO,100,,,,,,,,,,"M5168右超宽",
"M5168.Alarm.RFID_ReadFault","DB50.DBX5023.3",Boolean,1,RO,100,,,,,,,,,,"M5168RFID读取错误",
"M5168.Alarm.RFID_WriteFault","DB50.DBX5023.2",Boolean,1,RO,100,,,,,,,,,,"M5168RFID写入错误",
"M5168.Alarm.TimeOutFault","DB70.DBX334.3",Boolean,1,RO,100,,,,,,,,,,"M5168超时故障",
"M5168.Alarm.TM_JY_Fault","DB50.DBX5023.0",Boolean,1,RO,100,,,,,,,,,,"M5168条码校验故障",
"M5168.Alarm.TotalFault","DB70.DBX334.1",Boolean,1,RO,100,,,,,,,,,,"M5168总故障",
"M5168.Alarm.WX_Fault","DB50.DBX5022.1",Boolean,1,RO,100,,,,,,,,,,"M5168外形故障",
"M5168.Alarm.WX_TM_Fault","DB50.DBX5022.0",Boolean,1,RO,100,,,,,,,,,,"M5168外形条码总故障",
"M5168.State.Allow","DB50.DBB5029",Byte,1,RO,100,,,,,,,,,,"M5168允许拆盘",
"M5168.State.ForwardRun","DB70.DBX335.6",Boolean,1,RO,100,,,,,,,,,,"M5168正转运行",
"M5168.State.Get_Num","DB50.DBB5028",Byte,1,RO,100,,,,,,,,,,"M5168已取数量",
"M5168.State.LastOne","DB50.DBX5023.4",Boolean,1,RO,100,,,,,,,,,,"M5168强制推盘",
"M5168.State.Load","DB70.DBX335.5",Boolean,1,RO,100,,,,,,,,,,"M5168负载",
"M5168.State.MD_State1","DB50.DINT5030",Long,1,RO,100,,,,,,,,,,"M5168码垛状态1",
"M5168.State.MD_State2","DB50.DBB5034",Byte,1,RO,100,,,,,,,,,,"M5168码垛状态2",
"M5168.State.Need_Num","DB50.DBB5027",Byte,1,RO,100,,,,,,,,,,"M5168要取数量",
"M5168.State.PH1","I74.7",Boolean,1,RO,100,,,,,,,,,,"5168减速光电",
"M5168.State.PH2","I75.0",Boolean,1,RO,100,,,,,,,,,,"5168到位光电",
"M5168.State.ReversalRun","DB70.DBX335.7",Boolean,1,RO,100,,,,,,,,,,"M5168反转运行",
"M5168.State.Runing","DB70.DBX334.0",Boolean,1,RO,100,,,,,,,,,,"M5168设备运行标志",
"M5168.State.SelectPlace","DB70.DBX334.7",Boolean,1,RO,100,,,,,,,,,,"M5168选中位",
"M5168.State.YX_DX","DB50.DBB5025",Byte,1,RO,100,,,,,,,,,,"M5168码垛垛型",
"M5168.State.YX_Num","DB50.DBB5026",Byte,1,RO,100,,,,,,,,,,"M5168烟箱数量",
"M5168.State.YX_Type","DB50.DBB5024",Byte,1,RO,100,,,,,,,,,,"M5168烟箱类型",
"M5168.Task.Code","DB50.DINT5012",Long,1,RO,100,,,,,,,,,,"M5168托盘条码",
"M5168.Task.DestSta","DB50.DBW5020",Short,1,RO,100,,,,,,,,,,"M5168目标地址",
"M5168.Task.StartSta","DB50.DBW5018",Short,1,RO,100,,,,,,,,,,"M5168起始地址",
"M5168.Task.Task","DB50.DBW5010",Short,1,RO,100,,,,,,,,,,"M5168任务号",
"M5168.Task.TpType","DB50.DBW5016",Short,1,RO,100,,,,,,,,,,"M5168货物类型",
"M5169.Alarm.B_Fault","DB50.DBX5052.4",Boolean,1,RO,100,,,,,,,,,,"M5169后超长",
"M5169.Alarm.DriveFault","DB70.DBX336.2",Boolean,1,RO,100,,,,,,,,,,"M5169驱动器故障",
"M5169.Alarm.EstopFault","DB70.DBX337.3",Boolean,1,RO,100,,,,,,,,,,"M5169急停故障",
"M5169.Alarm.F_Fault","DB50.DBX5052.3",Boolean,1,RO,100,,,,,,,,,,"M5169前超长",
"M5169.Alarm.H_Fault","DB50.DBX5052.2",Boolean,1,RO,100,,,,,,,,,,"M5169超高",
"M5169.Alarm.L_Fault","DB50.DBX5052.5",Boolean,1,RO,100,,,,,,,,,,"M5169左超宽",
"M5169.Alarm.LS_Fault","DB70.DBX337.2",Boolean,1,RO,100,,,,,,,,,,"M5169限位故障",
"M5169.Alarm.NoRead","DB50.DBX5053.1",Boolean,1,RO,100,,,,,,,,,,"M5169条码未读出",
"M5169.Alarm.OutSideFault","DB70.DBX337.1",Boolean,1,RO,100,,,,,,,,,,"M5169货物超边故障",
"M5169.Alarm.PH_Fault","DB70.DBX336.6",Boolean,1,RO,100,,,,,,,,,,"M5169光电管异常",
"M5169.Alarm.QF_Fault","DB70.DBX336.4",Boolean,1,RO,100,,,,,,,,,,"M5169空开故障",
"M5169.Alarm.QS_Fault","DB70.DBX336.5",Boolean,1,RO,100,,,,,,,,,,"M5169隔离开关故障",
"M5169.Alarm.R_Fault","DB50.DBX5052.6",Boolean,1,RO,100,,,,,,,,,,"M5169右超宽",
"M5169.Alarm.RFID_ReadFault","DB50.DBX5053.3",Boolean,1,RO,100,,,,,,,,,,"M5169RFID读取错误",
"M5169.Alarm.RFID_WriteFault","DB50.DBX5053.2",Boolean,1,RO,100,,,,,,,,,,"M5169RFID写入错误",
"M5169.Alarm.TimeOutFault","DB70.DBX336.3",Boolean,1,RO,100,,,,,,,,,,"M5169超时故障",
"M5169.Alarm.TM_JY_Fault","DB50.DBX5053.0",Boolean,1,RO,100,,,,,,,,,,"M5169条码校验故障",
"M5169.Alarm.TotalFault","DB70.DBX336.1",Boolean,1,RO,100,,,,,,,,,,"M5169总故障",
"M5169.Alarm.WX_Fault","DB50.DBX5052.1",Boolean,1,RO,100,,,,,,,,,,"M5169外形故障",
"M5169.Alarm.WX_TM_Fault","DB50.DBX5052.0",Boolean,1,RO,100,,,,,,,,,,"M5169外形条码总故障",
"M5169.State.Allow","DB50.DBB5059",Byte,1,RO,100,,,,,,,,,,"M5169允许拆盘",
"M5169.State.DownApproach","I75.1",Boolean,1,RO,100,,,,,,,,,,"M5169低位接近",
"M5169.State.ForwardRun","DB70.DBX337.6",Boolean,1,RO,100,,,,,,,,,,"M5169正转运行",
"M5169.State.Get_Num","DB50.DBB5058",Byte,1,RO,100,,,,,,,,,,"M5169已取数量",
"M5169.State.LastOne","DB50.DBX5053.4",Boolean,1,RO,100,,,,,,,,,,"M5169强制推盘",
"M5169.State.Load","DB70.DBX337.5",Boolean,1,RO,100,,,,,,,,,,"M5169负载",
"M5169.State.MD_State1","DB50.DINT5060",Long,1,RO,100,,,,,,,,,,"M5169码垛状态1",
"M5169.State.MD_State2","DB50.DBB5064",Byte,1,RO,100,,,,,,,,,,"M5169码垛状态2",
"M5169.State.Need_Num","DB50.DBB5057",Byte,1,RO,100,,,,,,,,,,"M5169要取数量",
"M5169.State.PH3","I60.1",Boolean,1,RO,100,,,,,,,,,,"5169减速光电",
"M5169.State.ReversalRun","DB70.DBX337.7",Boolean,1,RO,100,,,,,,,,,,"M5169反转运行",
"M5169.State.Runing","DB70.DBX336.0",Boolean,1,RO,100,,,,,,,,,,"M5169设备运行标志",
"M5169.State.SelectPlace","DB70.DBX336.7",Boolean,1,RO,100,,,,,,,,,,"M5169选中位",
"M5169.State.UpApproach","I75.6",Boolean,1,RO,100,,,,,,,,,,"M5169高位接近",
"M5169.State.UpSignal","Q220.0",Boolean,1,RO,100,,,,,,,,,,"M5169上升信号",
"M5169.State.YX_DX","DB50.DBB5055",Byte,1,RO,100,,,,,,,,,,"M5169码垛垛型",
"M5169.State.YX_Num","DB50.DBB5056",Byte,1,RO,100,,,,,,,,,,"M5169烟箱数量",
"M5169.State.YX_Type","DB50.DBB5054",Byte,1,RO,100,,,,,,,,,,"M5169烟箱类型",
"M5169.Task.Code","DB50.DINT5042",Long,1,RO,100,,,,,,,,,,"M5169托盘条码",
"M5169.Task.DestSta","DB50.DBW5050",Short,1,RO,100,,,,,,,,,,"M5169目标地址",
"M5169.Task.StartSta","DB50.DBW5048",Short,1,RO,100,,,,,,,,,,"M5169起始地址",
"M5169.Task.Task","DB50.DBW5040",Short,1,RO,100,,,,,,,,,,"M5169任务号",
"M5169.Task.TpType","DB50.DBW5046",Short,1,RO,100,,,,,,,,,,"M5169货物类型",
"M5170.Alarm.B_Fault","DB50.DBX5082.4",Boolean,1,RO,100,,,,,,,,,,"M5170后超长",
"M5170.Alarm.DriveFault","DB70.DBX338.2",Boolean,1,RO,100,,,,,,,,,,"M5170驱动器故障",
"M5170.Alarm.EstopFault","DB70.DBX339.3",Boolean,1,RO,100,,,,,,,,,,"M5170急停故障",
"M5170.Alarm.F_Fault","DB50.DBX5082.3",Boolean,1,RO,100,,,,,,,,,,"M5170前超长",
"M5170.Alarm.H_Fault","DB50.DBX5082.2",Boolean,1,RO,100,,,,,,,,,,"M5170超高",
"M5170.Alarm.L_Fault","DB50.DBX5082.5",Boolean,1,RO,100,,,,,,,,,,"M5170左超宽",
"M5170.Alarm.LS_Fault","DB70.DBX339.2",Boolean,1,RO,100,,,,,,,,,,"M5170限位故障",
"M5170.Alarm.NoRead","DB50.DBX5083.1",Boolean,1,RO,100,,,,,,,,,,"M5170条码未读出",
"M5170.Alarm.OutSideFault","DB70.DBX339.1",Boolean,1,RO,100,,,,,,,,,,"M5170货物超边故障",
"M5170.Alarm.PH_Fault","DB70.DBX338.6",Boolean,1,RO,100,,,,,,,,,,"M5170光电管异常",
"M5170.Alarm.QF_Fault","DB70.DBX338.4",Boolean,1,RO,100,,,,,,,,,,"M5170空开故障",
"M5170.Alarm.QS_Fault","DB70.DBX338.5",Boolean,1,RO,100,,,,,,,,,,"M5170隔离开关故障",
"M5170.Alarm.R_Fault","DB50.DBX5082.6",Boolean,1,RO,100,,,,,,,,,,"M5170右超宽",
"M5170.Alarm.RFID_ReadFault","DB50.DBX5083.3",Boolean,1,RO,100,,,,,,,,,,"M5170RFID读取错误",
"M5170.Alarm.RFID_WriteFault","DB50.DBX5083.2",Boolean,1,RO,100,,,,,,,,,,"M5170RFID写入错误",
"M5170.Alarm.TimeOutFault","DB70.DBX338.3",Boolean,1,RO,100,,,,,,,,,,"M5170超时故障",
"M5170.Alarm.TM_JY_Fault","DB50.DBX5083.0",Boolean,1,RO,100,,,,,,,,,,"M5170条码校验故障",
"M5170.Alarm.TotalFault","DB70.DBX338.1",Boolean,1,RO,100,,,,,,,,,,"M5170总故障",
"M5170.Alarm.WX_Fault","DB50.DBX5082.1",Boolean,1,RO,100,,,,,,,,,,"M5170外形故障",
"M5170.Alarm.WX_TM_Fault","DB50.DBX5082.0",Boolean,1,RO,100,,,,,,,,,,"M5170外形条码总故障",
"M5170.State.Allow","DB50.DBB5089",Byte,1,RO,100,,,,,,,,,,"M5170允许拆盘",
"M5170.State.ForwardRun","DB70.DBX339.6",Boolean,1,RO,100,,,,,,,,,,"M5170正转运行",
"M5170.State.Get_Num","DB50.DBB5088",Byte,1,RO,100,,,,,,,,,,"M5170已取数量",
"M5170.State.LastOne","DB50.DBX5083.4",Boolean,1,RO,100,,,,,,,,,,"M5170强制推盘",
"M5170.State.Load","DB70.DBX339.5",Boolean,1,RO,100,,,,,,,,,,"M5170负载",
"M5170.State.MD_State1","DB50.DINT5090",Long,1,RO,100,,,,,,,,,,"M5170码垛状态1",
"M5170.State.MD_State2","DB50.DBB5094",Byte,1,RO,100,,,,,,,,,,"M5170码垛状态2",
"M5170.State.Need_Num","DB50.DBB5087",Byte,1,RO,100,,,,,,,,,,"M5170要取数量",
"M5170.State.PH1","I85.2",Boolean,1,RO,100,,,,,,,,,,"5170减速光电",
"M5170.State.PH2","I85.4",Boolean,1,RO,100,,,,,,,,,,"5170到位光电",
"M5170.State.ReversalRun","DB70.DBX339.7",Boolean,1,RO,100,,,,,,,,,,"M5170反转运行",
"M5170.State.Runing","DB70.DBX338.0",Boolean,1,RO,100,,,,,,,,,,"M5170设备运行标志",
"M5170.State.SelectPlace","DB70.DBX338.7",Boolean,1,RO,100,,,,,,,,,,"M5170选中位",
"M5170.State.YX_DX","DB50.DBB5085",Byte,1,RO,100,,,,,,,,,,"M5170码垛垛型",
"M5170.State.YX_Num","DB50.DBB5086",Byte,1,RO,100,,,,,,,,,,"M5170烟箱数量",
"M5170.State.YX_Type","DB50.DBB5084",Byte,1,RO,100,,,,,,,,,,"M5170烟箱类型",
"M5170.Task.Code","DB50.DINT5072",Long,1,RO,100,,,,,,,,,,"M5170托盘条码",
"M5170.Task.DestSta","DB50.DBW5080",Short,1,RO,100,,,,,,,,,,"M5170目标地址",
"M5170.Task.StartSta","DB50.DBW5078",Short,1,RO,100,,,,,,,,,,"M5170起始地址",
"M5170.Task.Task","DB50.DBW5070",Short,1,RO,100,,,,,,,,,,"M5170任务号",
"M5170.Task.TpType","DB50.DBW5076",Short,1,RO,100,,,,,,,,,,"M5170货物类型",
"M5171.Alarm.B_Fault","DB50.DBX5112.4",Boolean,1,RO,100,,,,,,,,,,"M5171后超长",
"M5171.Alarm.DriveFault","DB70.DBX340.2",Boolean,1,RO,100,,,,,,,,,,"M5171驱动器故障",
"M5171.Alarm.EstopFault","DB70.DBX341.3",Boolean,1,RO,100,,,,,,,,,,"M5171急停故障",
"M5171.Alarm.F_Fault","DB50.DBX5112.3",Boolean,1,RO,100,,,,,,,,,,"M5171前超长",
"M5171.Alarm.H_Fault","DB50.DBX5112.2",Boolean,1,RO,100,,,,,,,,,,"M5171超高",
"M5171.Alarm.L_Fault","DB50.DBX5112.5",Boolean,1,RO,100,,,,,,,,,,"M5171左超宽",
"M5171.Alarm.LS_Fault","DB70.DBX341.2",Boolean,1,RO,100,,,,,,,,,,"M5171限位故障",
"M5171.Alarm.NoRead","DB50.DBX5113.1",Boolean,1,RO,100,,,,,,,,,,"M5171条码未读出",
"M5171.Alarm.OutSideFault","DB70.DBX341.1",Boolean,1,RO,100,,,,,,,,,,"M5171货物超边故障",
"M5171.Alarm.PH_Fault","DB70.DBX340.6",Boolean,1,RO,100,,,,,,,,,,"M5171光电管异常",
"M5171.Alarm.QF_Fault","DB70.DBX340.4",Boolean,1,RO,100,,,,,,,,,,"M5171空开故障",
"M5171.Alarm.QS_Fault","DB70.DBX340.5",Boolean,1,RO,100,,,,,,,,,,"M5171隔离开关故障",
"M5171.Alarm.R_Fault","DB50.DBX5112.6",Boolean,1,RO,100,,,,,,,,,,"M5171右超宽",
"M5171.Alarm.RFID_ReadFault","DB50.DBX5113.3",Boolean,1,RO,100,,,,,,,,,,"M5171RFID读取错误",
"M5171.Alarm.RFID_WriteFault","DB50.DBX5113.2",Boolean,1,RO,100,,,,,,,,,,"M5171RFID写入错误",
"M5171.Alarm.TimeOutFault","DB70.DBX340.3",Boolean,1,RO,100,,,,,,,,,,"M5171超时故障",
"M5171.Alarm.TM_JY_Fault","DB50.DBX5113.0",Boolean,1,RO,100,,,,,,,,,,"M5171条码校验故障",
"M5171.Alarm.TotalFault","DB70.DBX340.1",Boolean,1,RO,100,,,,,,,,,,"M5171总故障",
"M5171.Alarm.WX_Fault","DB50.DBX5112.1",Boolean,1,RO,100,,,,,,,,,,"M5171外形故障",
"M5171.Alarm.WX_TM_Fault","DB50.DBX5112.0",Boolean,1,RO,100,,,,,,,,,,"M5171外形条码总故障",
"M5171.State.Allow","DB50.DBB5119",Byte,1,RO,100,,,,,,,,,,"M5171允许拆盘",
"M5171.State.DownApproach","I86.6",Boolean,1,RO,100,,,,,,,,,,"M5171低位接近",
"M5171.State.ForwardRun","DB70.DBX341.6",Boolean,1,RO,100,,,,,,,,,,"M5171正转运行",
"M5171.State.Get_Num","DB50.DBB5118",Byte,1,RO,100,,,,,,,,,,"M5171已取数量",
"M5171.State.LastOne","DB50.DBX5113.4",Boolean,1,RO,100,,,,,,,,,,"M5171强制推盘",
"M5171.State.Load","DB70.DBX341.5",Boolean,1,RO,100,,,,,,,,,,"M5171负载",
"M5171.State.MD_State1","DB50.DINT5120",Long,1,RO,100,,,,,,,,,,"M5171码垛状态1",
"M5171.State.MD_State2","DB50.DBB5124",Byte,1,RO,100,,,,,,,,,,"M5171码垛状态2",
"M5171.State.Need_Num","DB50.DBB5117",Byte,1,RO,100,,,,,,,,,,"M5171要取数量",
"M5171.State.PH3","I60.3",Boolean,1,RO,100,,,,,,,,,,"5171到位光电",
"M5171.State.ReversalRun","DB70.DBX341.7",Boolean,1,RO,100,,,,,,,,,,"M5171反转运行",
"M5171.State.Runing","DB70.DBX340.0",Boolean,1,RO,100,,,,,,,,,,"M5171设备运行标志",
"M5171.State.SelectPlace","DB70.DBX340.7",Boolean,1,RO,100,,,,,,,,,,"M5171选中位",
"M5171.State.UpApproach","I86.4",Boolean,1,RO,100,,,,,,,,,,"M5171高位接近",
"M5171.State.UpSignal","Q224.0",Boolean,1,RO,100,,,,,,,,,,"M5171上升信号",
"M5171.State.YX_DX","DB50.DBB5115",Byte,1,RO,100,,,,,,,,,,"M5171码垛垛型",
"M5171.State.YX_Num","DB50.DBB5116",Byte,1,RO,100,,,,,,,,,,"M5171烟箱数量",
"M5171.State.YX_Type","DB50.DBB5114",Byte,1,RO,100,,,,,,,,,,"M5171烟箱类型",
"M5171.Task.Code","DB50.DINT5102",Long,1,RO,100,,,,,,,,,,"M5171托盘条码",
"M5171.Task.DestSta","DB50.DBW5110",Short,1,RO,100,,,,,,,,,,"M5171目标地址",
"M5171.Task.StartSta","DB50.DBW5108",Short,1,RO,100,,,,,,,,,,"M5171起始地址",
"M5171.Task.Task","DB50.DBW5100",Short,1,RO,100,,,,,,,,,,"M5171任务号",
"M5171.Task.TpType","DB50.DBW5106",Short,1,RO,100,,,,,,,,,,"M5171货物类型",
"M5172.Alarm.B_Fault","DB50.DBX5142.4",Boolean,1,RO,100,,,,,,,,,,"M5172后超长",
"M5172.Alarm.DriveFault","DB70.DBX342.2",Boolean,1,RO,100,,,,,,,,,,"M5172驱动器故障",
"M5172.Alarm.EstopFault","DB70.DBX343.3",Boolean,1,RO,100,,,,,,,,,,"M5172急停故障",
"M5172.Alarm.F_Fault","DB50.DBX5142.3",Boolean,1,RO,100,,,,,,,,,,"M5172前超长",
"M5172.Alarm.H_Fault","DB50.DBX5142.2",Boolean,1,RO,100,,,,,,,,,,"M5172超高",
"M5172.Alarm.L_Fault","DB50.DBX5142.5",Boolean,1,RO,100,,,,,,,,,,"M5172左超宽",
"M5172.Alarm.LS_Fault","DB70.DBX343.2",Boolean,1,RO,100,,,,,,,,,,"M5172限位故障",
"M5172.Alarm.NoRead","DB50.DBX5143.1",Boolean,1,RO,100,,,,,,,,,,"M5172条码未读出",
"M5172.Alarm.OutSideFault","DB70.DBX343.1",Boolean,1,RO,100,,,,,,,,,,"M5172货物超边故障",
"M5172.Alarm.PH_Fault","DB70.DBX342.6",Boolean,1,RO,100,,,,,,,,,,"M5172光电管异常",
"M5172.Alarm.QF_Fault","DB70.DBX342.4",Boolean,1,RO,100,,,,,,,,,,"M5172空开故障",
"M5172.Alarm.QS_Fault","DB70.DBX342.5",Boolean,1,RO,100,,,,,,,,,,"M5172隔离开关故障",
"M5172.Alarm.R_Fault","DB50.DBX5142.6",Boolean,1,RO,100,,,,,,,,,,"M5172右超宽",
"M5172.Alarm.RFID_ReadFault","DB50.DBX5143.3",Boolean,1,RO,100,,,,,,,,,,"M5172RFID读取错误",
"M5172.Alarm.RFID_WriteFault","DB50.DBX5143.2",Boolean,1,RO,100,,,,,,,,,,"M5172RFID写入错误",
"M5172.Alarm.TimeOutFault","DB70.DBX342.3",Boolean,1,RO,100,,,,,,,,,,"M5172超时故障",
"M5172.Alarm.TM_JY_Fault","DB50.DBX5143.0",Boolean,1,RO,100,,,,,,,,,,"M5172条码校验故障",
"M5172.Alarm.TotalFault","DB70.DBX342.1",Boolean,1,RO,100,,,,,,,,,,"M5172总故障",
"M5172.Alarm.WX_Fault","DB50.DBX5142.1",Boolean,1,RO,100,,,,,,,,,,"M5172外形故障",
"M5172.Alarm.WX_TM_Fault","DB50.DBX5142.0",Boolean,1,RO,100,,,,,,,,,,"M5172外形条码总故障",
"M5172.State.Allow","DB50.DBB5149",Byte,1,RO,100,,,,,,,,,,"M5172允许拆盘",
"M5172.State.ForwardRun","DB70.DBX343.6",Boolean,1,RO,100,,,,,,,,,,"M5172正转运行",
"M5172.State.Get_Num","DB50.DBB5148",Byte,1,RO,100,,,,,,,,,,"M5172已取数量",
"M5172.State.LastOne","DB50.DBX5143.4",Boolean,1,RO,100,,,,,,,,,,"M5172强制推盘",
"M5172.State.Load","DB70.DBX343.5",Boolean,1,RO,100,,,,,,,,,,"M5172负载",
"M5172.State.MD_State1","DB50.DINT5150",Long,1,RO,100,,,,,,,,,,"M5172码垛状态1",
"M5172.State.MD_State2","DB50.DBB5154",Byte,1,RO,100,,,,,,,,,,"M5172码垛状态2",
"M5172.State.Need_Num","DB50.DBB5147",Byte,1,RO,100,,,,,,,,,,"M5172要取数量",
"M5172.State.PH1","I85.1",Boolean,1,RO,100,,,,,,,,,,"5172减速光电",
"M5172.State.PH2","I85.3",Boolean,1,RO,100,,,,,,,,,,"5172到位光电",
"M5172.State.ReversalRun","DB70.DBX343.7",Boolean,1,RO,100,,,,,,,,,,"M5172反转运行",
"M5172.State.Runing","DB70.DBX342.0",Boolean,1,RO,100,,,,,,,,,,"M5172设备运行标志",
"M5172.State.SelectPlace","DB70.DBX342.7",Boolean,1,RO,100,,,,,,,,,,"M5172选中位",
"M5172.State.YX_DX","DB50.DBB5145",Byte,1,RO,100,,,,,,,,,,"M5172码垛垛型",
"M5172.State.YX_Num","DB50.DBB5146",Byte,1,RO,100,,,,,,,,,,"M5172烟箱数量",
"M5172.State.YX_Type","DB50.DBB5144",Byte,1,RO,100,,,,,,,,,,"M5172烟箱类型",
"M5172.Task.Code","DB50.DINT5132",Long,1,RO,100,,,,,,,,,,"M5172托盘条码",
"M5172.Task.DestSta","DB50.DBW5140",Short,1,RO,100,,,,,,,,,,"M5172目标地址",
"M5172.Task.StartSta","DB50.DBW5138",Short,1,RO,100,,,,,,,,,,"M5172起始地址",
"M5172.Task.Task","DB50.DBW5130",Short,1,RO,100,,,,,,,,,,"M5172任务号",
"M5172.Task.TpType","DB50.DBW5136",Short,1,RO,100,,,,,,,,,,"M5172货物类型",
"M5173.Alarm.B_Fault","DB50.DBX5172.4",Boolean,1,RO,100,,,,,,,,,,"M5173后超长",
"M5173.Alarm.DriveFault","DB70.DBX344.2",Boolean,1,RO,100,,,,,,,,,,"M5173驱动器故障",
"M5173.Alarm.EstopFault","DB70.DBX345.3",Boolean,1,RO,100,,,,,,,,,,"M5173急停故障",
"M5173.Alarm.F_Fault","DB50.DBX5172.3",Boolean,1,RO,100,,,,,,,,,,"M5173前超长",
"M5173.Alarm.H_Fault","DB50.DBX5172.2",Boolean,1,RO,100,,,,,,,,,,"M5173超高",
"M5173.Alarm.L_Fault","DB50.DBX5172.5",Boolean,1,RO,100,,,,,,,,,,"M5173左超宽",
"M5173.Alarm.LS_Fault","DB70.DBX345.2",Boolean,1,RO,100,,,,,,,,,,"M5173限位故障",
"M5173.Alarm.NoRead","DB50.DBX5173.1",Boolean,1,RO,100,,,,,,,,,,"M5173条码未读出",
"M5173.Alarm.OutSideFault","DB70.DBX345.1",Boolean,1,RO,100,,,,,,,,,,"M5173货物超边故障",
"M5173.Alarm.PH_Fault","DB70.DBX344.6",Boolean,1,RO,100,,,,,,,,,,"M5173光电管异常",
"M5173.Alarm.QF_Fault","DB70.DBX344.4",Boolean,1,RO,100,,,,,,,,,,"M5173空开故障",
"M5173.Alarm.QS_Fault","DB70.DBX344.5",Boolean,1,RO,100,,,,,,,,,,"M5173隔离开关故障",
"M5173.Alarm.R_Fault","DB50.DBX5172.6",Boolean,1,RO,100,,,,,,,,,,"M5173右超宽",
"M5173.Alarm.RFID_ReadFault","DB50.DBX5173.3",Boolean,1,RO,100,,,,,,,,,,"M5173RFID读取错误",
"M5173.Alarm.RFID_WriteFault","DB50.DBX5173.2",Boolean,1,RO,100,,,,,,,,,,"M5173RFID写入错误",
"M5173.Alarm.TimeOutFault","DB70.DBX344.3",Boolean,1,RO,100,,,,,,,,,,"M5173超时故障",
"M5173.Alarm.TM_JY_Fault","DB50.DBX5173.0",Boolean,1,RO,100,,,,,,,,,,"M5173条码校验故障",
"M5173.Alarm.TotalFault","DB70.DBX344.1",Boolean,1,RO,100,,,,,,,,,,"M5173总故障",
"M5173.Alarm.WX_Fault","DB50.DBX5172.1",Boolean,1,RO,100,,,,,,,,,,"M5173外形故障",
"M5173.Alarm.WX_TM_Fault","DB50.DBX5172.0",Boolean,1,RO,100,,,,,,,,,,"M5173外形条码总故障",
"M5173.State.Allow","DB50.DBB5179",Byte,1,RO,100,,,,,,,,,,"M5173允许拆盘",
"M5173.State.DownApproach","I86.7",Boolean,1,RO,100,,,,,,,,,,"M5173低位接近",
"M5173.State.ForwardRun","DB70.DBX345.6",Boolean,1,RO,100,,,,,,,,,,"M5173正转运行",
"M5173.State.Get_Num","DB50.DBB5178",Byte,1,RO,100,,,,,,,,,,"M5173已取数量",
"M5173.State.LastOne","DB50.DBX5173.4",Boolean,1,RO,100,,,,,,,,,,"M5173强制推盘",
"M5173.State.Load","DB70.DBX345.5",Boolean,1,RO,100,,,,,,,,,,"M5173负载",
"M5173.State.MD_State1","DB50.DINT5180",Long,1,RO,100,,,,,,,,,,"M5173码垛状态1",
"M5173.State.MD_State2","DB50.DBB5184",Byte,1,RO,100,,,,,,,,,,"M5173码垛状态2",
"M5173.State.Need_Num","DB50.DBB5177",Byte,1,RO,100,,,,,,,,,,"M5173要取数量",
"M5173.State.PH3","I61.2",Boolean,1,RO,100,,,,,,,,,,"5173对射保护光电",
"M5173.State.ReversalRun","DB70.DBX345.7",Boolean,1,RO,100,,,,,,,,,,"M5173反转运行",
"M5173.State.Runing","DB70.DBX344.0",Boolean,1,RO,100,,,,,,,,,,"M5173设备运行标志",
"M5173.State.SelectPlace","DB70.DBX344.7",Boolean,1,RO,100,,,,,,,,,,"M5173选中位",
"M5173.State.UpApproach","I86.5",Boolean,1,RO,100,,,,,,,,,,"M5173高位接近",
"M5173.State.UpSignal","Q226.0",Boolean,1,RO,100,,,,,,,,,,"M5173上升信号",
"M5173.State.YX_DX","DB50.DBB5175",Byte,1,RO,100,,,,,,,,,,"M5173码垛垛型",
"M5173.State.YX_Num","DB50.DBB5176",Byte,1,RO,100,,,,,,,,,,"M5173烟箱数量",
"M5173.State.YX_Type","DB50.DBB5174",Byte,1,RO,100,,,,,,,,,,"M5173烟箱类型",
"M5173.Task.Code","DB50.DINT5162",Long,1,RO,100,,,,,,,,,,"M5173托盘条码",
"M5173.Task.DestSta","DB50.DBW5170",Short,1,RO,100,,,,,,,,,,"M5173目标地址",
"M5173.Task.StartSta","DB50.DBW5168",Short,1,RO,100,,,,,,,,,,"M5173起始地址",
"M5173.Task.Task","DB50.DBW5160",Short,1,RO,100,,,,,,,,,,"M5173任务号",
"M5173.Task.TpType","DB50.DBW5166",Short,1,RO,100,,,,,,,,,,"M5173货物类型",
"M5174.Alarm.B_Fault","DB50.DBX5202.4",Boolean,1,RO,100,,,,,,,,,,"M5174后超长",
"M5174.Alarm.DriveFault","DB70.DBX346.2",Boolean,1,RO,100,,,,,,,,,,"M5174驱动器故障",
"M5174.Alarm.EstopFault","DB70.DBX347.3",Boolean,1,RO,100,,,,,,,,,,"M5174急停故障",
"M5174.Alarm.F_Fault","DB50.DBX5202.3",Boolean,1,RO,100,,,,,,,,,,"M5174前超长",
"M5174.Alarm.H_Fault","DB50.DBX5202.2",Boolean,1,RO,100,,,,,,,,,,"M5174超高",
"M5174.Alarm.L_Fault","DB50.DBX5202.5",Boolean,1,RO,100,,,,,,,,,,"M5174左超宽",
"M5174.Alarm.LS_Fault","DB70.DBX347.2",Boolean,1,RO,100,,,,,,,,,,"M5174限位故障",
"M5174.Alarm.NoRead","DB50.DBX5203.1",Boolean,1,RO,100,,,,,,,,,,"M5174条码未读出",
"M5174.Alarm.OutSideFault","DB70.DBX347.1",Boolean,1,RO,100,,,,,,,,,,"M5174货物超边故障",
"M5174.Alarm.PH_Fault","DB70.DBX346.6",Boolean,1,RO,100,,,,,,,,,,"M5174光电管异常",
"M5174.Alarm.QF_Fault","DB70.DBX346.4",Boolean,1,RO,100,,,,,,,,,,"M5174空开故障",
"M5174.Alarm.QS_Fault","DB70.DBX346.5",Boolean,1,RO,100,,,,,,,,,,"M5174隔离开关故障",
"M5174.Alarm.R_Fault","DB50.DBX5202.6",Boolean,1,RO,100,,,,,,,,,,"M5174右超宽",
"M5174.Alarm.RFID_ReadFault","DB50.DBX5203.3",Boolean,1,RO,100,,,,,,,,,,"M5174RFID读取错误",
"M5174.Alarm.RFID_WriteFault","DB50.DBX5203.2",Boolean,1,RO,100,,,,,,,,,,"M5174RFID写入错误",
"M5174.Alarm.TimeOutFault","DB70.DBX346.3",Boolean,1,RO,100,,,,,,,,,,"M5174超时故障",
"M5174.Alarm.TM_JY_Fault","DB50.DBX5203.0",Boolean,1,RO,100,,,,,,,,,,"M5174条码校验故障",
"M5174.Alarm.TotalFault","DB70.DBX346.1",Boolean,1,RO,100,,,,,,,,,,"M5174总故障",
"M5174.Alarm.WX_Fault","DB50.DBX5202.1",Boolean,1,RO,100,,,,,,,,,,"M5174外形故障",
"M5174.Alarm.WX_TM_Fault","DB50.DBX5202.0",Boolean,1,RO,100,,,,,,,,,,"M5174外形条码总故障",
"M5174.State.Allow","DB50.DBB5209",Byte,1,RO,100,,,,,,,,,,"M5174允许拆盘",
"M5174.State.ForwardRun","DB70.DBX347.6",Boolean,1,RO,100,,,,,,,,,,"M5174正转运行",
"M5174.State.Get_Num","DB50.DBB5208",Byte,1,RO,100,,,,,,,,,,"M5174已取数量",
"M5174.State.LastOne","DB50.DBX5203.4",Boolean,1,RO,100,,,,,,,,,,"M5174强制推盘",
"M5174.State.Load","DB70.DBX347.5",Boolean,1,RO,100,,,,,,,,,,"M5174负载",
"M5174.State.MD_State1","DB50.DINT5210",Long,1,RO,100,,,,,,,,,,"M5174码垛状态1",
"M5174.State.MD_State2","DB50.DBB5214",Byte,1,RO,100,,,,,,,,,,"M5174码垛状态2",
"M5174.State.Need_Num","DB50.DBB5207",Byte,1,RO,100,,,,,,,,,,"M5174要取数量",
"M5174.State.PH1","I87.2",Boolean,1,RO,100,,,,,,,,,,"5174减速光电",
"M5174.State.PH2","I87.4",Boolean,1,RO,100,,,,,,,,,,"5174到位光电",
"M5174.State.ReversalRun","DB70.DBX347.7",Boolean,1,RO,100,,,,,,,,,,"M5174反转运行",
"M5174.State.Runing","DB70.DBX346.0",Boolean,1,RO,100,,,,,,,,,,"M5174设备运行标志",
"M5174.State.SelectPlace","DB70.DBX346.7",Boolean,1,RO,100,,,,,,,,,,"M5174选中位",
"M5174.State.YX_DX","DB50.DBB5205",Byte,1,RO,100,,,,,,,,,,"M5174码垛垛型",
"M5174.State.YX_Num","DB50.DBB5206",Byte,1,RO,100,,,,,,,,,,"M5174烟箱数量",
"M5174.State.YX_Type","DB50.DBB5204",Byte,1,RO,100,,,,,,,,,,"M5174烟箱类型",
"M5174.Task.Code","DB50.DINT5192",Long,1,RO,100,,,,,,,,,,"M5174托盘条码",
"M5174.Task.DestSta","DB50.DBW5200",Short,1,RO,100,,,,,,,,,,"M5174目标地址",
"M5174.Task.StartSta","DB50.DBW5198",Short,1,RO,100,,,,,,,,,,"M5174起始地址",
"M5174.Task.Task","DB50.DBW5190",Short,1,RO,100,,,,,,,,,,"M5174任务号",
"M5174.Task.TpType","DB50.DBW5196",Short,1,RO,100,,,,,,,,,,"M5174货物类型",
"M5175.Alarm.B_Fault","DB50.DBX5232.4",Boolean,1,RO,100,,,,,,,,,,"M5175后超长",
"M5175.Alarm.DriveFault","DB70.DBX348.2",Boolean,1,RO,100,,,,,,,,,,"M5175驱动器故障",
"M5175.Alarm.EstopFault","DB70.DBX349.3",Boolean,1,RO,100,,,,,,,,,,"M5175急停故障",
"M5175.Alarm.F_Fault","DB50.DBX5232.3",Boolean,1,RO,100,,,,,,,,,,"M5175前超长",
"M5175.Alarm.H_Fault","DB50.DBX5232.2",Boolean,1,RO,100,,,,,,,,,,"M5175超高",
"M5175.Alarm.L_Fault","DB50.DBX5232.5",Boolean,1,RO,100,,,,,,,,,,"M5175左超宽",
"M5175.Alarm.LS_Fault","DB70.DBX349.2",Boolean,1,RO,100,,,,,,,,,,"M5175限位故障",
"M5175.Alarm.NoRead","DB50.DBX5233.1",Boolean,1,RO,100,,,,,,,,,,"M5175条码未读出",
"M5175.Alarm.OutSideFault","DB70.DBX349.1",Boolean,1,RO,100,,,,,,,,,,"M5175货物超边故障",
"M5175.Alarm.PH_Fault","DB70.DBX348.6",Boolean,1,RO,100,,,,,,,,,,"M5175光电管异常",
"M5175.Alarm.QF_Fault","DB70.DBX348.4",Boolean,1,RO,100,,,,,,,,,,"M5175空开故障",
"M5175.Alarm.QS_Fault","DB70.DBX348.5",Boolean,1,RO,100,,,,,,,,,,"M5175隔离开关故障",
"M5175.Alarm.R_Fault","DB50.DBX5232.6",Boolean,1,RO,100,,,,,,,,,,"M5175右超宽",
"M5175.Alarm.RFID_ReadFault","DB50.DBX5233.3",Boolean,1,RO,100,,,,,,,,,,"M5175RFID读取错误",
"M5175.Alarm.RFID_WriteFault","DB50.DBX5233.2",Boolean,1,RO,100,,,,,,,,,,"M5175RFID写入错误",
"M5175.Alarm.TimeOutFault","DB70.DBX348.3",Boolean,1,RO,100,,,,,,,,,,"M5175超时故障",
"M5175.Alarm.TM_JY_Fault","DB50.DBX5233.0",Boolean,1,RO,100,,,,,,,,,,"M5175条码校验故障",
"M5175.Alarm.TotalFault","DB70.DBX348.1",Boolean,1,RO,100,,,,,,,,,,"M5175总故障",
"M5175.Alarm.WX_Fault","DB50.DBX5232.1",Boolean,1,RO,100,,,,,,,,,,"M5175外形故障",
"M5175.Alarm.WX_TM_Fault","DB50.DBX5232.0",Boolean,1,RO,100,,,,,,,,,,"M5175外形条码总故障",
"M5175.State.Allow","DB50.DBB5239",Byte,1,RO,100,,,,,,,,,,"M5175允许拆盘",
"M5175.State.DownApproach","I88.6",Boolean,1,RO,100,,,,,,,,,,"M5175低位接近",
"M5175.State.ForwardRun","DB70.DBX349.6",Boolean,1,RO,100,,,,,,,,,,"M5175正转运行",
"M5175.State.Get_Num","DB50.DBB5238",Byte,1,RO,100,,,,,,,,,,"M5175已取数量",
"M5175.State.LastOne","DB50.DBX5233.4",Boolean,1,RO,100,,,,,,,,,,"M5175强制推盘",
"M5175.State.Load","DB70.DBX349.5",Boolean,1,RO,100,,,,,,,,,,"M5175负载",
"M5175.State.MD_State1","DB50.DINT5240",Long,1,RO,100,,,,,,,,,,"M5175码垛状态1",
"M5175.State.MD_State2","DB50.DBB5244",Byte,1,RO,100,,,,,,,,,,"M5175码垛状态2",
"M5175.State.Need_Num","DB50.DBB5237",Byte,1,RO,100,,,,,,,,,,"M5175要取数量",
"M5175.State.PH3","I61.4",Boolean,1,RO,100,,,,,,,,,,"5175对射保护光电",
"M5175.State.ReversalRun","DB70.DBX349.7",Boolean,1,RO,100,,,,,,,,,,"M5175反转运行",
"M5175.State.Runing","DB70.DBX348.0",Boolean,1,RO,100,,,,,,,,,,"M5175设备运行标志",
"M5175.State.SelectPlace","DB70.DBX348.7",Boolean,1,RO,100,,,,,,,,,,"M5175选中位",
"M5175.State.UpApproach","I88.4",Boolean,1,RO,100,,,,,,,,,,"M5175高位接近",
"M5175.State.UpSignal","Q228.0",Boolean,1,RO,100,,,,,,,,,,"M5175上升信号",
"M5175.State.YX_DX","DB50.DBB5235",Byte,1,RO,100,,,,,,,,,,"M5175码垛垛型",
"M5175.State.YX_Num","DB50.DBB5236",Byte,1,RO,100,,,,,,,,,,"M5175烟箱数量",
"M5175.State.YX_Type","DB50.DBB5234",Byte,1,RO,100,,,,,,,,,,"M5175烟箱类型",
"M5175.Task.Code","DB50.DINT5222",Long,1,RO,100,,,,,,,,,,"M5175托盘条码",
"M5175.Task.DestSta","DB50.DBW5230",Short,1,RO,100,,,,,,,,,,"M5175目标地址",
"M5175.Task.StartSta","DB50.DBW5228",Short,1,RO,100,,,,,,,,,,"M5175起始地址",
"M5175.Task.Task","DB50.DBW5220",Short,1,RO,100,,,,,,,,,,"M5175任务号",
"M5175.Task.TpType","DB50.DBW5226",Short,1,RO,100,,,,,,,,,,"M5175货物类型",
"M5176.Alarm.B_Fault","DB50.DBX5262.4",Boolean,1,RO,100,,,,,,,,,,"M5176后超长",
"M5176.Alarm.DriveFault","DB70.DBX350.2",Boolean,1,RO,100,,,,,,,,,,"M5176驱动器故障",
"M5176.Alarm.EstopFault","DB70.DBX351.3",Boolean,1,RO,100,,,,,,,,,,"M5176急停故障",
"M5176.Alarm.F_Fault","DB50.DBX5262.3",Boolean,1,RO,100,,,,,,,,,,"M5176前超长",
"M5176.Alarm.H_Fault","DB50.DBX5262.2",Boolean,1,RO,100,,,,,,,,,,"M5176超高",
"M5176.Alarm.L_Fault","DB50.DBX5262.5",Boolean,1,RO,100,,,,,,,,,,"M5176左超宽",
"M5176.Alarm.LS_Fault","DB70.DBX351.2",Boolean,1,RO,100,,,,,,,,,,"M5176限位故障",
"M5176.Alarm.NoRead","DB50.DBX5263.1",Boolean,1,RO,100,,,,,,,,,,"M5176条码未读出",
"M5176.Alarm.OutSideFault","DB70.DBX351.1",Boolean,1,RO,100,,,,,,,,,,"M5176货物超边故障",
"M5176.Alarm.PH_Fault","DB70.DBX350.6",Boolean,1,RO,100,,,,,,,,,,"M5176光电管异常",
"M5176.Alarm.QF_Fault","DB70.DBX350.4",Boolean,1,RO,100,,,,,,,,,,"M5176空开故障",
"M5176.Alarm.QS_Fault","DB70.DBX350.5",Boolean,1,RO,100,,,,,,,,,,"M5176隔离开关故障",
"M5176.Alarm.R_Fault","DB50.DBX5262.6",Boolean,1,RO,100,,,,,,,,,,"M5176右超宽",
"M5176.Alarm.RFID_ReadFault","DB50.DBX5263.3",Boolean,1,RO,100,,,,,,,,,,"M5176RFID读取错误",
"M5176.Alarm.RFID_WriteFault","DB50.DBX5263.2",Boolean,1,RO,100,,,,,,,,,,"M5176RFID写入错误",
"M5176.Alarm.TimeOutFault","DB70.DBX350.3",Boolean,1,RO,100,,,,,,,,,,"M5176超时故障",
"M5176.Alarm.TM_JY_Fault","DB50.DBX5263.0",Boolean,1,RO,100,,,,,,,,,,"M5176条码校验故障",
"M5176.Alarm.TotalFault","DB70.DBX350.1",Boolean,1,RO,100,,,,,,,,,,"M5176总故障",
"M5176.Alarm.WX_Fault","DB50.DBX5262.1",Boolean,1,RO,100,,,,,,,,,,"M5176外形故障",
"M5176.Alarm.WX_TM_Fault","DB50.DBX5262.0",Boolean,1,RO,100,,,,,,,,,,"M5176外形条码总故障",
"M5176.State.Allow","DB50.DBB5269",Byte,1,RO,100,,,,,,,,,,"M5176允许拆盘",
"M5176.State.ForwardRun","DB70.DBX351.6",Boolean,1,RO,100,,,,,,,,,,"M5176正转运行",
"M5176.State.Get_Num","DB50.DBB5268",Byte,1,RO,100,,,,,,,,,,"M5176已取数量",
"M5176.State.LastOne","DB50.DBX5263.4",Boolean,1,RO,100,,,,,,,,,,"M5176强制推盘",
"M5176.State.Load","DB70.DBX351.5",Boolean,1,RO,100,,,,,,,,,,"M5176负载",
"M5176.State.MD_State1","DB50.DINT5270",Long,1,RO,100,,,,,,,,,,"M5176码垛状态1",
"M5176.State.MD_State2","DB50.DBB5274",Byte,1,RO,100,,,,,,,,,,"M5176码垛状态2",
"M5176.State.Need_Num","DB50.DBB5267",Byte,1,RO,100,,,,,,,,,,"M5176要取数量",
"M5176.State.PH1","I85.7",Boolean,1,RO,100,,,,,,,,,,"5176到位光电",
"M5176.State.ReversalRun","DB70.DBX351.7",Boolean,1,RO,100,,,,,,,,,,"M5176反转运行",
"M5176.State.Runing","DB70.DBX350.0",Boolean,1,RO,100,,,,,,,,,,"M5176设备运行标志",
"M5176.State.SelectPlace","DB70.DBX350.7",Boolean,1,RO,100,,,,,,,,,,"M5176选中位",
"M5176.State.YX_DX","DB50.DBB5265",Byte,1,RO,100,,,,,,,,,,"M5176码垛垛型",
"M5176.State.YX_Num","DB50.DBB5266",Byte,1,RO,100,,,,,,,,,,"M5176烟箱数量",
"M5176.State.YX_Type","DB50.DBB5264",Byte,1,RO,100,,,,,,,,,,"M5176烟箱类型",
"M5176.Task.Code","DB50.DINT5252",Long,1,RO,100,,,,,,,,,,"M5176托盘条码",
"M5176.Task.DestSta","DB50.DBW5260",Short,1,RO,100,,,,,,,,,,"M5176目标地址",
"M5176.Task.StartSta","DB50.DBW5258",Short,1,RO,100,,,,,,,,,,"M5176起始地址",
"M5176.Task.Task","DB50.DBW5250",Short,1,RO,100,,,,,,,,,,"M5176任务号",
"M5176.Task.TpType","DB50.DBW5256",Short,1,RO,100,,,,,,,,,,"M5176货物类型",
"M5177.Alarm.B_Fault","DB50.DBX5292.4",Boolean,1,RO,100,,,,,,,,,,"M5177后超长",
"M5177.Alarm.DriveFault","DB70.DBX352.2",Boolean,1,RO,100,,,,,,,,,,"M5177驱动器故障",
"M5177.Alarm.EstopFault","DB70.DBX353.3",Boolean,1,RO,100,,,,,,,,,,"M5177急停故障",
"M5177.Alarm.F_Fault","DB50.DBX5292.3",Boolean,1,RO,100,,,,,,,,,,"M5177前超长",
"M5177.Alarm.H_Fault","DB50.DBX5292.2",Boolean,1,RO,100,,,,,,,,,,"M5177超高",
"M5177.Alarm.L_Fault","DB50.DBX5292.5",Boolean,1,RO,100,,,,,,,,,,"M5177左超宽",
"M5177.Alarm.LS_Fault","DB70.DBX353.2",Boolean,1,RO,100,,,,,,,,,,"M5177限位故障",
"M5177.Alarm.NoRead","DB50.DBX5293.1",Boolean,1,RO,100,,,,,,,,,,"M5177条码未读出",
"M5177.Alarm.OutSideFault","DB70.DBX353.1",Boolean,1,RO,100,,,,,,,,,,"M5177货物超边故障",
"M5177.Alarm.PH_Fault","DB70.DBX352.6",Boolean,1,RO,100,,,,,,,,,,"M5177光电管异常",
"M5177.Alarm.QF_Fault","DB70.DBX352.4",Boolean,1,RO,100,,,,,,,,,,"M5177空开故障",
"M5177.Alarm.QS_Fault","DB70.DBX352.5",Boolean,1,RO,100,,,,,,,,,,"M5177隔离开关故障",
"M5177.Alarm.R_Fault","DB50.DBX5292.6",Boolean,1,RO,100,,,,,,,,,,"M5177右超宽",
"M5177.Alarm.RFID_ReadFault","DB50.DBX5293.3",Boolean,1,RO,100,,,,,,,,,,"M5177RFID读取错误",
"M5177.Alarm.RFID_WriteFault","DB50.DBX5293.2",Boolean,1,RO,100,,,,,,,,,,"M5177RFID写入错误",
"M5177.Alarm.TimeOutFault","DB70.DBX352.3",Boolean,1,RO,100,,,,,,,,,,"M5177超时故障",
"M5177.Alarm.TM_JY_Fault","DB50.DBX5293.0",Boolean,1,RO,100,,,,,,,,,,"M5177条码校验故障",
"M5177.Alarm.TotalFault","DB70.DBX352.1",Boolean,1,RO,100,,,,,,,,,,"M5177总故障",
"M5177.Alarm.WX_Fault","DB50.DBX5292.1",Boolean,1,RO,100,,,,,,,,,,"M5177外形故障",
"M5177.Alarm.WX_TM_Fault","DB50.DBX5292.0",Boolean,1,RO,100,,,,,,,,,,"M5177外形条码总故障",
"M5177.State.Allow","DB50.DBB5299",Byte,1,RO,100,,,,,,,,,,"M5177允许拆盘",
"M5177.State.ForwardRun","DB70.DBX353.6",Boolean,1,RO,100,,,,,,,,,,"M5177正转运行",
"M5177.State.Get_Num","DB50.DBB5298",Byte,1,RO,100,,,,,,,,,,"M5177已取数量",
"M5177.State.LastOne","DB50.DBX5293.4",Boolean,1,RO,100,,,,,,,,,,"M5177强制推盘",
"M5177.State.Load","DB70.DBX353.5",Boolean,1,RO,100,,,,,,,,,,"M5177负载",
"M5177.State.MD_State1","DB50.DINT5300",Long,1,RO,100,,,,,,,,,,"M5177码垛状态1",
"M5177.State.MD_State2","DB50.DBB5304",Byte,1,RO,100,,,,,,,,,,"M5177码垛状态2",
"M5177.State.Need_Num","DB50.DBB5297",Byte,1,RO,100,,,,,,,,,,"M5177要取数量",
"M5177.State.PH1","I87.1",Boolean,1,RO,100,,,,,,,,,,"5177减速光电",
"M5177.State.PH2","I87.3",Boolean,1,RO,100,,,,,,,,,,"5177到位光电",
"M5177.State.ReversalRun","DB70.DBX353.7",Boolean,1,RO,100,,,,,,,,,,"M5177反转运行",
"M5177.State.Runing","DB70.DBX352.0",Boolean,1,RO,100,,,,,,,,,,"M5177设备运行标志",
"M5177.State.SelectPlace","DB70.DBX352.7",Boolean,1,RO,100,,,,,,,,,,"M5177选中位",
"M5177.State.YX_DX","DB50.DBB5295",Byte,1,RO,100,,,,,,,,,,"M5177码垛垛型",
"M5177.State.YX_Num","DB50.DBB5296",Byte,1,RO,100,,,,,,,,,,"M5177烟箱数量",
"M5177.State.YX_Type","DB50.DBB5294",Byte,1,RO,100,,,,,,,,,,"M5177烟箱类型",
"M5177.Task.Code","DB50.DINT5282",Long,1,RO,100,,,,,,,,,,"M5177托盘条码",
"M5177.Task.DestSta","DB50.DBW5290",Short,1,RO,100,,,,,,,,,,"M5177目标地址",
"M5177.Task.StartSta","DB50.DBW5288",Short,1,RO,100,,,,,,,,,,"M5177起始地址",
"M5177.Task.Task","DB50.DBW5280",Short,1,RO,100,,,,,,,,,,"M5177任务号",
"M5177.Task.TpType","DB50.DBW5286",Short,1,RO,100,,,,,,,,,,"M5177货物类型",
"M5178.Alarm.B_Fault","DB50.DBX5322.4",Boolean,1,RO,100,,,,,,,,,,"M5178后超长",
"M5178.Alarm.DriveFault","DB70.DBX354.2",Boolean,1,RO,100,,,,,,,,,,"M5178驱动器故障",
"M5178.Alarm.EstopFault","DB70.DBX355.3",Boolean,1,RO,100,,,,,,,,,,"M5178急停故障",
"M5178.Alarm.F_Fault","DB50.DBX5322.3",Boolean,1,RO,100,,,,,,,,,,"M5178前超长",
"M5178.Alarm.H_Fault","DB50.DBX5322.2",Boolean,1,RO,100,,,,,,,,,,"M5178超高",
"M5178.Alarm.L_Fault","DB50.DBX5322.5",Boolean,1,RO,100,,,,,,,,,,"M5178左超宽",
"M5178.Alarm.LS_Fault","DB70.DBX355.2",Boolean,1,RO,100,,,,,,,,,,"M5178限位故障",
"M5178.Alarm.NoRead","DB50.DBX5323.1",Boolean,1,RO,100,,,,,,,,,,"M5178条码未读出",
"M5178.Alarm.OutSideFault","DB70.DBX355.1",Boolean,1,RO,100,,,,,,,,,,"M5178货物超边故障",
"M5178.Alarm.PH_Fault","DB70.DBX354.6",Boolean,1,RO,100,,,,,,,,,,"M5178光电管异常",
"M5178.Alarm.QF_Fault","DB70.DBX354.4",Boolean,1,RO,100,,,,,,,,,,"M5178空开故障",
"M5178.Alarm.QS_Fault","DB70.DBX354.5",Boolean,1,RO,100,,,,,,,,,,"M5178隔离开关故障",
"M5178.Alarm.R_Fault","DB50.DBX5322.6",Boolean,1,RO,100,,,,,,,,,,"M5178右超宽",
"M5178.Alarm.RFID_ReadFault","DB50.DBX5323.3",Boolean,1,RO,100,,,,,,,,,,"M5178RFID读取错误",
"M5178.Alarm.RFID_WriteFault","DB50.DBX5323.2",Boolean,1,RO,100,,,,,,,,,,"M5178RFID写入错误",
"M5178.Alarm.TimeOutFault","DB70.DBX354.3",Boolean,1,RO,100,,,,,,,,,,"M5178超时故障",
"M5178.Alarm.TM_JY_Fault","DB50.DBX5323.0",Boolean,1,RO,100,,,,,,,,,,"M5178条码校验故障",
"M5178.Alarm.TotalFault","DB70.DBX354.1",Boolean,1,RO,100,,,,,,,,,,"M5178总故障",
"M5178.Alarm.WX_Fault","DB50.DBX5322.1",Boolean,1,RO,100,,,,,,,,,,"M5178外形故障",
"M5178.Alarm.WX_TM_Fault","DB50.DBX5322.0",Boolean,1,RO,100,,,,,,,,,,"M5178外形条码总故障",
"M5178.State.Allow","DB50.DBB5329",Byte,1,RO,100,,,,,,,,,,"M5178允许拆盘",
"M5178.State.ForwardRun","DB70.DBX355.6",Boolean,1,RO,100,,,,,,,,,,"M5178正转运行",
"M5178.State.Get_Num","DB50.DBB5328",Byte,1,RO,100,,,,,,,,,,"M5178已取数量",
"M5178.State.LastOne","DB50.DBX5323.4",Boolean,1,RO,100,,,,,,,,,,"M5178强制推盘",
"M5178.State.Load","DB70.DBX355.5",Boolean,1,RO,100,,,,,,,,,,"M5178负载",
"M5178.State.M5178_2_RF","Q236.0",Boolean,1,RO,100,,,,,,,,,,"5178.2上升",
"M5178.State.MD_State1","DB50.DINT5330",Long,1,RO,100,,,,,,,,,,"M5178码垛状态1",
"M5178.State.MD_State2","DB50.DBB5334",Byte,1,RO,100,,,,,,,,,,"M5178码垛状态2",
"M5178.State.Need_Num","DB50.DBB5327",Byte,1,RO,100,,,,,,,,,,"M5178要取数量",
"M5178.State.PR5178_1","I97.4",Boolean,1,RO,100,,,,,,,,,,"5178高位",
"M5178.State.PR5178_2","I97.6",Boolean,1,RO,100,,,,,,,,,,"5178低位",
"M5178.State.ReversalRun","DB70.DBX355.7",Boolean,1,RO,100,,,,,,,,,,"M5178反转运行",
"M5178.State.Runing","DB70.DBX354.0",Boolean,1,RO,100,,,,,,,,,,"M5178设备运行标志",
"M5178.State.SelectPlace","DB70.DBX354.7",Boolean,1,RO,100,,,,,,,,,,"M5178选中位",
"M5178.State.YX_DX","DB50.DBB5325",Byte,1,RO,100,,,,,,,,,,"M5178码垛垛型",
"M5178.State.YX_Num","DB50.DBB5326",Byte,1,RO,100,,,,,,,,,,"M5178烟箱数量",
"M5178.State.YX_Type","DB50.DBB5324",Byte,1,RO,100,,,,,,,,,,"M5178烟箱类型",
"M5178.Task.Code","DB50.DINT5312",Long,1,RO,100,,,,,,,,,,"M5178托盘条码",
"M5178.Task.DestSta","DB50.DBW5320",Short,1,RO,100,,,,,,,,,,"M5178目标地址",
"M5178.Task.StartSta","DB50.DBW5318",Short,1,RO,100,,,,,,,,,,"M5178起始地址",
"M5178.Task.Task","DB50.DBW5310",Short,1,RO,100,,,,,,,,,,"M5178任务号",
"M5178.Task.TpType","DB50.DBW5316",Short,1,RO,100,,,,,,,,,,"M5178货物类型",
"M5179.Alarm.B_Fault","DB50.DBX5352.4",Boolean,1,RO,100,,,,,,,,,,"M5179后超长",
"M5179.Alarm.DriveFault","DB70.DBX356.2",Boolean,1,RO,100,,,,,,,,,,"M5179驱动器故障",
"M5179.Alarm.EstopFault","DB70.DBX357.3",Boolean,1,RO,100,,,,,,,,,,"M5179急停故障",
"M5179.Alarm.F_Fault","DB50.DBX5352.3",Boolean,1,RO,100,,,,,,,,,,"M5179前超长",
"M5179.Alarm.H_Fault","DB50.DBX5352.2",Boolean,1,RO,100,,,,,,,,,,"M5179超高",
"M5179.Alarm.L_Fault","DB50.DBX5352.5",Boolean,1,RO,100,,,,,,,,,,"M5179左超宽",
"M5179.Alarm.LS_Fault","DB70.DBX357.2",Boolean,1,RO,100,,,,,,,,,,"M5179限位故障",
"M5179.Alarm.NoRead","DB50.DBX5353.1",Boolean,1,RO,100,,,,,,,,,,"M5179条码未读出",
"M5179.Alarm.OutSideFault","DB70.DBX357.1",Boolean,1,RO,100,,,,,,,,,,"M5179货物超边故障",
"M5179.Alarm.PH_Fault","DB70.DBX356.6",Boolean,1,RO,100,,,,,,,,,,"M5179光电管异常",
"M5179.Alarm.QF_Fault","DB70.DBX356.4",Boolean,1,RO,100,,,,,,,,,,"M5179空开故障",
"M5179.Alarm.QS_Fault","DB70.DBX356.5",Boolean,1,RO,100,,,,,,,,,,"M5179隔离开关故障",
"M5179.Alarm.R_Fault","DB50.DBX5352.6",Boolean,1,RO,100,,,,,,,,,,"M5179右超宽",
"M5179.Alarm.RFID_ReadFault","DB50.DBX5353.3",Boolean,1,RO,100,,,,,,,,,,"M5179RFID读取错误",
"M5179.Alarm.RFID_WriteFault","DB50.DBX5353.2",Boolean,1,RO,100,,,,,,,,,,"M5179RFID写入错误",
"M5179.Alarm.TimeOutFault","DB70.DBX356.3",Boolean,1,RO,100,,,,,,,,,,"M5179超时故障",
"M5179.Alarm.TM_JY_Fault","DB50.DBX5353.0",Boolean,1,RO,100,,,,,,,,,,"M5179条码校验故障",
"M5179.Alarm.TotalFault","DB70.DBX356.1",Boolean,1,RO,100,,,,,,,,,,"M5179总故障",
"M5179.Alarm.WX_Fault","DB50.DBX5352.1",Boolean,1,RO,100,,,,,,,,,,"M5179外形故障",
"M5179.Alarm.WX_TM_Fault","DB50.DBX5352.0",Boolean,1,RO,100,,,,,,,,,,"M5179外形条码总故障",
"M5179.State.Allow","DB50.DBB5359",Byte,1,RO,100,,,,,,,,,,"M5179允许拆盘",
"M5179.State.ForwardRun","DB70.DBX357.6",Boolean,1,RO,100,,,,,,,,,,"M5179正转运行",
"M5179.State.Get_Num","DB50.DBB5358",Byte,1,RO,100,,,,,,,,,,"M5179已取数量",
"M5179.State.LastOne","DB50.DBX5353.4",Boolean,1,RO,100,,,,,,,,,,"M5179强制推盘",
"M5179.State.Load","DB70.DBX357.5",Boolean,1,RO,100,,,,,,,,,,"M5179负载",
"M5179.State.MD_State1","DB50.DINT5360",Long,1,RO,100,,,,,,,,,,"M5179码垛状态1",
"M5179.State.MD_State2","DB50.DBB5364",Byte,1,RO,100,,,,,,,,,,"M5179码垛状态2",
"M5179.State.Need_Num","DB50.DBB5357",Byte,1,RO,100,,,,,,,,,,"M5179要取数量",
"M5179.State.PH1","I96.2",Boolean,1,RO,100,,,,,,,,,,"5179到位光电",
"M5179.State.PH2","I96.4",Boolean,1,RO,100,,,,,,,,,,"5179减速光电",
"M5179.State.PH3","I96.1",Boolean,1,RO,100,,,,,,,,,,"5179到位光电2",
"M5179.State.ReversalRun","DB70.DBX357.7",Boolean,1,RO,100,,,,,,,,,,"M5179反转运行",
"M5179.State.Runing","DB70.DBX356.0",Boolean,1,RO,100,,,,,,,,,,"M5179设备运行标志",
"M5179.State.SelectPlace","DB70.DBX356.7",Boolean,1,RO,100,,,,,,,,,,"M5179选中位",
"M5179.State.YX_DX","DB50.DBB5355",Byte,1,RO,100,,,,,,,,,,"M5179码垛垛型",
"M5179.State.YX_Num","DB50.DBB5356",Byte,1,RO,100,,,,,,,,,,"M5179烟箱数量",
"M5179.State.YX_Type","DB50.DBB5354",Byte,1,RO,100,,,,,,,,,,"M5179烟箱类型",
"M5179.Task.Code","DB50.DINT5342",Long,1,RO,100,,,,,,,,,,"M5179托盘条码",
"M5179.Task.DestSta","DB50.DBW5350",Short,1,RO,100,,,,,,,,,,"M5179目标地址",
"M5179.Task.StartSta","DB50.DBW5348",Short,1,RO,100,,,,,,,,,,"M5179起始地址",
"M5179.Task.Task","DB50.DBW5340",Short,1,RO,100,,,,,,,,,,"M5179任务号",
"M5179.Task.TpType","DB50.DBW5346",Short,1,RO,100,,,,,,,,,,"M5179货物类型",
"M5180.Alarm.B_Fault","DB50.DBX5382.4",Boolean,1,RO,100,,,,,,,,,,"M5180后超长",
"M5180.Alarm.DriveFault","DB70.DBX358.2",Boolean,1,RO,100,,,,,,,,,,"M5180驱动器故障",
"M5180.Alarm.EstopFault","DB70.DBX359.3",Boolean,1,RO,100,,,,,,,,,,"M5180急停故障",
"M5180.Alarm.F_Fault","DB50.DBX5382.3",Boolean,1,RO,100,,,,,,,,,,"M5180前超长",
"M5180.Alarm.H_Fault","DB50.DBX5382.2",Boolean,1,RO,100,,,,,,,,,,"M5180超高",
"M5180.Alarm.L_Fault","DB50.DBX5382.5",Boolean,1,RO,100,,,,,,,,,,"M5180左超宽",
"M5180.Alarm.LS_Fault","DB70.DBX359.2",Boolean,1,RO,100,,,,,,,,,,"M5180限位故障",
"M5180.Alarm.NoRead","DB50.DBX5383.1",Boolean,1,RO,100,,,,,,,,,,"M5180条码未读出",
"M5180.Alarm.OutSideFault","DB70.DBX359.1",Boolean,1,RO,100,,,,,,,,,,"M5180货物超边故障",
"M5180.Alarm.PH_Fault","DB70.DBX358.6",Boolean,1,RO,100,,,,,,,,,,"M5180光电管异常",
"M5180.Alarm.QF_Fault","DB70.DBX358.4",Boolean,1,RO,100,,,,,,,,,,"M5180空开故障",
"M5180.Alarm.QS_Fault","DB70.DBX358.5",Boolean,1,RO,100,,,,,,,,,,"M5180隔离开关故障",
"M5180.Alarm.R_Fault","DB50.DBX5382.6",Boolean,1,RO,100,,,,,,,,,,"M5180右超宽",
"M5180.Alarm.RFID_ReadFault","DB50.DBX5383.3",Boolean,1,RO,100,,,,,,,,,,"M5180RFID读取错误",
"M5180.Alarm.RFID_WriteFault","DB50.DBX5383.2",Boolean,1,RO,100,,,,,,,,,,"M5180RFID写入错误",
"M5180.Alarm.TimeOutFault","DB70.DBX358.3",Boolean,1,RO,100,,,,,,,,,,"M5180超时故障",
"M5180.Alarm.TM_JY_Fault","DB50.DBX5383.0",Boolean,1,RO,100,,,,,,,,,,"M5180条码校验故障",
"M5180.Alarm.TotalFault","DB70.DBX358.1",Boolean,1,RO,100,,,,,,,,,,"M5180总故障",
"M5180.Alarm.WX_Fault","DB50.DBX5382.1",Boolean,1,RO,100,,,,,,,,,,"M5180外形故障",
"M5180.Alarm.WX_TM_Fault","DB50.DBX5382.0",Boolean,1,RO,100,,,,,,,,,,"M5180外形条码总故障",
"M5180.State.Allow","DB50.DBB5389",Byte,1,RO,100,,,,,,,,,,"M5180允许拆盘",
"M5180.State.ForwardRun","DB70.DBX359.6",Boolean,1,RO,100,,,,,,,,,,"M5180正转运行",
"M5180.State.Get_Num","DB50.DBB5388",Byte,1,RO,100,,,,,,,,,,"M5180已取数量",
"M5180.State.LastOne","DB50.DBX5383.4",Boolean,1,RO,100,,,,,,,,,,"M5180强制推盘",
"M5180.State.Load","DB70.DBX359.5",Boolean,1,RO,100,,,,,,,,,,"M5180负载",
"M5180.State.MD_State1","DB50.DINT5390",Long,1,RO,100,,,,,,,,,,"M5180码垛状态1",
"M5180.State.MD_State2","DB50.DBB5394",Byte,1,RO,100,,,,,,,,,,"M5180码垛状态2",
"M5180.State.Need_Num","DB50.DBB5387",Byte,1,RO,100,,,,,,,,,,"M5180要取数量",
"M5180.State.PH2","I96.3",Boolean,1,RO,100,,,,,,,,,,"5180到位光电2",
"M5180.State.ReversalRun","DB70.DBX359.7",Boolean,1,RO,100,,,,,,,,,,"M5180反转运行",
"M5180.State.Runing","DB70.DBX358.0",Boolean,1,RO,100,,,,,,,,,,"M5180设备运行标志",
"M5180.State.SelectPlace","DB70.DBX358.7",Boolean,1,RO,100,,,,,,,,,,"M5180选中位",
"M5180.State.YX_DX","DB50.DBB5385",Byte,1,RO,100,,,,,,,,,,"M5180码垛垛型",
"M5180.State.YX_Num","DB50.DBB5386",Byte,1,RO,100,,,,,,,,,,"M5180烟箱数量",
"M5180.State.YX_Type","DB50.DBB5384",Byte,1,RO,100,,,,,,,,,,"M5180烟箱类型",
"M5180.Task.Code","DB50.DINT5372",Long,1,RO,100,,,,,,,,,,"M5180托盘条码",
"M5180.Task.DestSta","DB50.DBW5380",Short,1,RO,100,,,,,,,,,,"M5180目标地址",
"M5180.Task.StartSta","DB50.DBW5378",Short,1,RO,100,,,,,,,,,,"M5180起始地址",
"M5180.Task.Task","DB50.DBW5370",Short,1,RO,100,,,,,,,,,,"M5180任务号",
"M5180.Task.TpType","DB50.DBW5376",Short,1,RO,100,,,,,,,,,,"M5180货物类型",
"M5181.Alarm.B_Fault","DB50.DBX5412.4",Boolean,1,RO,100,,,,,,,,,,"M5181后超长",
"M5181.Alarm.DriveFault","DB70.DBX360.2",Boolean,1,RO,100,,,,,,,,,,"M5181驱动器故障",
"M5181.Alarm.EstopFault","DB70.DBX361.3",Boolean,1,RO,100,,,,,,,,,,"M5181急停故障",
"M5181.Alarm.F_Fault","DB50.DBX5412.3",Boolean,1,RO,100,,,,,,,,,,"M5181前超长",
"M5181.Alarm.H_Fault","DB50.DBX5412.2",Boolean,1,RO,100,,,,,,,,,,"M5181超高",
"M5181.Alarm.L_Fault","DB50.DBX5412.5",Boolean,1,RO,100,,,,,,,,,,"M5181左超宽",
"M5181.Alarm.LS_Fault","DB70.DBX361.2",Boolean,1,RO,100,,,,,,,,,,"M5181限位故障",
"M5181.Alarm.NoRead","DB50.DBX5413.1",Boolean,1,RO,100,,,,,,,,,,"M5181条码未读出",
"M5181.Alarm.OutSideFault","DB70.DBX361.1",Boolean,1,RO,100,,,,,,,,,,"M5181货物超边故障",
"M5181.Alarm.PH_Fault","DB70.DBX360.6",Boolean,1,RO,100,,,,,,,,,,"M5181光电管异常",
"M5181.Alarm.QF_Fault","DB70.DBX360.4",Boolean,1,RO,100,,,,,,,,,,"M5181空开故障",
"M5181.Alarm.QS_Fault","DB70.DBX360.5",Boolean,1,RO,100,,,,,,,,,,"M5181隔离开关故障",
"M5181.Alarm.R_Fault","DB50.DBX5412.6",Boolean,1,RO,100,,,,,,,,,,"M5181右超宽",
"M5181.Alarm.RFID_ReadFault","DB50.DBX5413.3",Boolean,1,RO,100,,,,,,,,,,"M5181RFID读取错误",
"M5181.Alarm.RFID_WriteFault","DB50.DBX5413.2",Boolean,1,RO,100,,,,,,,,,,"M5181RFID写入错误",
"M5181.Alarm.TimeOutFault","DB70.DBX360.3",Boolean,1,RO,100,,,,,,,,,,"M5181超时故障",
"M5181.Alarm.TM_JY_Fault","DB50.DBX5413.0",Boolean,1,RO,100,,,,,,,,,,"M5181条码校验故障",
"M5181.Alarm.TotalFault","DB70.DBX360.1",Boolean,1,RO,100,,,,,,,,,,"M5181总故障",
"M5181.Alarm.WX_Fault","DB50.DBX5412.1",Boolean,1,RO,100,,,,,,,,,,"M5181外形故障",
"M5181.Alarm.WX_TM_Fault","DB50.DBX5412.0",Boolean,1,RO,100,,,,,,,,,,"M5181外形条码总故障",
"M5181.State.Allow","DB50.DBB5419",Byte,1,RO,100,,,,,,,,,,"M5181允许拆盘",
"M5181.State.ForwardRun","DB70.DBX361.6",Boolean,1,RO,100,,,,,,,,,,"M5181正转运行",
"M5181.State.Get_Num","DB50.DBB5418",Byte,1,RO,100,,,,,,,,,,"M5181已取数量",
"M5181.State.LastOne","DB50.DBX5413.4",Boolean,1,RO,100,,,,,,,,,,"M5181强制推盘",
"M5181.State.Load","DB70.DBX361.5",Boolean,1,RO,100,,,,,,,,,,"M5181负载",
"M5181.State.M5181_2_RF","Q238.0",Boolean,1,RO,100,,,,,,,,,,"5181.2上升",
"M5181.State.MD_State1","DB50.DINT5420",Long,1,RO,100,,,,,,,,,,"M5181码垛状态1",
"M5181.State.MD_State2","DB50.DBB5424",Byte,1,RO,100,,,,,,,,,,"M5181码垛状态2",
"M5181.State.Need_Num","DB50.DBB5417",Byte,1,RO,100,,,,,,,,,,"M5181要取数量",
"M5181.State.PR5181_1","I97.5",Boolean,1,RO,100,,,,,,,,,,"5181高位",
"M5181.State.PR5181_2","I97.7",Boolean,1,RO,100,,,,,,,,,,"5181低位",
"M5181.State.ReversalRun","DB70.DBX361.7",Boolean,1,RO,100,,,,,,,,,,"M5181反转运行",
"M5181.State.Runing","DB70.DBX360.0",Boolean,1,RO,100,,,,,,,,,,"M5181设备运行标志",
"M5181.State.SelectPlace","DB70.DBX360.7",Boolean,1,RO,100,,,,,,,,,,"M5181选中位",
"M5181.State.YX_DX","DB50.DBB5415",Byte,1,RO,100,,,,,,,,,,"M5181码垛垛型",
"M5181.State.YX_Num","DB50.DBB5416",Byte,1,RO,100,,,,,,,,,,"M5181烟箱数量",
"M5181.State.YX_Type","DB50.DBB5414",Byte,1,RO,100,,,,,,,,,,"M5181烟箱类型",
"M5181.Task.Code","DB50.DINT5402",Long,1,RO,100,,,,,,,,,,"M5181托盘条码",
"M5181.Task.DestSta","DB50.DBW5410",Short,1,RO,100,,,,,,,,,,"M5181目标地址",
"M5181.Task.StartSta","DB50.DBW5408",Short,1,RO,100,,,,,,,,,,"M5181起始地址",
"M5181.Task.Task","DB50.DBW5400",Short,1,RO,100,,,,,,,,,,"M5181任务号",
"M5181.Task.TpType","DB50.DBW5406",Short,1,RO,100,,,,,,,,,,"M5181货物类型",
"M5182.Alarm.B_Fault","DB50.DBX5442.4",Boolean,1,RO,100,,,,,,,,,,"M5182后超长",
"M5182.Alarm.DriveFault","DB70.DBX362.2",Boolean,1,RO,100,,,,,,,,,,"M5182驱动器故障",
"M5182.Alarm.EstopFault","DB70.DBX363.3",Boolean,1,RO,100,,,,,,,,,,"M5182急停故障",
"M5182.Alarm.F_Fault","DB50.DBX5442.3",Boolean,1,RO,100,,,,,,,,,,"M5182前超长",
"M5182.Alarm.H_Fault","DB50.DBX5442.2",Boolean,1,RO,100,,,,,,,,,,"M5182超高",
"M5182.Alarm.L_Fault","DB50.DBX5442.5",Boolean,1,RO,100,,,,,,,,,,"M5182左超宽",
"M5182.Alarm.LS_Fault","DB70.DBX363.2",Boolean,1,RO,100,,,,,,,,,,"M5182限位故障",
"M5182.Alarm.NoRead","DB50.DBX5443.1",Boolean,1,RO,100,,,,,,,,,,"M5182条码未读出",
"M5182.Alarm.OutSideFault","DB70.DBX363.1",Boolean,1,RO,100,,,,,,,,,,"M5182货物超边故障",
"M5182.Alarm.PH_Fault","DB70.DBX362.6",Boolean,1,RO,100,,,,,,,,,,"M5182光电管异常",
"M5182.Alarm.QF_Fault","DB70.DBX362.4",Boolean,1,RO,100,,,,,,,,,,"M5182空开故障",
"M5182.Alarm.QS_Fault","DB70.DBX362.5",Boolean,1,RO,100,,,,,,,,,,"M5182隔离开关故障",
"M5182.Alarm.R_Fault","DB50.DBX5442.6",Boolean,1,RO,100,,,,,,,,,,"M5182右超宽",
"M5182.Alarm.RFID_ReadFault","DB50.DBX5443.3",Boolean,1,RO,100,,,,,,,,,,"M5182RFID读取错误",
"M5182.Alarm.RFID_WriteFault","DB50.DBX5443.2",Boolean,1,RO,100,,,,,,,,,,"M5182RFID写入错误",
"M5182.Alarm.TimeOutFault","DB70.DBX362.3",Boolean,1,RO,100,,,,,,,,,,"M5182超时故障",
"M5182.Alarm.TM_JY_Fault","DB50.DBX5443.0",Boolean,1,RO,100,,,,,,,,,,"M5182条码校验故障",
"M5182.Alarm.TotalFault","DB70.DBX362.1",Boolean,1,RO,100,,,,,,,,,,"M5182总故障",
"M5182.Alarm.WX_Fault","DB50.DBX5442.1",Boolean,1,RO,100,,,,,,,,,,"M5182外形故障",
"M5182.Alarm.WX_TM_Fault","DB50.DBX5442.0",Boolean,1,RO,100,,,,,,,,,,"M5182外形条码总故障",
"M5182.State.Allow","DB50.DBB5449",Byte,1,RO,100,,,,,,,,,,"M5182允许拆盘",
"M5182.State.ForwardRun","DB70.DBX363.6",Boolean,1,RO,100,,,,,,,,,,"M5182正转运行",
"M5182.State.Get_Num","DB50.DBB5448",Byte,1,RO,100,,,,,,,,,,"M5182已取数量",
"M5182.State.KA5182_1","Q54.0",Boolean,1,RO,100,,,,,,,,,,"5182上升",
"M5182.State.KA5182_2","Q54.2",Boolean,1,RO,100,,,,,,,,,,"5182下降",
"M5182.State.LastOne","DB50.DBX5443.4",Boolean,1,RO,100,,,,,,,,,,"M5182强制推盘",
"M5182.State.Load","DB70.DBX363.5",Boolean,1,RO,100,,,,,,,,,,"M5182负载",
"M5182.State.MD_State1","DB50.DINT5450",Long,1,RO,100,,,,,,,,,,"M5182码垛状态1",
"M5182.State.MD_State2","DB50.DBB5454",Byte,1,RO,100,,,,,,,,,,"M5182码垛状态2",
"M5182.State.MS5182_1","I98.6",Boolean,1,RO,100,,,,,,,,,,"5182气档高位",
"M5182.State.MS5182_2","I98.1",Boolean,1,RO,100,,,,,,,,,,"5182气档低位",
"M5182.State.Need_Num","DB50.DBB5447",Byte,1,RO,100,,,,,,,,,,"M5182要取数量",
"M5182.State.PH1","I98.2",Boolean,1,RO,100,,,,,,,,,,"5182减速光电",
"M5182.State.PH2","I98.4",Boolean,1,RO,100,,,,,,,,,,"5182到位光电",
"M5182.State.ReversalRun","DB70.DBX363.7",Boolean,1,RO,100,,,,,,,,,,"M5182反转运行",
"M5182.State.Runing","DB70.DBX362.0",Boolean,1,RO,100,,,,,,,,,,"M5182设备运行标志",
"M5182.State.SelectPlace","DB70.DBX362.7",Boolean,1,RO,100,,,,,,,,,,"M5182选中位",
"M5182.State.YX_DX","DB50.DBB5445",Byte,1,RO,100,,,,,,,,,,"M5182码垛垛型",
"M5182.State.YX_Num","DB50.DBB5446",Byte,1,RO,100,,,,,,,,,,"M5182烟箱数量",
"M5182.State.YX_Type","DB50.DBB5444",Byte,1,RO,100,,,,,,,,,,"M5182烟箱类型",
"M5182.Task.Code","DB50.DINT5432",Long,1,RO,100,,,,,,,,,,"M5182托盘条码",
"M5182.Task.DestSta","DB50.DBW5440",Short,1,RO,100,,,,,,,,,,"M5182目标地址",
"M5182.Task.StartSta","DB50.DBW5438",Short,1,RO,100,,,,,,,,,,"M5182起始地址",
"M5182.Task.Task","DB50.DBW5430",Short,1,RO,100,,,,,,,,,,"M5182任务号",
"M5182.Task.TpType","DB50.DBW5436",Short,1,RO,100,,,,,,,,,,"M5182货物类型",
"M5183.Alarm.B_Fault","DB50.DBX5472.4",Boolean,1,RO,100,,,,,,,,,,"M5183后超长",
"M5183.Alarm.DriveFault","DB70.DBX364.2",Boolean,1,RO,100,,,,,,,,,,"M5183驱动器故障",
"M5183.Alarm.EstopFault","DB70.DBX365.3",Boolean,1,RO,100,,,,,,,,,,"M5183急停故障",
"M5183.Alarm.F_Fault","DB50.DBX5472.3",Boolean,1,RO,100,,,,,,,,,,"M5183前超长",
"M5183.Alarm.H_Fault","DB50.DBX5472.2",Boolean,1,RO,100,,,,,,,,,,"M5183超高",
"M5183.Alarm.L_Fault","DB50.DBX5472.5",Boolean,1,RO,100,,,,,,,,,,"M5183左超宽",
"M5183.Alarm.LS_Fault","DB70.DBX365.2",Boolean,1,RO,100,,,,,,,,,,"M5183限位故障",
"M5183.Alarm.NoRead","DB50.DBX5473.1",Boolean,1,RO,100,,,,,,,,,,"M5183条码未读出",
"M5183.Alarm.OutSideFault","DB70.DBX365.1",Boolean,1,RO,100,,,,,,,,,,"M5183货物超边故障",
"M5183.Alarm.PH_Fault","DB70.DBX364.6",Boolean,1,RO,100,,,,,,,,,,"M5183光电管异常",
"M5183.Alarm.QF_Fault","DB70.DBX364.4",Boolean,1,RO,100,,,,,,,,,,"M5183空开故障",
"M5183.Alarm.QS_Fault","DB70.DBX364.5",Boolean,1,RO,100,,,,,,,,,,"M5183隔离开关故障",
"M5183.Alarm.R_Fault","DB50.DBX5472.6",Boolean,1,RO,100,,,,,,,,,,"M5183右超宽",
"M5183.Alarm.RFID_ReadFault","DB50.DBX5473.3",Boolean,1,RO,100,,,,,,,,,,"M5183RFID读取错误",
"M5183.Alarm.RFID_WriteFault","DB50.DBX5473.2",Boolean,1,RO,100,,,,,,,,,,"M5183RFID写入错误",
"M5183.Alarm.TimeOutFault","DB70.DBX364.3",Boolean,1,RO,100,,,,,,,,,,"M5183超时故障",
"M5183.Alarm.TM_JY_Fault","DB50.DBX5473.0",Boolean,1,RO,100,,,,,,,,,,"M5183条码校验故障",
"M5183.Alarm.TotalFault","DB70.DBX364.1",Boolean,1,RO,100,,,,,,,,,,"M5183总故障",
"M5183.Alarm.WX_Fault","DB50.DBX5472.1",Boolean,1,RO,100,,,,,,,,,,"M5183外形故障",
"M5183.Alarm.WX_TM_Fault","DB50.DBX5472.0",Boolean,1,RO,100,,,,,,,,,,"M5183外形条码总故障",
"M5183.State.Allow","DB50.DBB5479",Byte,1,RO,100,,,,,,,,,,"M5183允许拆盘",
"M5183.State.ForwardRun","DB70.DBX365.6",Boolean,1,RO,100,,,,,,,,,,"M5183正转运行",
"M5183.State.Get_Num","DB50.DBB5478",Byte,1,RO,100,,,,,,,,,,"M5183已取数量",
"M5183.State.LastOne","DB50.DBX5473.4",Boolean,1,RO,100,,,,,,,,,,"M5183强制推盘",
"M5183.State.Load","DB70.DBX365.5",Boolean,1,RO,100,,,,,,,,,,"M5183负载",
"M5183.State.MD_State1","DB50.DINT5480",Long,1,RO,100,,,,,,,,,,"M5183码垛状态1",
"M5183.State.MD_State2","DB50.DBB5484",Byte,1,RO,100,,,,,,,,,,"M5183码垛状态2",
"M5183.State.Need_Num","DB50.DBB5477",Byte,1,RO,100,,,,,,,,,,"M5183要取数量",
"M5183.State.PH1","I96.7",Boolean,1,RO,100,,,,,,,,,,"5183到位光电1",
"M5183.State.ReversalRun","DB70.DBX365.7",Boolean,1,RO,100,,,,,,,,,,"M5183反转运行",
"M5183.State.Runing","DB70.DBX364.0",Boolean,1,RO,100,,,,,,,,,,"M5183设备运行标志",
"M5183.State.SelectPlace","DB70.DBX364.7",Boolean,1,RO,100,,,,,,,,,,"M5183选中位",
"M5183.State.YX_DX","DB50.DBB5475",Byte,1,RO,100,,,,,,,,,,"M5183码垛垛型",
"M5183.State.YX_Num","DB50.DBB5476",Byte,1,RO,100,,,,,,,,,,"M5183烟箱数量",
"M5183.State.YX_Type","DB50.DBB5474",Byte,1,RO,100,,,,,,,,,,"M5183烟箱类型",
"M5183.Task.Code","DB50.DINT5462",Long,1,RO,100,,,,,,,,,,"M5183托盘条码",
"M5183.Task.DestSta","DB50.DBW5470",Short,1,RO,100,,,,,,,,,,"M5183目标地址",
"M5183.Task.StartSta","DB50.DBW5468",Short,1,RO,100,,,,,,,,,,"M5183起始地址",
"M5183.Task.Task","DB50.DBW5460",Short,1,RO,100,,,,,,,,,,"M5183任务号",
"M5183.Task.TpType","DB50.DBW5466",Short,1,RO,100,,,,,,,,,,"M5183货物类型",
"M5184.Alarm.B_Fault","DB50.DBX5502.4",Boolean,1,RO,100,,,,,,,,,,"M5184后超长",
"M5184.Alarm.DriveFault","DB70.DBX366.2",Boolean,1,RO,100,,,,,,,,,,"M5184驱动器故障",
"M5184.Alarm.EstopFault","DB70.DBX367.3",Boolean,1,RO,100,,,,,,,,,,"M5184急停故障",
"M5184.Alarm.F_Fault","DB50.DBX5502.3",Boolean,1,RO,100,,,,,,,,,,"M5184前超长",
"M5184.Alarm.H_Fault","DB50.DBX5502.2",Boolean,1,RO,100,,,,,,,,,,"M5184超高",
"M5184.Alarm.L_Fault","DB50.DBX5502.5",Boolean,1,RO,100,,,,,,,,,,"M5184左超宽",
"M5184.Alarm.LS_Fault","DB70.DBX367.2",Boolean,1,RO,100,,,,,,,,,,"M5184限位故障",
"M5184.Alarm.NoRead","DB50.DBX5503.1",Boolean,1,RO,100,,,,,,,,,,"M5184条码未读出",
"M5184.Alarm.OutSideFault","DB70.DBX367.1",Boolean,1,RO,100,,,,,,,,,,"M5184货物超边故障",
"M5184.Alarm.PH_Fault","DB70.DBX366.6",Boolean,1,RO,100,,,,,,,,,,"M5184光电管异常",
"M5184.Alarm.QF_Fault","DB70.DBX366.4",Boolean,1,RO,100,,,,,,,,,,"M5184空开故障",
"M5184.Alarm.QS_Fault","DB70.DBX366.5",Boolean,1,RO,100,,,,,,,,,,"M5184隔离开关故障",
"M5184.Alarm.R_Fault","DB50.DBX5502.6",Boolean,1,RO,100,,,,,,,,,,"M5184右超宽",
"M5184.Alarm.RFID_ReadFault","DB50.DBX5503.3",Boolean,1,RO,100,,,,,,,,,,"M5184RFID读取错误",
"M5184.Alarm.RFID_WriteFault","DB50.DBX5503.2",Boolean,1,RO,100,,,,,,,,,,"M5184RFID写入错误",
"M5184.Alarm.TimeOutFault","DB70.DBX366.3",Boolean,1,RO,100,,,,,,,,,,"M5184超时故障",
"M5184.Alarm.TM_JY_Fault","DB50.DBX5503.0",Boolean,1,RO,100,,,,,,,,,,"M5184条码校验故障",
"M5184.Alarm.TotalFault","DB70.DBX366.1",Boolean,1,RO,100,,,,,,,,,,"M5184总故障",
"M5184.Alarm.WX_Fault","DB50.DBX5502.1",Boolean,1,RO,100,,,,,,,,,,"M5184外形故障",
"M5184.Alarm.WX_TM_Fault","DB50.DBX5502.0",Boolean,1,RO,100,,,,,,,,,,"M5184外形条码总故障",
"M5184.State.Allow","DB50.DBB5509",Byte,1,RO,100,,,,,,,,,,"M5184允许拆盘",
"M5184.State.ForwardRun","DB70.DBX367.6",Boolean,1,RO,100,,,,,,,,,,"M5184正转运行",
"M5184.State.Get_Num","DB50.DBB5508",Byte,1,RO,100,,,,,,,,,,"M5184已取数量",
"M5184.State.LastOne","DB50.DBX5503.4",Boolean,1,RO,100,,,,,,,,,,"M5184强制推盘",
"M5184.State.Load","DB70.DBX367.5",Boolean,1,RO,100,,,,,,,,,,"M5184负载",
"M5184.State.M5184_2_RF","Q240.0",Boolean,1,RO,100,,,,,,,,,,"5184上升",
"M5184.State.MD_State1","DB50.DINT5510",Long,1,RO,100,,,,,,,,,,"M5184码垛状态1",
"M5184.State.MD_State2","DB50.DBB5514",Byte,1,RO,100,,,,,,,,,,"M5184码垛状态2",
"M5184.State.Need_Num","DB50.DBB5507",Byte,1,RO,100,,,,,,,,,,"M5184要取数量",
"M5184.State.PR5184_1","I98.7",Boolean,1,RO,100,,,,,,,,,,"5184高位",
"M5184.State.PR5184_2","I99.0",Boolean,1,RO,100,,,,,,,,,,"5184低位",
"M5184.State.ReversalRun","DB70.DBX367.7",Boolean,1,RO,100,,,,,,,,,,"M5184反转运行",
"M5184.State.Runing","DB70.DBX366.0",Boolean,1,RO,100,,,,,,,,,,"M5184设备运行标志",
"M5184.State.SelectPlace","DB70.DBX366.7",Boolean,1,RO,100,,,,,,,,,,"M5184选中位",
"M5184.State.YX_DX","DB50.DBB5505",Byte,1,RO,100,,,,,,,,,,"M5184码垛垛型",
"M5184.State.YX_Num","DB50.DBB5506",Byte,1,RO,100,,,,,,,,,,"M5184烟箱数量",
"M5184.State.YX_Type","DB50.DBB5504",Byte,1,RO,100,,,,,,,,,,"M5184烟箱类型",
"M5184.Task.Code","DB50.DINT5492",Long,1,RO,100,,,,,,,,,,"M5184托盘条码",
"M5184.Task.DestSta","DB50.DBW5500",Short,1,RO,100,,,,,,,,,,"M5184目标地址",
"M5184.Task.StartSta","DB50.DBW5498",Short,1,RO,100,,,,,,,,,,"M5184起始地址",
"M5184.Task.Task","DB50.DBW5490",Short,1,RO,100,,,,,,,,,,"M5184任务号",
"M5184.Task.TpType","DB50.DBW5496",Short,1,RO,100,,,,,,,,,,"M5184货物类型",
"M5185.Alarm.B_Fault","DB50.DBX5532.4",Boolean,1,RO,100,,,,,,,,,,"M5185后超长",
"M5185.Alarm.DriveFault","DB70.DBX368.2",Boolean,1,RO,100,,,,,,,,,,"M5185驱动器故障",
"M5185.Alarm.EstopFault","DB70.DBX369.3",Boolean,1,RO,100,,,,,,,,,,"M5185急停故障",
"M5185.Alarm.F_Fault","DB50.DBX5532.3",Boolean,1,RO,100,,,,,,,,,,"M5185前超长",
"M5185.Alarm.H_Fault","DB50.DBX5532.2",Boolean,1,RO,100,,,,,,,,,,"M5185超高",
"M5185.Alarm.L_Fault","DB50.DBX5532.5",Boolean,1,RO,100,,,,,,,,,,"M5185左超宽",
"M5185.Alarm.LS_Fault","DB70.DBX369.2",Boolean,1,RO,100,,,,,,,,,,"M5185限位故障",
"M5185.Alarm.NoRead","DB50.DBX5533.1",Boolean,1,RO,100,,,,,,,,,,"M5185条码未读出",
"M5185.Alarm.OutSideFault","DB70.DBX369.1",Boolean,1,RO,100,,,,,,,,,,"M5185货物超边故障",
"M5185.Alarm.PH_Fault","DB70.DBX368.6",Boolean,1,RO,100,,,,,,,,,,"M5185光电管异常",
"M5185.Alarm.QF_Fault","DB70.DBX368.4",Boolean,1,RO,100,,,,,,,,,,"M5185空开故障",
"M5185.Alarm.QS_Fault","DB70.DBX368.5",Boolean,1,RO,100,,,,,,,,,,"M5185隔离开关故障",
"M5185.Alarm.R_Fault","DB50.DBX5532.6",Boolean,1,RO,100,,,,,,,,,,"M5185右超宽",
"M5185.Alarm.RFID_ReadFault","DB50.DBX5533.3",Boolean,1,RO,100,,,,,,,,,,"M5185RFID读取错误",
"M5185.Alarm.RFID_WriteFault","DB50.DBX5533.2",Boolean,1,RO,100,,,,,,,,,,"M5185RFID写入错误",
"M5185.Alarm.TimeOutFault","DB70.DBX368.3",Boolean,1,RO,100,,,,,,,,,,"M5185超时故障",
"M5185.Alarm.TM_JY_Fault","DB50.DBX5533.0",Boolean,1,RO,100,,,,,,,,,,"M5185条码校验故障",
"M5185.Alarm.TotalFault","DB70.DBX368.1",Boolean,1,RO,100,,,,,,,,,,"M5185总故障",
"M5185.Alarm.WX_Fault","DB50.DBX5532.1",Boolean,1,RO,100,,,,,,,,,,"M5185外形故障",
"M5185.Alarm.WX_TM_Fault","DB50.DBX5532.0",Boolean,1,RO,100,,,,,,,,,,"M5185外形条码总故障",
"M5185.State.Allow","DB50.DBB5539",Byte,1,RO,100,,,,,,,,,,"M5185允许拆盘",
"M5185.State.ForwardRun","DB70.DBX369.6",Boolean,1,RO,100,,,,,,,,,,"M5185正转运行",
"M5185.State.Get_Num","DB50.DBB5538",Byte,1,RO,100,,,,,,,,,,"M5185已取数量",
"M5185.State.LastOne","DB50.DBX5533.4",Boolean,1,RO,100,,,,,,,,,,"M5185强制推盘",
"M5185.State.Load","DB70.DBX369.5",Boolean,1,RO,100,,,,,,,,,,"M5185负载",
"M5185.State.MD_State1","DB50.DINT5540",Long,1,RO,100,,,,,,,,,,"M5185码垛状态1",
"M5185.State.MD_State2","DB50.DBB5544",Byte,1,RO,100,,,,,,,,,,"M5185码垛状态2",
"M5185.State.Need_Num","DB50.DBB5537",Byte,1,RO,100,,,,,,,,,,"M5185要取数量",
"M5185.State.PH1","I112.2",Boolean,1,RO,100,,,,,,,,,,"5185到位光电",
"M5185.State.ReversalRun","DB70.DBX369.7",Boolean,1,RO,100,,,,,,,,,,"M5185反转运行",
"M5185.State.Runing","DB70.DBX368.0",Boolean,1,RO,100,,,,,,,,,,"M5185设备运行标志",
"M5185.State.SelectPlace","DB70.DBX368.7",Boolean,1,RO,100,,,,,,,,,,"M5185选中位",
"M5185.State.YX_DX","DB50.DBB5535",Byte,1,RO,100,,,,,,,,,,"M5185码垛垛型",
"M5185.State.YX_Num","DB50.DBB5536",Byte,1,RO,100,,,,,,,,,,"M5185烟箱数量",
"M5185.State.YX_Type","DB50.DBB5534",Byte,1,RO,100,,,,,,,,,,"M5185烟箱类型",
"M5185.Task.Code","DB50.DINT5522",Long,1,RO,100,,,,,,,,,,"M5185托盘条码",
"M5185.Task.DestSta","DB50.DBW5530",Short,1,RO,100,,,,,,,,,,"M5185目标地址",
"M5185.Task.StartSta","DB50.DBW5528",Short,1,RO,100,,,,,,,,,,"M5185起始地址",
"M5185.Task.Task","DB50.DBW5520",Short,1,RO,100,,,,,,,,,,"M5185任务号",
"M5185.Task.TpType","DB50.DBW5526",Short,1,RO,100,,,,,,,,,,"M5185货物类型",
"M5186.Alarm.B_Fault","DB50.DBX5562.4",Boolean,1,RO,100,,,,,,,,,,"M5186后超长",
"M5186.Alarm.DriveFault","DB70.DBX370.2",Boolean,1,RO,100,,,,,,,,,,"M5186驱动器故障",
"M5186.Alarm.EstopFault","DB70.DBX371.3",Boolean,1,RO,100,,,,,,,,,,"M5186急停故障",
"M5186.Alarm.F_Fault","DB50.DBX5562.3",Boolean,1,RO,100,,,,,,,,,,"M5186前超长",
"M5186.Alarm.H_Fault","DB50.DBX5562.2",Boolean,1,RO,100,,,,,,,,,,"M5186超高",
"M5186.Alarm.L_Fault","DB50.DBX5562.5",Boolean,1,RO,100,,,,,,,,,,"M5186左超宽",
"M5186.Alarm.LS_Fault","DB70.DBX371.2",Boolean,1,RO,100,,,,,,,,,,"M5186限位故障",
"M5186.Alarm.NoRead","DB50.DBX5563.1",Boolean,1,RO,100,,,,,,,,,,"M5186条码未读出",
"M5186.Alarm.OutSideFault","DB70.DBX371.1",Boolean,1,RO,100,,,,,,,,,,"M5186货物超边故障",
"M5186.Alarm.PH_Fault","DB70.DBX370.6",Boolean,1,RO,100,,,,,,,,,,"M5186光电管异常",
"M5186.Alarm.QF_Fault","DB70.DBX370.4",Boolean,1,RO,100,,,,,,,,,,"M5186空开故障",
"M5186.Alarm.QS_Fault","DB70.DBX370.5",Boolean,1,RO,100,,,,,,,,,,"M5186隔离开关故障",
"M5186.Alarm.R_Fault","DB50.DBX5562.6",Boolean,1,RO,100,,,,,,,,,,"M5186右超宽",
"M5186.Alarm.RFID_ReadFault","DB50.DBX5563.3",Boolean,1,RO,100,,,,,,,,,,"M5186RFID读取错误",
"M5186.Alarm.RFID_WriteFault","DB50.DBX5563.2",Boolean,1,RO,100,,,,,,,,,,"M5186RFID写入错误",
"M5186.Alarm.TimeOutFault","DB70.DBX370.3",Boolean,1,RO,100,,,,,,,,,,"M5186超时故障",
"M5186.Alarm.TM_JY_Fault","DB50.DBX5563.0",Boolean,1,RO,100,,,,,,,,,,"M5186条码校验故障",
"M5186.Alarm.TotalFault","DB70.DBX370.1",Boolean,1,RO,100,,,,,,,,,,"M5186总故障",
"M5186.Alarm.WX_Fault","DB50.DBX5562.1",Boolean,1,RO,100,,,,,,,,,,"M5186外形故障",
"M5186.Alarm.WX_TM_Fault","DB50.DBX5562.0",Boolean,1,RO,100,,,,,,,,,,"M5186外形条码总故障",
"M5186.State.Allow","DB50.DBB5569",Byte,1,RO,100,,,,,,,,,,"M5186允许拆盘",
"M5186.State.ForwardRun","DB70.DBX371.6",Boolean,1,RO,100,,,,,,,,,,"M5186正转运行",
"M5186.State.Get_Num","DB50.DBB5568",Byte,1,RO,100,,,,,,,,,,"M5186已取数量",
"M5186.State.LastOne","DB50.DBX5563.4",Boolean,1,RO,100,,,,,,,,,,"M5186强制推盘",
"M5186.State.Load","DB70.DBX371.5",Boolean,1,RO,100,,,,,,,,,,"M5186负载",
"M5186.State.MD_State1","DB50.DINT5570",Long,1,RO,100,,,,,,,,,,"M5186码垛状态1",
"M5186.State.MD_State2","DB50.DBB5574",Byte,1,RO,100,,,,,,,,,,"M5186码垛状态2",
"M5186.State.Need_Num","DB50.DBB5567",Byte,1,RO,100,,,,,,,,,,"M5186要取数量",
"M5186.State.PH1","I113.2",Boolean,1,RO,100,,,,,,,,,,"5186减速光电",
"M5186.State.PH2","I113.4",Boolean,1,RO,100,,,,,,,,,,"5186到位光电",
"M5186.State.ReversalRun","DB70.DBX371.7",Boolean,1,RO,100,,,,,,,,,,"M5186反转运行",
"M5186.State.Runing","DB70.DBX370.0",Boolean,1,RO,100,,,,,,,,,,"M5186设备运行标志",
"M5186.State.SelectPlace","DB70.DBX370.7",Boolean,1,RO,100,,,,,,,,,,"M5186选中位",
"M5186.State.YX_DX","DB50.DBB5565",Byte,1,RO,100,,,,,,,,,,"M5186码垛垛型",
"M5186.State.YX_Num","DB50.DBB5566",Byte,1,RO,100,,,,,,,,,,"M5186烟箱数量",
"M5186.State.YX_Type","DB50.DBB5564",Byte,1,RO,100,,,,,,,,,,"M5186烟箱类型",
"M5186.Task.Code","DB50.DINT5552",Long,1,RO,100,,,,,,,,,,"M5186托盘条码",
"M5186.Task.DestSta","DB50.DBW5560",Short,1,RO,100,,,,,,,,,,"M5186目标地址",
"M5186.Task.StartSta","DB50.DBW5558",Short,1,RO,100,,,,,,,,,,"M5186起始地址",
"M5186.Task.Task","DB50.DBW5550",Short,1,RO,100,,,,,,,,,,"M5186任务号",
"M5186.Task.TpType","DB50.DBW5556",Short,1,RO,100,,,,,,,,,,"M5186货物类型",
"M5187.Alarm.B_Fault","DB50.DBX5592.4",Boolean,1,RO,100,,,,,,,,,,"M5187后超长",
"M5187.Alarm.DriveFault","DB70.DBX372.2",Boolean,1,RO,100,,,,,,,,,,"M5187驱动器故障",
"M5187.Alarm.EstopFault","DB70.DBX373.3",Boolean,1,RO,100,,,,,,,,,,"M5187急停故障",
"M5187.Alarm.F_Fault","DB50.DBX5592.3",Boolean,1,RO,100,,,,,,,,,,"M5187前超长",
"M5187.Alarm.H_Fault","DB50.DBX5592.2",Boolean,1,RO,100,,,,,,,,,,"M5187超高",
"M5187.Alarm.L_Fault","DB50.DBX5592.5",Boolean,1,RO,100,,,,,,,,,,"M5187左超宽",
"M5187.Alarm.LS_Fault","DB70.DBX373.2",Boolean,1,RO,100,,,,,,,,,,"M5187限位故障",
"M5187.Alarm.NoRead","DB50.DBX5593.1",Boolean,1,RO,100,,,,,,,,,,"M5187条码未读出",
"M5187.Alarm.OutSideFault","DB70.DBX373.1",Boolean,1,RO,100,,,,,,,,,,"M5187货物超边故障",
"M5187.Alarm.PH_Fault","DB70.DBX372.6",Boolean,1,RO,100,,,,,,,,,,"M5187光电管异常",
"M5187.Alarm.QF_Fault","DB70.DBX372.4",Boolean,1,RO,100,,,,,,,,,,"M5187空开故障",
"M5187.Alarm.QS_Fault","DB70.DBX372.5",Boolean,1,RO,100,,,,,,,,,,"M5187隔离开关故障",
"M5187.Alarm.R_Fault","DB50.DBX5592.6",Boolean,1,RO,100,,,,,,,,,,"M5187右超宽",
"M5187.Alarm.RFID_ReadFault","DB50.DBX5593.3",Boolean,1,RO,100,,,,,,,,,,"M5187RFID读取错误",
"M5187.Alarm.RFID_WriteFault","DB50.DBX5593.2",Boolean,1,RO,100,,,,,,,,,,"M5187RFID写入错误",
"M5187.Alarm.TimeOutFault","DB70.DBX372.3",Boolean,1,RO,100,,,,,,,,,,"M5187超时故障",
"M5187.Alarm.TM_JY_Fault","DB50.DBX5593.0",Boolean,1,RO,100,,,,,,,,,,"M5187条码校验故障",
"M5187.Alarm.TotalFault","DB70.DBX372.1",Boolean,1,RO,100,,,,,,,,,,"M5187总故障",
"M5187.Alarm.WX_Fault","DB50.DBX5592.1",Boolean,1,RO,100,,,,,,,,,,"M5187外形故障",
"M5187.Alarm.WX_TM_Fault","DB50.DBX5592.0",Boolean,1,RO,100,,,,,,,,,,"M5187外形条码总故障",
"M5187.State.Allow","DB50.DBB5599",Byte,1,RO,100,,,,,,,,,,"M5187允许拆盘",
"M5187.State.ForwardRun","DB70.DBX373.6",Boolean,1,RO,100,,,,,,,,,,"M5187正转运行",
"M5187.State.Get_Num","DB50.DBB5598",Byte,1,RO,100,,,,,,,,,,"M5187已取数量",
"M5187.State.LastOne","DB50.DBX5593.4",Boolean,1,RO,100,,,,,,,,,,"M5187强制推盘",
"M5187.State.Load","DB70.DBX373.5",Boolean,1,RO,100,,,,,,,,,,"M5187负载",
"M5187.State.MD_State1","DB50.DINT5600",Long,1,RO,100,,,,,,,,,,"M5187码垛状态1",
"M5187.State.MD_State2","DB50.DBB5604",Byte,1,RO,100,,,,,,,,,,"M5187码垛状态2",
"M5187.State.Need_Num","DB50.DBB5597",Byte,1,RO,100,,,,,,,,,,"M5187要取数量",
"M5187.State.PH1","I112.6",Boolean,1,RO,100,,,,,,,,,,"5187到位光电",
"M5187.State.ReversalRun","DB70.DBX373.7",Boolean,1,RO,100,,,,,,,,,,"M5187反转运行",
"M5187.State.Runing","DB70.DBX372.0",Boolean,1,RO,100,,,,,,,,,,"M5187设备运行标志",
"M5187.State.SelectPlace","DB70.DBX372.7",Boolean,1,RO,100,,,,,,,,,,"M5187选中位",
"M5187.State.YX_DX","DB50.DBB5595",Byte,1,RO,100,,,,,,,,,,"M5187码垛垛型",
"M5187.State.YX_Num","DB50.DBB5596",Byte,1,RO,100,,,,,,,,,,"M5187烟箱数量",
"M5187.State.YX_Type","DB50.DBB5594",Byte,1,RO,100,,,,,,,,,,"M5187烟箱类型",
"M5187.Task.Code","DB50.DINT5582",Long,1,RO,100,,,,,,,,,,"M5187托盘条码",
"M5187.Task.DestSta","DB50.DBW5590",Short,1,RO,100,,,,,,,,,,"M5187目标地址",
"M5187.Task.StartSta","DB50.DBW5588",Short,1,RO,100,,,,,,,,,,"M5187起始地址",
"M5187.Task.Task","DB50.DBW5580",Short,1,RO,100,,,,,,,,,,"M5187任务号",
"M5187.Task.TpType","DB50.DBW5586",Short,1,RO,100,,,,,,,,,,"M5187货物类型",
"M5188.Alarm.B_Fault","DB50.DBX5622.4",Boolean,1,RO,100,,,,,,,,,,"M5188后超长",
"M5188.Alarm.DriveFault","DB70.DBX374.2",Boolean,1,RO,100,,,,,,,,,,"M5188驱动器故障",
"M5188.Alarm.EstopFault","DB70.DBX375.3",Boolean,1,RO,100,,,,,,,,,,"M5188急停故障",
"M5188.Alarm.F_Fault","DB50.DBX5622.3",Boolean,1,RO,100,,,,,,,,,,"M5188前超长",
"M5188.Alarm.H_Fault","DB50.DBX5622.2",Boolean,1,RO,100,,,,,,,,,,"M5188超高",
"M5188.Alarm.L_Fault","DB50.DBX5622.5",Boolean,1,RO,100,,,,,,,,,,"M5188左超宽",
"M5188.Alarm.LS_Fault","DB70.DBX375.2",Boolean,1,RO,100,,,,,,,,,,"M5188限位故障",
"M5188.Alarm.NoRead","DB50.DBX5623.1",Boolean,1,RO,100,,,,,,,,,,"M5188条码未读出",
"M5188.Alarm.OutSideFault","DB70.DBX375.1",Boolean,1,RO,100,,,,,,,,,,"M5188货物超边故障",
"M5188.Alarm.PH_Fault","DB70.DBX374.6",Boolean,1,RO,100,,,,,,,,,,"M5188光电管异常",
"M5188.Alarm.QF_Fault","DB70.DBX374.4",Boolean,1,RO,100,,,,,,,,,,"M5188空开故障",
"M5188.Alarm.QS_Fault","DB70.DBX374.5",Boolean,1,RO,100,,,,,,,,,,"M5188隔离开关故障",
"M5188.Alarm.R_Fault","DB50.DBX5622.6",Boolean,1,RO,100,,,,,,,,,,"M5188右超宽",
"M5188.Alarm.RFID_ReadFault","DB50.DBX5623.3",Boolean,1,RO,100,,,,,,,,,,"M5188RFID读取错误",
"M5188.Alarm.RFID_WriteFault","DB50.DBX5623.2",Boolean,1,RO,100,,,,,,,,,,"M5188RFID写入错误",
"M5188.Alarm.TimeOutFault","DB70.DBX374.3",Boolean,1,RO,100,,,,,,,,,,"M5188超时故障",
"M5188.Alarm.TM_JY_Fault","DB50.DBX5623.0",Boolean,1,RO,100,,,,,,,,,,"M5188条码校验故障",
"M5188.Alarm.TotalFault","DB70.DBX374.1",Boolean,1,RO,100,,,,,,,,,,"M5188总故障",
"M5188.Alarm.WX_Fault","DB50.DBX5622.1",Boolean,1,RO,100,,,,,,,,,,"M5188外形故障",
"M5188.Alarm.WX_TM_Fault","DB50.DBX5622.0",Boolean,1,RO,100,,,,,,,,,,"M5188外形条码总故障",
"M5188.State.Allow","DB50.DBB5629",Byte,1,RO,100,,,,,,,,,,"M5188允许拆盘",
"M5188.State.ForwardRun","DB70.DBX375.6",Boolean,1,RO,100,,,,,,,,,,"M5188正转运行",
"M5188.State.Get_Num","DB50.DBB5628",Byte,1,RO,100,,,,,,,,,,"M5188已取数量",
"M5188.State.LastOne","DB50.DBX5623.4",Boolean,1,RO,100,,,,,,,,,,"M5188强制推盘",
"M5188.State.Load","DB70.DBX375.5",Boolean,1,RO,100,,,,,,,,,,"M5188负载",
"M5188.State.MD_State1","DB50.DINT5630",Long,1,RO,100,,,,,,,,,,"M5188码垛状态1",
"M5188.State.MD_State2","DB50.DBB5634",Byte,1,RO,100,,,,,,,,,,"M5188码垛状态2",
"M5188.State.Need_Num","DB50.DBB5627",Byte,1,RO,100,,,,,,,,,,"M5188要取数量",
"M5188.State.PH1","I113.5",Boolean,1,RO,100,,,,,,,,,,"5188到位光电1",
"M5188.State.PH2","I113.7",Boolean,1,RO,100,,,,,,,,,,"5188到位光电2",
"M5188.State.PH3","I127.7",Boolean,1,RO,100,,,,,,,,,,"5188到位光电3",
"M5188.State.ReversalRun","DB70.DBX375.7",Boolean,1,RO,100,,,,,,,,,,"M5188反转运行",
"M5188.State.Runing","DB70.DBX374.0",Boolean,1,RO,100,,,,,,,,,,"M5188设备运行标志",
"M5188.State.SelectPlace","DB70.DBX374.7",Boolean,1,RO,100,,,,,,,,,,"M5188选中位",
"M5188.State.YX_DX","DB50.DBB5625",Byte,1,RO,100,,,,,,,,,,"M5188码垛垛型",
"M5188.State.YX_Num","DB50.DBB5626",Byte,1,RO,100,,,,,,,,,,"M5188烟箱数量",
"M5188.State.YX_Type","DB50.DBB5624",Byte,1,RO,100,,,,,,,,,,"M5188烟箱类型",
"M5188.Task.Code","DB50.DINT5612",Long,1,RO,100,,,,,,,,,,"M5188托盘条码",
"M5188.Task.DestSta","DB50.DBW5620",Short,1,RO,100,,,,,,,,,,"M5188目标地址",
"M5188.Task.StartSta","DB50.DBW5618",Short,1,RO,100,,,,,,,,,,"M5188起始地址",
"M5188.Task.Task","DB50.DBW5610",Short,1,RO,100,,,,,,,,,,"M5188任务号",
"M5188.Task.TpType","DB50.DBW5616",Short,1,RO,100,,,,,,,,,,"M5188货物类型",
"M5189.Alarm.B_Fault","DB50.DBX5652.4",Boolean,1,RO,100,,,,,,,,,,"M5189后超长",
"M5189.Alarm.DriveFault","DB70.DBX376.2",Boolean,1,RO,100,,,,,,,,,,"M5189驱动器故障",
"M5189.Alarm.EstopFault","DB70.DBX377.3",Boolean,1,RO,100,,,,,,,,,,"M5189急停故障",
"M5189.Alarm.F_Fault","DB50.DBX5652.3",Boolean,1,RO,100,,,,,,,,,,"M5189前超长",
"M5189.Alarm.H_Fault","DB50.DBX5652.2",Boolean,1,RO,100,,,,,,,,,,"M5189超高",
"M5189.Alarm.L_Fault","DB50.DBX5652.5",Boolean,1,RO,100,,,,,,,,,,"M5189左超宽",
"M5189.Alarm.LS_Fault","DB70.DBX377.2",Boolean,1,RO,100,,,,,,,,,,"M5189限位故障",
"M5189.Alarm.NoRead","DB50.DBX5653.1",Boolean,1,RO,100,,,,,,,,,,"M5189条码未读出",
"M5189.Alarm.OutSideFault","DB70.DBX377.1",Boolean,1,RO,100,,,,,,,,,,"M5189货物超边故障",
"M5189.Alarm.PH_Fault","DB70.DBX376.6",Boolean,1,RO,100,,,,,,,,,,"M5189光电管异常",
"M5189.Alarm.QF_Fault","DB70.DBX376.4",Boolean,1,RO,100,,,,,,,,,,"M5189空开故障",
"M5189.Alarm.QS_Fault","DB70.DBX376.5",Boolean,1,RO,100,,,,,,,,,,"M5189隔离开关故障",
"M5189.Alarm.R_Fault","DB50.DBX5652.6",Boolean,1,RO,100,,,,,,,,,,"M5189右超宽",
"M5189.Alarm.RFID_ReadFault","DB50.DBX5653.3",Boolean,1,RO,100,,,,,,,,,,"M5189RFID读取错误",
"M5189.Alarm.RFID_WriteFault","DB50.DBX5653.2",Boolean,1,RO,100,,,,,,,,,,"M5189RFID写入错误",
"M5189.Alarm.TimeOutFault","DB70.DBX376.3",Boolean,1,RO,100,,,,,,,,,,"M5189超时故障",
"M5189.Alarm.TM_JY_Fault","DB50.DBX5653.0",Boolean,1,RO,100,,,,,,,,,,"M5189条码校验故障",
"M5189.Alarm.TotalFault","DB70.DBX376.1",Boolean,1,RO,100,,,,,,,,,,"M5189总故障",
"M5189.Alarm.WX_Fault","DB50.DBX5652.1",Boolean,1,RO,100,,,,,,,,,,"M5189外形故障",
"M5189.Alarm.WX_TM_Fault","DB50.DBX5652.0",Boolean,1,RO,100,,,,,,,,,,"M5189外形条码总故障",
"M5189.State.Allow","DB50.DBB5659",Byte,1,RO,100,,,,,,,,,,"M5189允许拆盘",
"M5189.State.ForwardRun","DB70.DBX377.6",Boolean,1,RO,100,,,,,,,,,,"M5189正转运行",
"M5189.State.Get_Num","DB50.DBB5658",Byte,1,RO,100,,,,,,,,,,"M5189已取数量",
"M5189.State.LastOne","DB50.DBX5653.4",Boolean,1,RO,100,,,,,,,,,,"M5189强制推盘",
"M5189.State.Load","DB70.DBX377.5",Boolean,1,RO,100,,,,,,,,,,"M5189负载",
"M5189.State.M5189_2_RF","Q250.0",Boolean,1,RO,100,,,,,,,,,,"5189.2上升",
"M5189.State.MD_State1","DB50.DINT5660",Long,1,RO,100,,,,,,,,,,"M5189码垛状态1",
"M5189.State.MD_State2","DB50.DBB5664",Byte,1,RO,100,,,,,,,,,,"M5189码垛状态2",
"M5189.State.Need_Num","DB50.DBB5657",Byte,1,RO,100,,,,,,,,,,"M5189要取数量",
"M5189.State.PR5189_1","I112.5",Boolean,1,RO,100,,,,,,,,,,"5189高位",
"M5189.State.PR5189_2","I112.7",Boolean,1,RO,100,,,,,,,,,,"5189低位",
"M5189.State.ReversalRun","DB70.DBX377.7",Boolean,1,RO,100,,,,,,,,,,"M5189反转运行",
"M5189.State.Runing","DB70.DBX376.0",Boolean,1,RO,100,,,,,,,,,,"M5189设备运行标志",
"M5189.State.SelectPlace","DB70.DBX376.7",Boolean,1,RO,100,,,,,,,,,,"M5189选中位",
"M5189.State.YX_DX","DB50.DBB5655",Byte,1,RO,100,,,,,,,,,,"M5189码垛垛型",
"M5189.State.YX_Num","DB50.DBB5656",Byte,1,RO,100,,,,,,,,,,"M5189烟箱数量",
"M5189.State.YX_Type","DB50.DBB5654",Byte,1,RO,100,,,,,,,,,,"M5189烟箱类型",
"M5189.Task.Code","DB50.DINT5642",Long,1,RO,100,,,,,,,,,,"M5189托盘条码",
"M5189.Task.DestSta","DB50.DBW5650",Short,1,RO,100,,,,,,,,,,"M5189目标地址",
"M5189.Task.StartSta","DB50.DBW5648",Short,1,RO,100,,,,,,,,,,"M5189起始地址",
"M5189.Task.Task","DB50.DBW5640",Short,1,RO,100,,,,,,,,,,"M5189任务号",
"M5189.Task.TpType","DB50.DBW5646",Short,1,RO,100,,,,,,,,,,"M5189货物类型",
"M5190.Alarm.B_Fault","DB50.DBX5682.4",Boolean,1,RO,100,,,,,,,,,,"M5190后超长",
"M5190.Alarm.DriveFault","DB70.DBX378.2",Boolean,1,RO,100,,,,,,,,,,"M5190驱动器故障",
"M5190.Alarm.EstopFault","DB70.DBX379.3",Boolean,1,RO,100,,,,,,,,,,"M5190急停故障",
"M5190.Alarm.F_Fault","DB50.DBX5682.3",Boolean,1,RO,100,,,,,,,,,,"M5190前超长",
"M5190.Alarm.H_Fault","DB50.DBX5682.2",Boolean,1,RO,100,,,,,,,,,,"M5190超高",
"M5190.Alarm.L_Fault","DB50.DBX5682.5",Boolean,1,RO,100,,,,,,,,,,"M5190左超宽",
"M5190.Alarm.LS_Fault","DB70.DBX379.2",Boolean,1,RO,100,,,,,,,,,,"M5190限位故障",
"M5190.Alarm.NoRead","DB50.DBX5683.1",Boolean,1,RO,100,,,,,,,,,,"M5190条码未读出",
"M5190.Alarm.OutSideFault","DB70.DBX379.1",Boolean,1,RO,100,,,,,,,,,,"M5190货物超边故障",
"M5190.Alarm.PH_Fault","DB70.DBX378.6",Boolean,1,RO,100,,,,,,,,,,"M5190光电管异常",
"M5190.Alarm.QF_Fault","DB70.DBX378.4",Boolean,1,RO,100,,,,,,,,,,"M5190空开故障",
"M5190.Alarm.QS_Fault","DB70.DBX378.5",Boolean,1,RO,100,,,,,,,,,,"M5190隔离开关故障",
"M5190.Alarm.R_Fault","DB50.DBX5682.6",Boolean,1,RO,100,,,,,,,,,,"M5190右超宽",
"M5190.Alarm.RFID_ReadFault","DB50.DBX5683.3",Boolean,1,RO,100,,,,,,,,,,"M5190RFID读取错误",
"M5190.Alarm.RFID_WriteFault","DB50.DBX5683.2",Boolean,1,RO,100,,,,,,,,,,"M5190RFID写入错误",
"M5190.Alarm.TimeOutFault","DB70.DBX378.3",Boolean,1,RO,100,,,,,,,,,,"M5190超时故障",
"M5190.Alarm.TM_JY_Fault","DB50.DBX5683.0",Boolean,1,RO,100,,,,,,,,,,"M5190条码校验故障",
"M5190.Alarm.TotalFault","DB70.DBX378.1",Boolean,1,RO,100,,,,,,,,,,"M5190总故障",
"M5190.Alarm.WX_Fault","DB50.DBX5682.1",Boolean,1,RO,100,,,,,,,,,,"M5190外形故障",
"M5190.Alarm.WX_TM_Fault","DB50.DBX5682.0",Boolean,1,RO,100,,,,,,,,,,"M5190外形条码总故障",
"M5190.State.Allow","DB50.DBB5689",Byte,1,RO,100,,,,,,,,,,"M5190允许拆盘",
"M5190.State.ForwardRun","DB70.DBX379.6",Boolean,1,RO,100,,,,,,,,,,"M5190正转运行",
"M5190.State.Get_Num","DB50.DBB5688",Byte,1,RO,100,,,,,,,,,,"M5190已取数量",
"M5190.State.KA5190-DOWN","Q67.6",Boolean,1,RO,100,,,,,,,,,,"5190下降",
"M5190.State.KA5190-UP","Q67.4",Boolean,1,RO,100,,,,,,,,,,"5190上升",
"M5190.State.LastOne","DB50.DBX5683.4",Boolean,1,RO,100,,,,,,,,,,"M5190强制推盘",
"M5190.State.Load","DB70.DBX379.5",Boolean,1,RO,100,,,,,,,,,,"M5190负载",
"M5190.State.MD_State1","DB50.DINT5690",Long,1,RO,100,,,,,,,,,,"M5190码垛状态1",
"M5190.State.MD_State2","DB50.DBB5694",Byte,1,RO,100,,,,,,,,,,"M5190码垛状态2",
"M5190.State.MS5190_1","I114.6",Boolean,1,RO,100,,,,,,,,,,"5190气缸高位",
"M5190.State.MS5190_2","I114.1",Boolean,1,RO,100,,,,,,,,,,"5190气缸低位",
"M5190.State.Need_Num","DB50.DBB5687",Byte,1,RO,100,,,,,,,,,,"M5190要取数量",
"M5190.State.PH1","I114.2",Boolean,1,RO,100,,,,,,,,,,"5190减速光电",
"M5190.State.PH2","I114.4",Boolean,1,RO,100,,,,,,,,,,"5190到位光电",
"M5190.State.ReversalRun","DB70.DBX379.7",Boolean,1,RO,100,,,,,,,,,,"M5190反转运行",
"M5190.State.Runing","DB70.DBX378.0",Boolean,1,RO,100,,,,,,,,,,"M5190设备运行标志",
"M5190.State.SelectPlace","DB70.DBX378.7",Boolean,1,RO,100,,,,,,,,,,"M5190选中位",
"M5190.State.YX_DX","DB50.DBB5685",Byte,1,RO,100,,,,,,,,,,"M5190码垛垛型",
"M5190.State.YX_Num","DB50.DBB5686",Byte,1,RO,100,,,,,,,,,,"M5190烟箱数量",
"M5190.State.YX_Type","DB50.DBB5684",Byte,1,RO,100,,,,,,,,,,"M5190烟箱类型",
"M5190.Task.Code","DB50.DINT5672",Long,1,RO,100,,,,,,,,,,"M5190托盘条码",
"M5190.Task.DestSta","DB50.DBW5680",Short,1,RO,100,,,,,,,,,,"M5190目标地址",
"M5190.Task.StartSta","DB50.DBW5678",Short,1,RO,100,,,,,,,,,,"M5190起始地址",
"M5190.Task.Task","DB50.DBW5670",Short,1,RO,100,,,,,,,,,,"M5190任务号",
"M5190.Task.TpType","DB50.DBW5676",Short,1,RO,100,,,,,,,,,,"M5190货物类型",
"M5191.Alarm.B_Fault","DB50.DBX5712.4",Boolean,1,RO,100,,,,,,,,,,"M5191后超长",
"M5191.Alarm.DriveFault","DB70.DBX380.2",Boolean,1,RO,100,,,,,,,,,,"M5191驱动器故障",
"M5191.Alarm.EstopFault","DB70.DBX381.3",Boolean,1,RO,100,,,,,,,,,,"M5191急停故障",
"M5191.Alarm.F_Fault","DB50.DBX5712.3",Boolean,1,RO,100,,,,,,,,,,"M5191前超长",
"M5191.Alarm.H_Fault","DB50.DBX5712.2",Boolean,1,RO,100,,,,,,,,,,"M5191超高",
"M5191.Alarm.L_Fault","DB50.DBX5712.5",Boolean,1,RO,100,,,,,,,,,,"M5191左超宽",
"M5191.Alarm.LS_Fault","DB70.DBX381.2",Boolean,1,RO,100,,,,,,,,,,"M5191限位故障",
"M5191.Alarm.NoRead","DB50.DBX5713.1",Boolean,1,RO,100,,,,,,,,,,"M5191条码未读出",
"M5191.Alarm.OutSideFault","DB70.DBX381.1",Boolean,1,RO,100,,,,,,,,,,"M5191货物超边故障",
"M5191.Alarm.PH_Fault","DB70.DBX380.6",Boolean,1,RO,100,,,,,,,,,,"M5191光电管异常",
"M5191.Alarm.QF_Fault","DB70.DBX380.4",Boolean,1,RO,100,,,,,,,,,,"M5191空开故障",
"M5191.Alarm.QS_Fault","DB70.DBX380.5",Boolean,1,RO,100,,,,,,,,,,"M5191隔离开关故障",
"M5191.Alarm.R_Fault","DB50.DBX5712.6",Boolean,1,RO,100,,,,,,,,,,"M5191右超宽",
"M5191.Alarm.RFID_ReadFault","DB50.DBX5713.3",Boolean,1,RO,100,,,,,,,,,,"M5191RFID读取错误",
"M5191.Alarm.RFID_WriteFault","DB50.DBX5713.2",Boolean,1,RO,100,,,,,,,,,,"M5191RFID写入错误",
"M5191.Alarm.TimeOutFault","DB70.DBX380.3",Boolean,1,RO,100,,,,,,,,,,"M5191超时故障",
"M5191.Alarm.TM_JY_Fault","DB50.DBX5713.0",Boolean,1,RO,100,,,,,,,,,,"M5191条码校验故障",
"M5191.Alarm.TotalFault","DB70.DBX380.1",Boolean,1,RO,100,,,,,,,,,,"M5191总故障",
"M5191.Alarm.WX_Fault","DB50.DBX5712.1",Boolean,1,RO,100,,,,,,,,,,"M5191外形故障",
"M5191.Alarm.WX_TM_Fault","DB50.DBX5712.0",Boolean,1,RO,100,,,,,,,,,,"M5191外形条码总故障",
"M5191.State.Allow","DB50.DBB5719",Byte,1,RO,100,,,,,,,,,,"M5191允许拆盘",
"M5191.State.ForwardRun","DB70.DBX381.6",Boolean,1,RO,100,,,,,,,,,,"M5191正转运行",
"M5191.State.Get_Num","DB50.DBB5718",Byte,1,RO,100,,,,,,,,,,"M5191已取数量",
"M5191.State.LastOne","DB50.DBX5713.4",Boolean,1,RO,100,,,,,,,,,,"M5191强制推盘",
"M5191.State.Load","DB70.DBX381.5",Boolean,1,RO,100,,,,,,,,,,"M5191负载",
"M5191.State.MD_State1","DB50.DINT5720",Long,1,RO,100,,,,,,,,,,"M5191码垛状态1",
"M5191.State.MD_State2","DB50.DBB5724",Byte,1,RO,100,,,,,,,,,,"M5191码垛状态2",
"M5191.State.Need_Num","DB50.DBB5717",Byte,1,RO,100,,,,,,,,,,"M5191要取数量",
"M5191.State.PH1","I115.2",Boolean,1,RO,100,,,,,,,,,,"5191到位光电",
"M5191.State.ReversalRun","DB70.DBX381.7",Boolean,1,RO,100,,,,,,,,,,"M5191反转运行",
"M5191.State.Runing","DB70.DBX380.0",Boolean,1,RO,100,,,,,,,,,,"M5191设备运行标志",
"M5191.State.SelectPlace","DB70.DBX380.7",Boolean,1,RO,100,,,,,,,,,,"M5191选中位",
"M5191.State.YX_DX","DB50.DBB5715",Byte,1,RO,100,,,,,,,,,,"M5191码垛垛型",
"M5191.State.YX_Num","DB50.DBB5716",Byte,1,RO,100,,,,,,,,,,"M5191烟箱数量",
"M5191.State.YX_Type","DB50.DBB5714",Byte,1,RO,100,,,,,,,,,,"M5191烟箱类型",
"M5191.Task.Code","DB50.DINT5702",Long,1,RO,100,,,,,,,,,,"M5191托盘条码",
"M5191.Task.DestSta","DB50.DBW5710",Short,1,RO,100,,,,,,,,,,"M5191目标地址",
"M5191.Task.StartSta","DB50.DBW5708",Short,1,RO,100,,,,,,,,,,"M5191起始地址",
"M5191.Task.Task","DB50.DBW5700",Short,1,RO,100,,,,,,,,,,"M5191任务号",
"M5191.Task.TpType","DB50.DBW5706",Short,1,RO,100,,,,,,,,,,"M5191货物类型",
"M5192.Alarm.B_Fault","DB50.DBX5742.4",Boolean,1,RO,100,,,,,,,,,,"M5192后超长",
"M5192.Alarm.DriveFault","DB70.DBX382.2",Boolean,1,RO,100,,,,,,,,,,"M5192驱动器故障",
"M5192.Alarm.EstopFault","DB70.DBX383.3",Boolean,1,RO,100,,,,,,,,,,"M5192急停故障",
"M5192.Alarm.F_Fault","DB50.DBX5742.3",Boolean,1,RO,100,,,,,,,,,,"M5192前超长",
"M5192.Alarm.H_Fault","DB50.DBX5742.2",Boolean,1,RO,100,,,,,,,,,,"M5192超高",
"M5192.Alarm.L_Fault","DB50.DBX5742.5",Boolean,1,RO,100,,,,,,,,,,"M5192左超宽",
"M5192.Alarm.LS_Fault","DB70.DBX383.2",Boolean,1,RO,100,,,,,,,,,,"M5192限位故障",
"M5192.Alarm.NoRead","DB50.DBX5743.1",Boolean,1,RO,100,,,,,,,,,,"M5192条码未读出",
"M5192.Alarm.OutSideFault","DB70.DBX383.1",Boolean,1,RO,100,,,,,,,,,,"M5192货物超边故障",
"M5192.Alarm.PH_Fault","DB70.DBX382.6",Boolean,1,RO,100,,,,,,,,,,"M5192光电管异常",
"M5192.Alarm.QF_Fault","DB70.DBX382.4",Boolean,1,RO,100,,,,,,,,,,"M5192空开故障",
"M5192.Alarm.QS_Fault","DB70.DBX382.5",Boolean,1,RO,100,,,,,,,,,,"M5192隔离开关故障",
"M5192.Alarm.R_Fault","DB50.DBX5742.6",Boolean,1,RO,100,,,,,,,,,,"M5192右超宽",
"M5192.Alarm.RFID_ReadFault","DB50.DBX5743.3",Boolean,1,RO,100,,,,,,,,,,"M5192RFID读取错误",
"M5192.Alarm.RFID_WriteFault","DB50.DBX5743.2",Boolean,1,RO,100,,,,,,,,,,"M5192RFID写入错误",
"M5192.Alarm.TimeOutFault","DB70.DBX382.3",Boolean,1,RO,100,,,,,,,,,,"M5192超时故障",
"M5192.Alarm.TM_JY_Fault","DB50.DBX5743.0",Boolean,1,RO,100,,,,,,,,,,"M5192条码校验故障",
"M5192.Alarm.TotalFault","DB70.DBX382.1",Boolean,1,RO,100,,,,,,,,,,"M5192总故障",
"M5192.Alarm.WX_Fault","DB50.DBX5742.1",Boolean,1,RO,100,,,,,,,,,,"M5192外形故障",
"M5192.Alarm.WX_TM_Fault","DB50.DBX5742.0",Boolean,1,RO,100,,,,,,,,,,"M5192外形条码总故障",
"M5192.State.Allow","DB50.DBB5749",Byte,1,RO,100,,,,,,,,,,"M5192允许拆盘",
"M5192.State.ForwardRun","DB70.DBX383.6",Boolean,1,RO,100,,,,,,,,,,"M5192正转运行",
"M5192.State.Get_Num","DB50.DBB5748",Byte,1,RO,100,,,,,,,,,,"M5192已取数量",
"M5192.State.LastOne","DB50.DBX5743.4",Boolean,1,RO,100,,,,,,,,,,"M5192强制推盘",
"M5192.State.Load","DB70.DBX383.5",Boolean,1,RO,100,,,,,,,,,,"M5192负载",
"M5192.State.M5192_2_RF","Q260.0",Boolean,1,RO,100,,,,,,,,,,"5192.2上升",
"M5192.State.MD_State1","DB50.DINT5750",Long,1,RO,100,,,,,,,,,,"M5192码垛状态1",
"M5192.State.MD_State2","DB50.DBB5754",Byte,1,RO,100,,,,,,,,,,"M5192码垛状态2",
"M5192.State.Need_Num","DB50.DBB5747",Byte,1,RO,100,,,,,,,,,,"M5192要取数量",
"M5192.State.PR5192_1","I126.4",Boolean,1,RO,100,,,,,,,,,,"5192高位",
"M5192.State.PR5192_2","I126.6",Boolean,1,RO,100,,,,,,,,,,"5192低位",
"M5192.State.ReversalRun","DB70.DBX383.7",Boolean,1,RO,100,,,,,,,,,,"M5192反转运行",
"M5192.State.Runing","DB70.DBX382.0",Boolean,1,RO,100,,,,,,,,,,"M5192设备运行标志",
"M5192.State.SelectPlace","DB70.DBX382.7",Boolean,1,RO,100,,,,,,,,,,"M5192选中位",
"M5192.State.YX_DX","DB50.DBB5745",Byte,1,RO,100,,,,,,,,,,"M5192码垛垛型",
"M5192.State.YX_Num","DB50.DBB5746",Byte,1,RO,100,,,,,,,,,,"M5192烟箱数量",
"M5192.State.YX_Type","DB50.DBB5744",Byte,1,RO,100,,,,,,,,,,"M5192烟箱类型",
"M5192.Task.Code","DB50.DINT5732",Long,1,RO,100,,,,,,,,,,"M5192托盘条码",
"M5192.Task.DestSta","DB50.DBW5740",Short,1,RO,100,,,,,,,,,,"M5192目标地址",
"M5192.Task.StartSta","DB50.DBW5738",Short,1,RO,100,,,,,,,,,,"M5192起始地址",
"M5192.Task.Task","DB50.DBW5730",Short,1,RO,100,,,,,,,,,,"M5192任务号",
"M5192.Task.TpType","DB50.DBW5736",Short,1,RO,100,,,,,,,,,,"M5192货物类型",
"M5193.Alarm.B_Fault","DB50.DBX5772.4",Boolean,1,RO,100,,,,,,,,,,"M5193后超长",
"M5193.Alarm.DriveFault","DB70.DBX384.2",Boolean,1,RO,100,,,,,,,,,,"M5193驱动器故障",
"M5193.Alarm.EstopFault","DB70.DBX385.3",Boolean,1,RO,100,,,,,,,,,,"M5193急停故障",
"M5193.Alarm.F_Fault","DB50.DBX5772.3",Boolean,1,RO,100,,,,,,,,,,"M5193前超长",
"M5193.Alarm.H_Fault","DB50.DBX5772.2",Boolean,1,RO,100,,,,,,,,,,"M5193超高",
"M5193.Alarm.L_Fault","DB50.DBX5772.5",Boolean,1,RO,100,,,,,,,,,,"M5193左超宽",
"M5193.Alarm.LS_Fault","DB70.DBX385.2",Boolean,1,RO,100,,,,,,,,,,"M5193限位故障",
"M5193.Alarm.NoRead","DB50.DBX5773.1",Boolean,1,RO,100,,,,,,,,,,"M5193条码未读出",
"M5193.Alarm.OutSideFault","DB70.DBX385.1",Boolean,1,RO,100,,,,,,,,,,"M5193货物超边故障",
"M5193.Alarm.PH_Fault","DB70.DBX384.6",Boolean,1,RO,100,,,,,,,,,,"M5193光电管异常",
"M5193.Alarm.QF_Fault","DB70.DBX384.4",Boolean,1,RO,100,,,,,,,,,,"M5193空开故障",
"M5193.Alarm.QS_Fault","DB70.DBX384.5",Boolean,1,RO,100,,,,,,,,,,"M5193隔离开关故障",
"M5193.Alarm.R_Fault","DB50.DBX5772.6",Boolean,1,RO,100,,,,,,,,,,"M5193右超宽",
"M5193.Alarm.RFID_ReadFault","DB50.DBX5773.3",Boolean,1,RO,100,,,,,,,,,,"M5193RFID读取错误",
"M5193.Alarm.RFID_WriteFault","DB50.DBX5773.2",Boolean,1,RO,100,,,,,,,,,,"M5193RFID写入错误",
"M5193.Alarm.TimeOutFault","DB70.DBX384.3",Boolean,1,RO,100,,,,,,,,,,"M5193超时故障",
"M5193.Alarm.TM_JY_Fault","DB50.DBX5773.0",Boolean,1,RO,100,,,,,,,,,,"M5193条码校验故障",
"M5193.Alarm.TotalFault","DB70.DBX384.1",Boolean,1,RO,100,,,,,,,,,,"M5193总故障",
"M5193.Alarm.WX_Fault","DB50.DBX5772.1",Boolean,1,RO,100,,,,,,,,,,"M5193外形故障",
"M5193.Alarm.WX_TM_Fault","DB50.DBX5772.0",Boolean,1,RO,100,,,,,,,,,,"M5193外形条码总故障",
"M5193.State.Allow","DB50.DBB5779",Byte,1,RO,100,,,,,,,,,,"M5193允许拆盘",
"M5193.State.ForwardRun","DB70.DBX385.6",Boolean,1,RO,100,,,,,,,,,,"M5193正转运行",
"M5193.State.Get_Num","DB50.DBB5778",Byte,1,RO,100,,,,,,,,,,"M5193已取数量",
"M5193.State.LastOne","DB50.DBX5773.4",Boolean,1,RO,100,,,,,,,,,,"M5193强制推盘",
"M5193.State.Load","DB70.DBX385.5",Boolean,1,RO,100,,,,,,,,,,"M5193负载",
"M5193.State.MD_State1","DB50.DINT5780",Long,1,RO,100,,,,,,,,,,"M5193码垛状态1",
"M5193.State.MD_State2","DB50.DBB5784",Byte,1,RO,100,,,,,,,,,,"M5193码垛状态2",
"M5193.State.Need_Num","DB50.DBB5777",Byte,1,RO,100,,,,,,,,,,"M5193要取数量",
"M5193.State.PH1","I114.5",Boolean,1,RO,100,,,,,,,,,,"5193到位光电1",
"M5193.State.PH2","I114.7",Boolean,1,RO,100,,,,,,,,,,"5193到位光电2",
"M5193.State.ReversalRun","DB70.DBX385.7",Boolean,1,RO,100,,,,,,,,,,"M5193反转运行",
"M5193.State.Runing","DB70.DBX384.0",Boolean,1,RO,100,,,,,,,,,,"M5193设备运行标志",
"M5193.State.SelectPlace","DB70.DBX384.7",Boolean,1,RO,100,,,,,,,,,,"M5193选中位",
"M5193.State.YX_DX","DB50.DBB5775",Byte,1,RO,100,,,,,,,,,,"M5193码垛垛型",
"M5193.State.YX_Num","DB50.DBB5776",Byte,1,RO,100,,,,,,,,,,"M5193烟箱数量",
"M5193.State.YX_Type","DB50.DBB5774",Byte,1,RO,100,,,,,,,,,,"M5193烟箱类型",
"M5193.Task.Code","DB50.DINT5762",Long,1,RO,100,,,,,,,,,,"M5193托盘条码",
"M5193.Task.DestSta","DB50.DBW5770",Short,1,RO,100,,,,,,,,,,"M5193目标地址",
"M5193.Task.StartSta","DB50.DBW5768",Short,1,RO,100,,,,,,,,,,"M5193起始地址",
"M5193.Task.Task","DB50.DBW5760",Short,1,RO,100,,,,,,,,,,"M5193任务号",
"M5193.Task.TpType","DB50.DBW5766",Short,1,RO,100,,,,,,,,,,"M5193货物类型",
"M5194.Alarm.B_Fault","DB50.DBX5802.4",Boolean,1,RO,100,,,,,,,,,,"M5194后超长",
"M5194.Alarm.DriveFault","DB70.DBX386.2",Boolean,1,RO,100,,,,,,,,,,"M5194驱动器故障",
"M5194.Alarm.EstopFault","DB70.DBX387.3",Boolean,1,RO,100,,,,,,,,,,"M5194急停故障",
"M5194.Alarm.F_Fault","DB50.DBX5802.3",Boolean,1,RO,100,,,,,,,,,,"M5194前超长",
"M5194.Alarm.H_Fault","DB50.DBX5802.2",Boolean,1,RO,100,,,,,,,,,,"M5194超高",
"M5194.Alarm.L_Fault","DB50.DBX5802.5",Boolean,1,RO,100,,,,,,,,,,"M5194左超宽",
"M5194.Alarm.LS_Fault","DB70.DBX387.2",Boolean,1,RO,100,,,,,,,,,,"M5194限位故障",
"M5194.Alarm.NoRead","DB50.DBX5803.1",Boolean,1,RO,100,,,,,,,,,,"M5194条码未读出",
"M5194.Alarm.OutSideFault","DB70.DBX387.1",Boolean,1,RO,100,,,,,,,,,,"M5194货物超边故障",
"M5194.Alarm.PH_Fault","DB70.DBX386.6",Boolean,1,RO,100,,,,,,,,,,"M5194光电管异常",
"M5194.Alarm.QF_Fault","DB70.DBX386.4",Boolean,1,RO,100,,,,,,,,,,"M5194空开故障",
"M5194.Alarm.QS_Fault","DB70.DBX386.5",Boolean,1,RO,100,,,,,,,,,,"M5194隔离开关故障",
"M5194.Alarm.R_Fault","DB50.DBX5802.6",Boolean,1,RO,100,,,,,,,,,,"M5194右超宽",
"M5194.Alarm.RFID_ReadFault","DB50.DBX5803.3",Boolean,1,RO,100,,,,,,,,,,"M5194RFID读取错误",
"M5194.Alarm.RFID_WriteFault","DB50.DBX5803.2",Boolean,1,RO,100,,,,,,,,,,"M5194RFID写入错误",
"M5194.Alarm.TimeOutFault","DB70.DBX386.3",Boolean,1,RO,100,,,,,,,,,,"M5194超时故障",
"M5194.Alarm.TM_JY_Fault","DB50.DBX5803.0",Boolean,1,RO,100,,,,,,,,,,"M5194条码校验故障",
"M5194.Alarm.TotalFault","DB70.DBX386.1",Boolean,1,RO,100,,,,,,,,,,"M5194总故障",
"M5194.Alarm.WX_Fault","DB50.DBX5802.1",Boolean,1,RO,100,,,,,,,,,,"M5194外形故障",
"M5194.Alarm.WX_TM_Fault","DB50.DBX5802.0",Boolean,1,RO,100,,,,,,,,,,"M5194外形条码总故障",
"M5194.State.Allow","DB50.DBB5809",Byte,1,RO,100,,,,,,,,,,"M5194允许拆盘",
"M5194.State.ForwardRun","DB70.DBX387.6",Boolean,1,RO,100,,,,,,,,,,"M5194正转运行",
"M5194.State.Get_Num","DB50.DBB5808",Byte,1,RO,100,,,,,,,,,,"M5194已取数量",
"M5194.State.KA5194_DOWN","Q78.3",Boolean,1,RO,100,,,,,,,,,,"5194气缸下降",
"M5194.State.KA5194-UP","Q78.1",Boolean,1,RO,100,,,,,,,,,,"5194气缸上升",
"M5194.State.LastOne","DB50.DBX5803.4",Boolean,1,RO,100,,,,,,,,,,"M5194强制推盘",
"M5194.State.Load","DB70.DBX387.5",Boolean,1,RO,100,,,,,,,,,,"M5194负载",
"M5194.State.MD_State1","DB50.DINT5810",Long,1,RO,100,,,,,,,,,,"M5194码垛状态1",
"M5194.State.MD_State2","DB50.DBB5814",Byte,1,RO,100,,,,,,,,,,"M5194码垛状态2",
"M5194.State.MS5194_1","I127.6",Boolean,1,RO,100,,,,,,,,,,"5194气缸高位",
"M5194.State.MS5194_2","I127.1",Boolean,1,RO,100,,,,,,,,,,"5194气缸低位",
"M5194.State.Need_Num","DB50.DBB5807",Byte,1,RO,100,,,,,,,,,,"M5194要取数量",
"M5194.State.PH1","I127.2",Boolean,1,RO,100,,,,,,,,,,"5194减速光电",
"M5194.State.PH2","I127.4",Boolean,1,RO,100,,,,,,,,,,"5194到位光电",
"M5194.State.ReversalRun","DB70.DBX387.7",Boolean,1,RO,100,,,,,,,,,,"M5194反转运行",
"M5194.State.Runing","DB70.DBX386.0",Boolean,1,RO,100,,,,,,,,,,"M5194设备运行标志",
"M5194.State.SelectPlace","DB70.DBX386.7",Boolean,1,RO,100,,,,,,,,,,"M5194选中位",
"M5194.State.YX_DX","DB50.DBB5805",Byte,1,RO,100,,,,,,,,,,"M5194码垛垛型",
"M5194.State.YX_Num","DB50.DBB5806",Byte,1,RO,100,,,,,,,,,,"M5194烟箱数量",
"M5194.State.YX_Type","DB50.DBB5804",Byte,1,RO,100,,,,,,,,,,"M5194烟箱类型",
"M5194.Task.Code","DB50.DINT5792",Long,1,RO,100,,,,,,,,,,"M5194托盘条码",
"M5194.Task.DestSta","DB50.DBW5800",Short,1,RO,100,,,,,,,,,,"M5194目标地址",
"M5194.Task.StartSta","DB50.DBW5798",Short,1,RO,100,,,,,,,,,,"M5194起始地址",
"M5194.Task.Task","DB50.DBW5790",Short,1,RO,100,,,,,,,,,,"M5194任务号",
"M5194.Task.TpType","DB50.DBW5796",Short,1,RO,100,,,,,,,,,,"M5194货物类型",
"M5195.Alarm.B_Fault","DB50.DBX5832.4",Boolean,1,RO,100,,,,,,,,,,"M5195后超长",
"M5195.Alarm.DriveFault","DB70.DBX388.2",Boolean,1,RO,100,,,,,,,,,,"M5195驱动器故障",
"M5195.Alarm.EstopFault","DB70.DBX389.3",Boolean,1,RO,100,,,,,,,,,,"M5195急停故障",
"M5195.Alarm.F_Fault","DB50.DBX5832.3",Boolean,1,RO,100,,,,,,,,,,"M5195前超长",
"M5195.Alarm.H_Fault","DB50.DBX5832.2",Boolean,1,RO,100,,,,,,,,,,"M5195超高",
"M5195.Alarm.L_Fault","DB50.DBX5832.5",Boolean,1,RO,100,,,,,,,,,,"M5195左超宽",
"M5195.Alarm.LS_Fault","DB70.DBX389.2",Boolean,1,RO,100,,,,,,,,,,"M5195限位故障",
"M5195.Alarm.NoRead","DB50.DBX5833.1",Boolean,1,RO,100,,,,,,,,,,"M5195条码未读出",
"M5195.Alarm.OutSideFault","DB70.DBX389.1",Boolean,1,RO,100,,,,,,,,,,"M5195货物超边故障",
"M5195.Alarm.PH_Fault","DB70.DBX388.6",Boolean,1,RO,100,,,,,,,,,,"M5195光电管异常",
"M5195.Alarm.QF_Fault","DB70.DBX388.4",Boolean,1,RO,100,,,,,,,,,,"M5195空开故障",
"M5195.Alarm.QS_Fault","DB70.DBX388.5",Boolean,1,RO,100,,,,,,,,,,"M5195隔离开关故障",
"M5195.Alarm.R_Fault","DB50.DBX5832.6",Boolean,1,RO,100,,,,,,,,,,"M5195右超宽",
"M5195.Alarm.RFID_ReadFault","DB50.DBX5833.3",Boolean,1,RO,100,,,,,,,,,,"M5195RFID读取错误",
"M5195.Alarm.RFID_WriteFault","DB50.DBX5833.2",Boolean,1,RO,100,,,,,,,,,,"M5195RFID写入错误",
"M5195.Alarm.TimeOutFault","DB70.DBX388.3",Boolean,1,RO,100,,,,,,,,,,"M5195超时故障",
"M5195.Alarm.TM_JY_Fault","DB50.DBX5833.0",Boolean,1,RO,100,,,,,,,,,,"M5195条码校验故障",
"M5195.Alarm.TotalFault","DB70.DBX388.1",Boolean,1,RO,100,,,,,,,,,,"M5195总故障",
"M5195.Alarm.WX_Fault","DB50.DBX5832.1",Boolean,1,RO,100,,,,,,,,,,"M5195外形故障",
"M5195.Alarm.WX_TM_Fault","DB50.DBX5832.0",Boolean,1,RO,100,,,,,,,,,,"M5195外形条码总故障",
"M5195.State.Allow","DB50.DBB5839",Byte,1,RO,100,,,,,,,,,,"M5195允许拆盘",
"M5195.State.ForwardRun","DB70.DBX389.6",Boolean,1,RO,100,,,,,,,,,,"M5195正转运行",
"M5195.State.Get_Num","DB50.DBB5838",Byte,1,RO,100,,,,,,,,,,"M5195已取数量",
"M5195.State.LastOne","DB50.DBX5833.4",Boolean,1,RO,100,,,,,,,,,,"M5195强制推盘",
"M5195.State.Load","DB70.DBX389.5",Boolean,1,RO,100,,,,,,,,,,"M5195负载",
"M5195.State.MD_State1","DB50.DINT5840",Long,1,RO,100,,,,,,,,,,"M5195码垛状态1",
"M5195.State.MD_State2","DB50.DBB5844",Byte,1,RO,100,,,,,,,,,,"M5195码垛状态2",
"M5195.State.Need_Num","DB50.DBB5837",Byte,1,RO,100,,,,,,,,,,"M5195要取数量",
"M5195.State.PH1","I127.5",Boolean,1,RO,100,,,,,,,,,,"5195到位光电",
"M5195.State.ReversalRun","DB70.DBX389.7",Boolean,1,RO,100,,,,,,,,,,"M5195反转运行",
"M5195.State.Runing","DB70.DBX388.0",Boolean,1,RO,100,,,,,,,,,,"M5195设备运行标志",
"M5195.State.SelectPlace","DB70.DBX388.7",Boolean,1,RO,100,,,,,,,,,,"M5195选中位",
"M5195.State.YX_DX","DB50.DBB5835",Byte,1,RO,100,,,,,,,,,,"M5195码垛垛型",
"M5195.State.YX_Num","DB50.DBB5836",Byte,1,RO,100,,,,,,,,,,"M5195烟箱数量",
"M5195.State.YX_Type","DB50.DBB5834",Byte,1,RO,100,,,,,,,,,,"M5195烟箱类型",
"M5195.Task.Code","DB50.DINT5822",Long,1,RO,100,,,,,,,,,,"M5195托盘条码",
"M5195.Task.DestSta","DB50.DBW5830",Short,1,RO,100,,,,,,,,,,"M5195目标地址",
"M5195.Task.StartSta","DB50.DBW5828",Short,1,RO,100,,,,,,,,,,"M5195起始地址",
"M5195.Task.Task","DB50.DBW5820",Short,1,RO,100,,,,,,,,,,"M5195任务号",
"M5195.Task.TpType","DB50.DBW5826",Short,1,RO,100,,,,,,,,,,"M5195货物类型",
"M5196.Alarm.B_Fault","DB50.DBX5862.4",Boolean,1,RO,100,,,,,,,,,,"M5196后超长",
"M5196.Alarm.DriveFault","DB70.DBX390.2",Boolean,1,RO,100,,,,,,,,,,"M5196驱动器故障",
"M5196.Alarm.EstopFault","DB70.DBX391.3",Boolean,1,RO,100,,,,,,,,,,"M5196急停故障",
"M5196.Alarm.F_Fault","DB50.DBX5862.3",Boolean,1,RO,100,,,,,,,,,,"M5196前超长",
"M5196.Alarm.H_Fault","DB50.DBX5862.2",Boolean,1,RO,100,,,,,,,,,,"M5196超高",
"M5196.Alarm.L_Fault","DB50.DBX5862.5",Boolean,1,RO,100,,,,,,,,,,"M5196左超宽",
"M5196.Alarm.LS_Fault","DB70.DBX391.2",Boolean,1,RO,100,,,,,,,,,,"M5196限位故障",
"M5196.Alarm.NoRead","DB50.DBX5863.1",Boolean,1,RO,100,,,,,,,,,,"M5196条码未读出",
"M5196.Alarm.OutSideFault","DB70.DBX391.1",Boolean,1,RO,100,,,,,,,,,,"M5196货物超边故障",
"M5196.Alarm.PH_Fault","DB70.DBX390.6",Boolean,1,RO,100,,,,,,,,,,"M5196光电管异常",
"M5196.Alarm.QF_Fault","DB70.DBX390.4",Boolean,1,RO,100,,,,,,,,,,"M5196空开故障",
"M5196.Alarm.QS_Fault","DB70.DBX390.5",Boolean,1,RO,100,,,,,,,,,,"M5196隔离开关故障",
"M5196.Alarm.R_Fault","DB50.DBX5862.6",Boolean,1,RO,100,,,,,,,,,,"M5196右超宽",
"M5196.Alarm.RFID_ReadFault","DB50.DBX5863.3",Boolean,1,RO,100,,,,,,,,,,"M5196RFID读取错误",
"M5196.Alarm.RFID_WriteFault","DB50.DBX5863.2",Boolean,1,RO,100,,,,,,,,,,"M5196RFID写入错误",
"M5196.Alarm.TimeOutFault","DB70.DBX390.3",Boolean,1,RO,100,,,,,,,,,,"M5196超时故障",
"M5196.Alarm.TM_JY_Fault","DB50.DBX5863.0",Boolean,1,RO,100,,,,,,,,,,"M5196条码校验故障",
"M5196.Alarm.TotalFault","DB70.DBX390.1",Boolean,1,RO,100,,,,,,,,,,"M5196总故障",
"M5196.Alarm.WX_Fault","DB50.DBX5862.1",Boolean,1,RO,100,,,,,,,,,,"M5196外形故障",
"M5196.Alarm.WX_TM_Fault","DB50.DBX5862.0",Boolean,1,RO,100,,,,,,,,,,"M5196外形条码总故障",
"M5196.State.Allow","DB50.DBB5869",Byte,1,RO,100,,,,,,,,,,"M5196允许拆盘",
"M5196.State.ForwardRun","DB70.DBX391.6",Boolean,1,RO,100,,,,,,,,,,"M5196正转运行",
"M5196.State.Get_Num","DB50.DBB5868",Byte,1,RO,100,,,,,,,,,,"M5196已取数量",
"M5196.State.LastOne","DB50.DBX5863.4",Boolean,1,RO,100,,,,,,,,,,"M5196强制推盘",
"M5196.State.Load","DB70.DBX391.5",Boolean,1,RO,100,,,,,,,,,,"M5196负载",
"M5196.State.M5196_2_RF","Q262.0",Boolean,1,RO,100,,,,,,,,,,"5196.2上升",
"M5196.State.MD_State1","DB50.DINT5870",Long,1,RO,100,,,,,,,,,,"M5196码垛状态1",
"M5196.State.MD_State2","DB50.DBB5874",Byte,1,RO,100,,,,,,,,,,"M5196码垛状态2",
"M5196.State.Need_Num","DB50.DBB5867",Byte,1,RO,100,,,,,,,,,,"M5196要取数量",
"M5196.State.PR5196_1","I126.5",Boolean,1,RO,100,,,,,,,,,,"5196高位",
"M5196.State.PR5196_2","I126.7",Boolean,1,RO,100,,,,,,,,,,"5196低位",
"M5196.State.ReversalRun","DB70.DBX391.7",Boolean,1,RO,100,,,,,,,,,,"M5196反转运行",
"M5196.State.Runing","DB70.DBX390.0",Boolean,1,RO,100,,,,,,,,,,"M5196设备运行标志",
"M5196.State.SelectPlace","DB70.DBX390.7",Boolean,1,RO,100,,,,,,,,,,"M5196选中位",
"M5196.State.YX_DX","DB50.DBB5865",Byte,1,RO,100,,,,,,,,,,"M5196码垛垛型",
"M5196.State.YX_Num","DB50.DBB5866",Byte,1,RO,100,,,,,,,,,,"M5196烟箱数量",
"M5196.State.YX_Type","DB50.DBB5864",Byte,1,RO,100,,,,,,,,,,"M5196烟箱类型",
"M5196.Task.Code","DB50.DINT5852",Long,1,RO,100,,,,,,,,,,"M5196托盘条码",
"M5196.Task.DestSta","DB50.DBW5860",Short,1,RO,100,,,,,,,,,,"M5196目标地址",
"M5196.Task.StartSta","DB50.DBW5858",Short,1,RO,100,,,,,,,,,,"M5196起始地址",
"M5196.Task.Task","DB50.DBW5850",Short,1,RO,100,,,,,,,,,,"M5196任务号",
"M5196.Task.TpType","DB50.DBW5856",Short,1,RO,100,,,,,,,,,,"M5196货物类型",
"M5197.Alarm.B_Fault","DB50.DBX5892.4",Boolean,1,RO,100,,,,,,,,,,"M5197后超长",
"M5197.Alarm.DriveFault","DB70.DBX392.2",Boolean,1,RO,100,,,,,,,,,,"M5197驱动器故障",
"M5197.Alarm.EstopFault","DB70.DBX393.3",Boolean,1,RO,100,,,,,,,,,,"M5197急停故障",
"M5197.Alarm.F_Fault","DB50.DBX5892.3",Boolean,1,RO,100,,,,,,,,,,"M5197前超长",
"M5197.Alarm.H_Fault","DB50.DBX5892.2",Boolean,1,RO,100,,,,,,,,,,"M5197超高",
"M5197.Alarm.L_Fault","DB50.DBX5892.5",Boolean,1,RO,100,,,,,,,,,,"M5197左超宽",
"M5197.Alarm.LS_Fault","DB70.DBX393.2",Boolean,1,RO,100,,,,,,,,,,"M5197限位故障",
"M5197.Alarm.NoRead","DB50.DBX5893.1",Boolean,1,RO,100,,,,,,,,,,"M5197条码未读出",
"M5197.Alarm.OutSideFault","DB70.DBX393.1",Boolean,1,RO,100,,,,,,,,,,"M5197货物超边故障",
"M5197.Alarm.PH_Fault","DB70.DBX392.6",Boolean,1,RO,100,,,,,,,,,,"M5197光电管异常",
"M5197.Alarm.QF_Fault","DB70.DBX392.4",Boolean,1,RO,100,,,,,,,,,,"M5197空开故障",
"M5197.Alarm.QS_Fault","DB70.DBX392.5",Boolean,1,RO,100,,,,,,,,,,"M5197隔离开关故障",
"M5197.Alarm.R_Fault","DB50.DBX5892.6",Boolean,1,RO,100,,,,,,,,,,"M5197右超宽",
"M5197.Alarm.RFID_ReadFault","DB50.DBX5893.3",Boolean,1,RO,100,,,,,,,,,,"M5197RFID读取错误",
"M5197.Alarm.RFID_WriteFault","DB50.DBX5893.2",Boolean,1,RO,100,,,,,,,,,,"M5197RFID写入错误",
"M5197.Alarm.TimeOutFault","DB70.DBX392.3",Boolean,1,RO,100,,,,,,,,,,"M5197超时故障",
"M5197.Alarm.TM_JY_Fault","DB50.DBX5893.0",Boolean,1,RO,100,,,,,,,,,,"M5197条码校验故障",
"M5197.Alarm.TotalFault","DB70.DBX392.1",Boolean,1,RO,100,,,,,,,,,,"M5197总故障",
"M5197.Alarm.WX_Fault","DB50.DBX5892.1",Boolean,1,RO,100,,,,,,,,,,"M5197外形故障",
"M5197.Alarm.WX_TM_Fault","DB50.DBX5892.0",Boolean,1,RO,100,,,,,,,,,,"M5197外形条码总故障",
"M5197.State.Allow","DB50.DBB5899",Byte,1,RO,100,,,,,,,,,,"M5197允许拆盘",
"M5197.State.ForwardRun","DB70.DBX393.6",Boolean,1,RO,100,,,,,,,,,,"M5197正转运行",
"M5197.State.Get_Num","DB50.DBB5898",Byte,1,RO,100,,,,,,,,,,"M5197已取数量",
"M5197.State.LastOne","DB50.DBX5893.4",Boolean,1,RO,100,,,,,,,,,,"M5197强制推盘",
"M5197.State.Load","DB70.DBX393.5",Boolean,1,RO,100,,,,,,,,,,"M5197负载",
"M5197.State.MD_State1","DB50.DINT5900",Long,1,RO,100,,,,,,,,,,"M5197码垛状态1",
"M5197.State.MD_State2","DB50.DBB5904",Byte,1,RO,100,,,,,,,,,,"M5197码垛状态2",
"M5197.State.Need_Num","DB50.DBB5897",Byte,1,RO,100,,,,,,,,,,"M5197要取数量",
"M5197.State.PH1","I128.5",Boolean,1,RO,100,,,,,,,,,,"5197到位光电1",
"M5197.State.PH2","I128.7",Boolean,1,RO,100,,,,,,,,,,"5197到位光电2",
"M5197.State.ReversalRun","DB70.DBX393.7",Boolean,1,RO,100,,,,,,,,,,"M5197反转运行",
"M5197.State.Runing","DB70.DBX392.0",Boolean,1,RO,100,,,,,,,,,,"M5197设备运行标志",
"M5197.State.SelectPlace","DB70.DBX392.7",Boolean,1,RO,100,,,,,,,,,,"M5197选中位",
"M5197.State.YX_DX","DB50.DBB5895",Byte,1,RO,100,,,,,,,,,,"M5197码垛垛型",
"M5197.State.YX_Num","DB50.DBB5896",Byte,1,RO,100,,,,,,,,,,"M5197烟箱数量",
"M5197.State.YX_Type","DB50.DBB5894",Byte,1,RO,100,,,,,,,,,,"M5197烟箱类型",
"M5197.Task.Code","DB50.DINT5882",Long,1,RO,100,,,,,,,,,,"M5197托盘条码",
"M5197.Task.DestSta","DB50.DBW5890",Short,1,RO,100,,,,,,,,,,"M5197目标地址",
"M5197.Task.StartSta","DB50.DBW5888",Short,1,RO,100,,,,,,,,,,"M5197起始地址",
"M5197.Task.Task","DB50.DBW5880",Short,1,RO,100,,,,,,,,,,"M5197任务号",
"M5197.Task.TpType","DB50.DBW5886",Short,1,RO,100,,,,,,,,,,"M5197货物类型",
"M5198.Alarm.B_Fault","DB50.DBX5922.4",Boolean,1,RO,100,,,,,,,,,,"M5198后超长",
"M5198.Alarm.DriveFault","DB70.DBX394.2",Boolean,1,RO,100,,,,,,,,,,"M5198驱动器故障",
"M5198.Alarm.EstopFault","DB70.DBX395.3",Boolean,1,RO,100,,,,,,,,,,"M5198急停故障",
"M5198.Alarm.F_Fault","DB50.DBX5922.3",Boolean,1,RO,100,,,,,,,,,,"M5198前超长",
"M5198.Alarm.H_Fault","DB50.DBX5922.2",Boolean,1,RO,100,,,,,,,,,,"M5198超高",
"M5198.Alarm.L_Fault","DB50.DBX5922.5",Boolean,1,RO,100,,,,,,,,,,"M5198左超宽",
"M5198.Alarm.LS_Fault","DB70.DBX395.2",Boolean,1,RO,100,,,,,,,,,,"M5198限位故障",
"M5198.Alarm.NoRead","DB50.DBX5923.1",Boolean,1,RO,100,,,,,,,,,,"M5198条码未读出",
"M5198.Alarm.OutSideFault","DB70.DBX395.1",Boolean,1,RO,100,,,,,,,,,,"M5198货物超边故障",
"M5198.Alarm.PH_Fault","DB70.DBX394.6",Boolean,1,RO,100,,,,,,,,,,"M5198光电管异常",
"M5198.Alarm.QF_Fault","DB70.DBX394.4",Boolean,1,RO,100,,,,,,,,,,"M5198空开故障",
"M5198.Alarm.QS_Fault","DB70.DBX394.5",Boolean,1,RO,100,,,,,,,,,,"M5198隔离开关故障",
"M5198.Alarm.R_Fault","DB50.DBX5922.6",Boolean,1,RO,100,,,,,,,,,,"M5198右超宽",
"M5198.Alarm.RFID_ReadFault","DB50.DBX5923.3",Boolean,1,RO,100,,,,,,,,,,"M5198RFID读取错误",
"M5198.Alarm.RFID_WriteFault","DB50.DBX5923.2",Boolean,1,RO,100,,,,,,,,,,"M5198RFID写入错误",
"M5198.Alarm.TimeOutFault","DB70.DBX394.3",Boolean,1,RO,100,,,,,,,,,,"M5198超时故障",
"M5198.Alarm.TM_JY_Fault","DB50.DBX5923.0",Boolean,1,RO,100,,,,,,,,,,"M5198条码校验故障",
"M5198.Alarm.TotalFault","DB70.DBX394.1",Boolean,1,RO,100,,,,,,,,,,"M5198总故障",
"M5198.Alarm.WX_Fault","DB50.DBX5922.1",Boolean,1,RO,100,,,,,,,,,,"M5198外形故障",
"M5198.Alarm.WX_TM_Fault","DB50.DBX5922.0",Boolean,1,RO,100,,,,,,,,,,"M5198外形条码总故障",
"M5198.State.Allow","DB50.DBB5929",Byte,1,RO,100,,,,,,,,,,"M5198允许拆盘",
"M5198.State.ForwardRun","DB70.DBX395.6",Boolean,1,RO,100,,,,,,,,,,"M5198正转运行",
"M5198.State.Get_Num","DB50.DBB5928",Byte,1,RO,100,,,,,,,,,,"M5198已取数量",
"M5198.State.LastOne","DB50.DBX5923.4",Boolean,1,RO,100,,,,,,,,,,"M5198强制推盘",
"M5198.State.Load","DB70.DBX395.5",Boolean,1,RO,100,,,,,,,,,,"M5198负载",
"M5198.State.M5198_2_RF","Q270.0",Boolean,1,RO,100,,,,,,,,,,"5198.2上升",
"M5198.State.MD_State1","DB50.DINT5930",Long,1,RO,100,,,,,,,,,,"M5198码垛状态1",
"M5198.State.MD_State2","DB50.DBB5934",Byte,1,RO,100,,,,,,,,,,"M5198码垛状态2",
"M5198.State.Need_Num","DB50.DBB5927",Byte,1,RO,100,,,,,,,,,,"M5198要取数量",
"M5198.State.PR5198_1","I140.4",Boolean,1,RO,100,,,,,,,,,,"5198高位",
"M5198.State.PR5198_2","I140.6",Boolean,1,RO,100,,,,,,,,,,"5198低位",
"M5198.State.ReversalRun","DB70.DBX395.7",Boolean,1,RO,100,,,,,,,,,,"M5198反转运行",
"M5198.State.Runing","DB70.DBX394.0",Boolean,1,RO,100,,,,,,,,,,"M5198设备运行标志",
"M5198.State.SelectPlace","DB70.DBX394.7",Boolean,1,RO,100,,,,,,,,,,"M5198选中位",
"M5198.State.YX_DX","DB50.DBB5925",Byte,1,RO,100,,,,,,,,,,"M5198码垛垛型",
"M5198.State.YX_Num","DB50.DBB5926",Byte,1,RO,100,,,,,,,,,,"M5198烟箱数量",
"M5198.State.YX_Type","DB50.DBB5924",Byte,1,RO,100,,,,,,,,,,"M5198烟箱类型",
"M5198.Task.Code","DB50.DINT5912",Long,1,RO,100,,,,,,,,,,"M5198托盘条码",
"M5198.Task.DestSta","DB50.DBW5920",Short,1,RO,100,,,,,,,,,,"M5198目标地址",
"M5198.Task.StartSta","DB50.DBW5918",Short,1,RO,100,,,,,,,,,,"M5198起始地址",
"M5198.Task.Task","DB50.DBW5910",Short,1,RO,100,,,,,,,,,,"M5198任务号",
"M5198.Task.TpType","DB50.DBW5916",Short,1,RO,100,,,,,,,,,,"M5198货物类型",
"M5199.Alarm.B_Fault","DB50.DBX5952.4",Boolean,1,RO,100,,,,,,,,,,"M5199后超长",
"M5199.Alarm.DriveFault","DB70.DBX396.2",Boolean,1,RO,100,,,,,,,,,,"M5199驱动器故障",
"M5199.Alarm.EstopFault","DB70.DBX397.3",Boolean,1,RO,100,,,,,,,,,,"M5199急停故障",
"M5199.Alarm.F_Fault","DB50.DBX5952.3",Boolean,1,RO,100,,,,,,,,,,"M5199前超长",
"M5199.Alarm.H_Fault","DB50.DBX5952.2",Boolean,1,RO,100,,,,,,,,,,"M5199超高",
"M5199.Alarm.L_Fault","DB50.DBX5952.5",Boolean,1,RO,100,,,,,,,,,,"M5199左超宽",
"M5199.Alarm.LS_Fault","DB70.DBX397.2",Boolean,1,RO,100,,,,,,,,,,"M5199限位故障",
"M5199.Alarm.NoRead","DB50.DBX5953.1",Boolean,1,RO,100,,,,,,,,,,"M5199条码未读出",
"M5199.Alarm.OutSideFault","DB70.DBX397.1",Boolean,1,RO,100,,,,,,,,,,"M5199货物超边故障",
"M5199.Alarm.PH_Fault","DB70.DBX396.6",Boolean,1,RO,100,,,,,,,,,,"M5199光电管异常",
"M5199.Alarm.QF_Fault","DB70.DBX396.4",Boolean,1,RO,100,,,,,,,,,,"M5199空开故障",
"M5199.Alarm.QS_Fault","DB70.DBX396.5",Boolean,1,RO,100,,,,,,,,,,"M5199隔离开关故障",
"M5199.Alarm.R_Fault","DB50.DBX5952.6",Boolean,1,RO,100,,,,,,,,,,"M5199右超宽",
"M5199.Alarm.RFID_ReadFault","DB50.DBX5953.3",Boolean,1,RO,100,,,,,,,,,,"M5199RFID读取错误",
"M5199.Alarm.RFID_WriteFault","DB50.DBX5953.2",Boolean,1,RO,100,,,,,,,,,,"M5199RFID写入错误",
"M5199.Alarm.TimeOutFault","DB70.DBX396.3",Boolean,1,RO,100,,,,,,,,,,"M5199超时故障",
"M5199.Alarm.TM_JY_Fault","DB50.DBX5953.0",Boolean,1,RO,100,,,,,,,,,,"M5199条码校验故障",
"M5199.Alarm.TotalFault","DB70.DBX396.1",Boolean,1,RO,100,,,,,,,,,,"M5199总故障",
"M5199.Alarm.WX_Fault","DB50.DBX5952.1",Boolean,1,RO,100,,,,,,,,,,"M5199外形故障",
"M5199.Alarm.WX_TM_Fault","DB50.DBX5952.0",Boolean,1,RO,100,,,,,,,,,,"M5199外形条码总故障",
"M5199.State.Allow","DB50.DBB5959",Byte,1,RO,100,,,,,,,,,,"M5199允许拆盘",
"M5199.State.ForwardRun","DB70.DBX397.6",Boolean,1,RO,100,,,,,,,,,,"M5199正转运行",
"M5199.State.Get_Num","DB50.DBB5958",Byte,1,RO,100,,,,,,,,,,"M5199已取数量",
"M5199.State.KA5199_DOWN","Q78.7",Boolean,1,RO,100,,,,,,,,,,"5199气缸下降",
"M5199.State.KA5199_UP","Q78.5",Boolean,1,RO,100,,,,,,,,,,"5199气缸上升",
"M5199.State.LastOne","DB50.DBX5953.4",Boolean,1,RO,100,,,,,,,,,,"M5199强制推盘",
"M5199.State.Load","DB70.DBX397.5",Boolean,1,RO,100,,,,,,,,,,"M5199负载",
"M5199.State.MD_State1","DB50.DINT5960",Long,1,RO,100,,,,,,,,,,"M5199码垛状态1",
"M5199.State.MD_State2","DB50.DBB5964",Byte,1,RO,100,,,,,,,,,,"M5199码垛状态2",
"M5199.State.MS5199_1","I128.6",Boolean,1,RO,100,,,,,,,,,,"5199气缸高位",
"M5199.State.MS5199_2","I128.1",Boolean,1,RO,100,,,,,,,,,,"5199气缸低位",
"M5199.State.Need_Num","DB50.DBB5957",Byte,1,RO,100,,,,,,,,,,"M5199要取数量",
"M5199.State.PH1","I128.2",Boolean,1,RO,100,,,,,,,,,,"5199减速光电",
"M5199.State.PH2","I128.4",Boolean,1,RO,100,,,,,,,,,,"5199到位光电",
"M5199.State.ReversalRun","DB70.DBX397.7",Boolean,1,RO,100,,,,,,,,,,"M5199反转运行",
"M5199.State.Runing","DB70.DBX396.0",Boolean,1,RO,100,,,,,,,,,,"M5199设备运行标志",
"M5199.State.SelectPlace","DB70.DBX396.7",Boolean,1,RO,100,,,,,,,,,,"M5199选中位",
"M5199.State.YX_DX","DB50.DBB5955",Byte,1,RO,100,,,,,,,,,,"M5199码垛垛型",
"M5199.State.YX_Num","DB50.DBB5956",Byte,1,RO,100,,,,,,,,,,"M5199烟箱数量",
"M5199.State.YX_Type","DB50.DBB5954",Byte,1,RO,100,,,,,,,,,,"M5199烟箱类型",
"M5199.Task.Code","DB50.DINT5942",Long,1,RO,100,,,,,,,,,,"M5199托盘条码",
"M5199.Task.DestSta","DB50.DBW5950",Short,1,RO,100,,,,,,,,,,"M5199目标地址",
"M5199.Task.StartSta","DB50.DBW5948",Short,1,RO,100,,,,,,,,,,"M5199起始地址",
"M5199.Task.Task","DB50.DBW5940",Short,1,RO,100,,,,,,,,,,"M5199任务号",
"M5199.Task.TpType","DB50.DBW5946",Short,1,RO,100,,,,,,,,,,"M5199货物类型",
"M5200.Alarm.B_Fault","DB50.DBX5982.4",Boolean,1,RO,100,,,,,,,,,,"M5200后超长",
"M5200.Alarm.DriveFault","DB70.DBX398.2",Boolean,1,RO,100,,,,,,,,,,"M5200驱动器故障",
"M5200.Alarm.EstopFault","DB70.DBX399.3",Boolean,1,RO,100,,,,,,,,,,"M5200急停故障",
"M5200.Alarm.F_Fault","DB50.DBX5982.3",Boolean,1,RO,100,,,,,,,,,,"M5200前超长",
"M5200.Alarm.H_Fault","DB50.DBX5982.2",Boolean,1,RO,100,,,,,,,,,,"M5200超高",
"M5200.Alarm.L_Fault","DB50.DBX5982.5",Boolean,1,RO,100,,,,,,,,,,"M5200左超宽",
"M5200.Alarm.LS_Fault","DB70.DBX399.2",Boolean,1,RO,100,,,,,,,,,,"M5200限位故障",
"M5200.Alarm.NoRead","DB50.DBX5983.1",Boolean,1,RO,100,,,,,,,,,,"M5200条码未读出",
"M5200.Alarm.OutSideFault","DB70.DBX399.1",Boolean,1,RO,100,,,,,,,,,,"M5200货物超边故障",
"M5200.Alarm.PH_Fault","DB70.DBX398.6",Boolean,1,RO,100,,,,,,,,,,"M5200光电管异常",
"M5200.Alarm.QF_Fault","DB70.DBX398.4",Boolean,1,RO,100,,,,,,,,,,"M5200空开故障",
"M5200.Alarm.QS_Fault","DB70.DBX398.5",Boolean,1,RO,100,,,,,,,,,,"M5200隔离开关故障",
"M5200.Alarm.R_Fault","DB50.DBX5982.6",Boolean,1,RO,100,,,,,,,,,,"M5200右超宽",
"M5200.Alarm.RFID_ReadFault","DB50.DBX5983.3",Boolean,1,RO,100,,,,,,,,,,"M5200RFID读取错误",
"M5200.Alarm.RFID_WriteFault","DB50.DBX5983.2",Boolean,1,RO,100,,,,,,,,,,"M5200RFID写入错误",
"M5200.Alarm.TimeOutFault","DB70.DBX398.3",Boolean,1,RO,100,,,,,,,,,,"M5200超时故障",
"M5200.Alarm.TM_JY_Fault","DB50.DBX5983.0",Boolean,1,RO,100,,,,,,,,,,"M5200条码校验故障",
"M5200.Alarm.TotalFault","DB70.DBX398.1",Boolean,1,RO,100,,,,,,,,,,"M5200总故障",
"M5200.Alarm.WX_Fault","DB50.DBX5982.1",Boolean,1,RO,100,,,,,,,,,,"M5200外形故障",
"M5200.Alarm.WX_TM_Fault","DB50.DBX5982.0",Boolean,1,RO,100,,,,,,,,,,"M5200外形条码总故障",
"M5200.State.Allow","DB50.DBB5989",Byte,1,RO,100,,,,,,,,,,"M5200允许拆盘",
"M5200.State.ForwardRun","DB70.DBX399.6",Boolean,1,RO,100,,,,,,,,,,"M5200正转运行",
"M5200.State.Get_Num","DB50.DBB5988",Byte,1,RO,100,,,,,,,,,,"M5200已取数量",
"M5200.State.LastOne","DB50.DBX5983.4",Boolean,1,RO,100,,,,,,,,,,"M5200强制推盘",
"M5200.State.Load","DB70.DBX399.5",Boolean,1,RO,100,,,,,,,,,,"M5200负载",
"M5200.State.MD_State1","DB50.DINT5990",Long,1,RO,100,,,,,,,,,,"M5200码垛状态1",
"M5200.State.MD_State2","DB50.DBB5994",Byte,1,RO,100,,,,,,,,,,"M5200码垛状态2",
"M5200.State.Need_Num","DB50.DBB5987",Byte,1,RO,100,,,,,,,,,,"M5200要取数量",
"M5200.State.PH1","I129.2",Boolean,1,RO,100,,,,,,,,,,"5200到位光电",
"M5200.State.ReversalRun","DB70.DBX399.7",Boolean,1,RO,100,,,,,,,,,,"M5200反转运行",
"M5200.State.Runing","DB70.DBX398.0",Boolean,1,RO,100,,,,,,,,,,"M5200设备运行标志",
"M5200.State.SelectPlace","DB70.DBX398.7",Boolean,1,RO,100,,,,,,,,,,"M5200选中位",
"M5200.State.YX_DX","DB50.DBB5985",Byte,1,RO,100,,,,,,,,,,"M5200码垛垛型",
"M5200.State.YX_Num","DB50.DBB5986",Byte,1,RO,100,,,,,,,,,,"M5200烟箱数量",
"M5200.State.YX_Type","DB50.DBB5984",Byte,1,RO,100,,,,,,,,,,"M5200烟箱类型",
"M5200.Task.Code","DB50.DINT5972",Long,1,RO,100,,,,,,,,,,"M5200托盘条码",
"M5200.Task.DestSta","DB50.DBW5980",Short,1,RO,100,,,,,,,,,,"M5200目标地址",
"M5200.Task.StartSta","DB50.DBW5978",Short,1,RO,100,,,,,,,,,,"M5200起始地址",
"M5200.Task.Task","DB50.DBW5970",Short,1,RO,100,,,,,,,,,,"M5200任务号",
"M5200.Task.TpType","DB50.DBW5976",Short,1,RO,100,,,,,,,,,,"M5200货物类型",
"M5201.Alarm.B_Fault","DB50.DBX6012.4",Boolean,1,RO,100,,,,,,,,,,"M5201后超长",
"M5201.Alarm.DriveFault","DB70.DBX400.2",Boolean,1,RO,100,,,,,,,,,,"M5201驱动器故障",
"M5201.Alarm.EstopFault","DB70.DBX401.3",Boolean,1,RO,100,,,,,,,,,,"M5201急停故障",
"M5201.Alarm.F_Fault","DB50.DBX6012.3",Boolean,1,RO,100,,,,,,,,,,"M5201前超长",
"M5201.Alarm.H_Fault","DB50.DBX6012.2",Boolean,1,RO,100,,,,,,,,,,"M5201超高",
"M5201.Alarm.L_Fault","DB50.DBX6012.5",Boolean,1,RO,100,,,,,,,,,,"M5201左超宽",
"M5201.Alarm.LS_Fault","DB70.DBX401.2",Boolean,1,RO,100,,,,,,,,,,"M5201限位故障",
"M5201.Alarm.NoRead","DB50.DBX6013.1",Boolean,1,RO,100,,,,,,,,,,"M5201条码未读出",
"M5201.Alarm.OutSideFault","DB70.DBX401.1",Boolean,1,RO,100,,,,,,,,,,"M5201货物超边故障",
"M5201.Alarm.PH_Fault","DB70.DBX400.6",Boolean,1,RO,100,,,,,,,,,,"M5201光电管异常",
"M5201.Alarm.QF_Fault","DB70.DBX400.4",Boolean,1,RO,100,,,,,,,,,,"M5201空开故障",
"M5201.Alarm.QS_Fault","DB70.DBX400.5",Boolean,1,RO,100,,,,,,,,,,"M5201隔离开关故障",
"M5201.Alarm.R_Fault","DB50.DBX6012.6",Boolean,1,RO,100,,,,,,,,,,"M5201右超宽",
"M5201.Alarm.RFID_ReadFault","DB50.DBX6013.3",Boolean,1,RO,100,,,,,,,,,,"M5201RFID读取错误",
"M5201.Alarm.RFID_WriteFault","DB50.DBX6013.2",Boolean,1,RO,100,,,,,,,,,,"M5201RFID写入错误",
"M5201.Alarm.TimeOutFault","DB70.DBX400.3",Boolean,1,RO,100,,,,,,,,,,"M5201超时故障",
"M5201.Alarm.TM_JY_Fault","DB50.DBX6013.0",Boolean,1,RO,100,,,,,,,,,,"M5201条码校验故障",
"M5201.Alarm.TotalFault","DB70.DBX400.1",Boolean,1,RO,100,,,,,,,,,,"M5201总故障",
"M5201.Alarm.WX_Fault","DB50.DBX6012.1",Boolean,1,RO,100,,,,,,,,,,"M5201外形故障",
"M5201.Alarm.WX_TM_Fault","DB50.DBX6012.0",Boolean,1,RO,100,,,,,,,,,,"M5201外形条码总故障",
"M5201.State.Allow","DB50.DBB6019",Byte,1,RO,100,,,,,,,,,,"M5201允许拆盘",
"M5201.State.ForwardRun","DB70.DBX401.6",Boolean,1,RO,100,,,,,,,,,,"M5201正转运行",
"M5201.State.Get_Num","DB50.DBB6018",Byte,1,RO,100,,,,,,,,,,"M5201已取数量",
"M5201.State.KA5201_DOWN","Q89.2",Boolean,1,RO,100,,,,,,,,,,"5201气缸下降",
"M5201.State.KA5201_UP","Q89.0",Boolean,1,RO,100,,,,,,,,,,"5201气缸上升",
"M5201.State.LastOne","DB50.DBX6013.4",Boolean,1,RO,100,,,,,,,,,,"M5201强制推盘",
"M5201.State.Load","DB70.DBX401.5",Boolean,1,RO,100,,,,,,,,,,"M5201负载",
"M5201.State.MD_State1","DB50.DINT6020",Long,1,RO,100,,,,,,,,,,"M5201码垛状态1",
"M5201.State.MD_State2","DB50.DBB6024",Byte,1,RO,100,,,,,,,,,,"M5201码垛状态2",
"M5201.State.MS5201_1","I141.6",Boolean,1,RO,100,,,,,,,,,,"5201气缸高位",
"M5201.State.MS5201_2","I141.1",Boolean,1,RO,100,,,,,,,,,,"5201气缸低位",
"M5201.State.Need_Num","DB50.DBB6017",Byte,1,RO,100,,,,,,,,,,"M5201要取数量",
"M5201.State.PH1","I141.2",Boolean,1,RO,100,,,,,,,,,,"5201减速光电",
"M5201.State.PH2","I141.4",Boolean,1,RO,100,,,,,,,,,,"5201到位光电",
"M5201.State.ReversalRun","DB70.DBX401.7",Boolean,1,RO,100,,,,,,,,,,"M5201反转运行",
"M5201.State.Runing","DB70.DBX400.0",Boolean,1,RO,100,,,,,,,,,,"M5201设备运行标志",
"M5201.State.SelectPlace","DB70.DBX400.7",Boolean,1,RO,100,,,,,,,,,,"M5201选中位",
"M5201.State.YX_DX","DB50.DBB6015",Byte,1,RO,100,,,,,,,,,,"M5201码垛垛型",
"M5201.State.YX_Num","DB50.DBB6016",Byte,1,RO,100,,,,,,,,,,"M5201烟箱数量",
"M5201.State.YX_Type","DB50.DBB6014",Byte,1,RO,100,,,,,,,,,,"M5201烟箱类型",
"M5201.Task.Code","DB50.DINT6002",Long,1,RO,100,,,,,,,,,,"M5201托盘条码",
"M5201.Task.DestSta","DB50.DBW6010",Short,1,RO,100,,,,,,,,,,"M5201目标地址",
"M5201.Task.StartSta","DB50.DBW6008",Short,1,RO,100,,,,,,,,,,"M5201起始地址",
"M5201.Task.Task","DB50.DBW6000",Short,1,RO,100,,,,,,,,,,"M5201任务号",
"M5201.Task.TpType","DB50.DBW6006",Short,1,RO,100,,,,,,,,,,"M5201货物类型",
"M5202.Alarm.B_Fault","DB50.DBX6042.4",Boolean,1,RO,100,,,,,,,,,,"M5202后超长",
"M5202.Alarm.DriveFault","DB70.DBX402.2",Boolean,1,RO,100,,,,,,,,,,"M5202驱动器故障",
"M5202.Alarm.EstopFault","DB70.DBX403.3",Boolean,1,RO,100,,,,,,,,,,"M5202急停故障",
"M5202.Alarm.F_Fault","DB50.DBX6042.3",Boolean,1,RO,100,,,,,,,,,,"M5202前超长",
"M5202.Alarm.H_Fault","DB50.DBX6042.2",Boolean,1,RO,100,,,,,,,,,,"M5202超高",
"M5202.Alarm.L_Fault","DB50.DBX6042.5",Boolean,1,RO,100,,,,,,,,,,"M5202左超宽",
"M5202.Alarm.LS_Fault","DB70.DBX403.2",Boolean,1,RO,100,,,,,,,,,,"M5202限位故障",
"M5202.Alarm.NoRead","DB50.DBX6043.1",Boolean,1,RO,100,,,,,,,,,,"M5202条码未读出",
"M5202.Alarm.OutSideFault","DB70.DBX403.1",Boolean,1,RO,100,,,,,,,,,,"M5202货物超边故障",
"M5202.Alarm.PH_Fault","DB70.DBX402.6",Boolean,1,RO,100,,,,,,,,,,"M5202光电管异常",
"M5202.Alarm.QF_Fault","DB70.DBX402.4",Boolean,1,RO,100,,,,,,,,,,"M5202空开故障",
"M5202.Alarm.QS_Fault","DB70.DBX402.5",Boolean,1,RO,100,,,,,,,,,,"M5202隔离开关故障",
"M5202.Alarm.R_Fault","DB50.DBX6042.6",Boolean,1,RO,100,,,,,,,,,,"M5202右超宽",
"M5202.Alarm.RFID_ReadFault","DB50.DBX6043.3",Boolean,1,RO,100,,,,,,,,,,"M5202RFID读取错误",
"M5202.Alarm.RFID_WriteFault","DB50.DBX6043.2",Boolean,1,RO,100,,,,,,,,,,"M5202RFID写入错误",
"M5202.Alarm.TimeOutFault","DB70.DBX402.3",Boolean,1,RO,100,,,,,,,,,,"M5202超时故障",
"M5202.Alarm.TM_JY_Fault","DB50.DBX6043.0",Boolean,1,RO,100,,,,,,,,,,"M5202条码校验故障",
"M5202.Alarm.TotalFault","DB70.DBX402.1",Boolean,1,RO,100,,,,,,,,,,"M5202总故障",
"M5202.Alarm.WX_Fault","DB50.DBX6042.1",Boolean,1,RO,100,,,,,,,,,,"M5202外形故障",
"M5202.Alarm.WX_TM_Fault","DB50.DBX6042.0",Boolean,1,RO,100,,,,,,,,,,"M5202外形条码总故障",
"M5202.State.Allow","DB50.DBB6049",Byte,1,RO,100,,,,,,,,,,"M5202允许拆盘",
"M5202.State.ForwardRun","DB70.DBX403.6",Boolean,1,RO,100,,,,,,,,,,"M5202正转运行",
"M5202.State.Get_Num","DB50.DBB6048",Byte,1,RO,100,,,,,,,,,,"M5202已取数量",
"M5202.State.LastOne","DB50.DBX6043.4",Boolean,1,RO,100,,,,,,,,,,"M5202强制推盘",
"M5202.State.Load","DB70.DBX403.5",Boolean,1,RO,100,,,,,,,,,,"M5202负载",
"M5202.State.MD_State1","DB50.DINT6050",Long,1,RO,100,,,,,,,,,,"M5202码垛状态1",
"M5202.State.MD_State2","DB50.DBB6054",Byte,1,RO,100,,,,,,,,,,"M5202码垛状态2",
"M5202.State.Need_Num","DB50.DBB6047",Byte,1,RO,100,,,,,,,,,,"M5202要取数量",
"M5202.State.PH1","I142.2",Boolean,1,RO,100,,,,,,,,,,"5202到位光电1",
"M5202.State.ReversalRun","DB70.DBX403.7",Boolean,1,RO,100,,,,,,,,,,"M5202反转运行",
"M5202.State.Runing","DB70.DBX402.0",Boolean,1,RO,100,,,,,,,,,,"M5202设备运行标志",
"M5202.State.SelectPlace","DB70.DBX402.7",Boolean,1,RO,100,,,,,,,,,,"M5202选中位",
"M5202.State.YX_DX","DB50.DBB6045",Byte,1,RO,100,,,,,,,,,,"M5202码垛垛型",
"M5202.State.YX_Num","DB50.DBB6046",Byte,1,RO,100,,,,,,,,,,"M5202烟箱数量",
"M5202.State.YX_Type","DB50.DBB6044",Byte,1,RO,100,,,,,,,,,,"M5202烟箱类型",
"M5202.Task.Code","DB50.DINT6032",Long,1,RO,100,,,,,,,,,,"M5202托盘条码",
"M5202.Task.DestSta","DB50.DBW6040",Short,1,RO,100,,,,,,,,,,"M5202目标地址",
"M5202.Task.StartSta","DB50.DBW6038",Short,1,RO,100,,,,,,,,,,"M5202起始地址",
"M5202.Task.Task","DB50.DBW6030",Short,1,RO,100,,,,,,,,,,"M5202任务号",
"M5202.Task.TpType","DB50.DBW6036",Short,1,RO,100,,,,,,,,,,"M5202货物类型",
"M5203.Alarm.B_Fault","DB50.DBX6072.4",Boolean,1,RO,100,,,,,,,,,,"M5203后超长",
"M5203.Alarm.DriveFault","DB70.DBX404.2",Boolean,1,RO,100,,,,,,,,,,"M5203驱动器故障",
"M5203.Alarm.EstopFault","DB70.DBX405.3",Boolean,1,RO,100,,,,,,,,,,"M5203急停故障",
"M5203.Alarm.F_Fault","DB50.DBX6072.3",Boolean,1,RO,100,,,,,,,,,,"M5203前超长",
"M5203.Alarm.H_Fault","DB50.DBX6072.2",Boolean,1,RO,100,,,,,,,,,,"M5203超高",
"M5203.Alarm.L_Fault","DB50.DBX6072.5",Boolean,1,RO,100,,,,,,,,,,"M5203左超宽",
"M5203.Alarm.LS_Fault","DB70.DBX405.2",Boolean,1,RO,100,,,,,,,,,,"M5203限位故障",
"M5203.Alarm.NoRead","DB50.DBX6073.1",Boolean,1,RO,100,,,,,,,,,,"M5203条码未读出",
"M5203.Alarm.OutSideFault","DB70.DBX405.1",Boolean,1,RO,100,,,,,,,,,,"M5203货物超边故障",
"M5203.Alarm.PH_Fault","DB70.DBX404.6",Boolean,1,RO,100,,,,,,,,,,"M5203光电管异常",
"M5203.Alarm.QF_Fault","DB70.DBX404.4",Boolean,1,RO,100,,,,,,,,,,"M5203空开故障",
"M5203.Alarm.QS_Fault","DB70.DBX404.5",Boolean,1,RO,100,,,,,,,,,,"M5203隔离开关故障",
"M5203.Alarm.R_Fault","DB50.DBX6072.6",Boolean,1,RO,100,,,,,,,,,,"M5203右超宽",
"M5203.Alarm.RFID_ReadFault","DB50.DBX6073.3",Boolean,1,RO,100,,,,,,,,,,"M5203RFID读取错误",
"M5203.Alarm.RFID_WriteFault","DB50.DBX6073.2",Boolean,1,RO,100,,,,,,,,,,"M5203RFID写入错误",
"M5203.Alarm.TimeOutFault","DB70.DBX404.3",Boolean,1,RO,100,,,,,,,,,,"M5203超时故障",
"M5203.Alarm.TM_JY_Fault","DB50.DBX6073.0",Boolean,1,RO,100,,,,,,,,,,"M5203条码校验故障",
"M5203.Alarm.TotalFault","DB70.DBX404.1",Boolean,1,RO,100,,,,,,,,,,"M5203总故障",
"M5203.Alarm.WX_Fault","DB50.DBX6072.1",Boolean,1,RO,100,,,,,,,,,,"M5203外形故障",
"M5203.Alarm.WX_TM_Fault","DB50.DBX6072.0",Boolean,1,RO,100,,,,,,,,,,"M5203外形条码总故障",
"M5203.State.Allow","DB50.DBB6079",Byte,1,RO,100,,,,,,,,,,"M5203允许拆盘",
"M5203.State.ForwardRun","DB70.DBX405.6",Boolean,1,RO,100,,,,,,,,,,"M5203正转运行",
"M5203.State.Get_Num","DB50.DBB6078",Byte,1,RO,100,,,,,,,,,,"M5203已取数量",
"M5203.State.LastOne","DB50.DBX6073.4",Boolean,1,RO,100,,,,,,,,,,"M5203强制推盘",
"M5203.State.Load","DB70.DBX405.5",Boolean,1,RO,100,,,,,,,,,,"M5203负载",
"M5203.State.MD_State1","DB50.DINT6080",Long,1,RO,100,,,,,,,,,,"M5203码垛状态1",
"M5203.State.MD_State2","DB50.DBB6084",Byte,1,RO,100,,,,,,,,,,"M5203码垛状态2",
"M5203.State.Need_Num","DB50.DBB6077",Byte,1,RO,100,,,,,,,,,,"M5203要取数量",
"M5203.State.PH1","I141.5",Boolean,1,RO,100,,,,,,,,,,"5203到位光电1",
"M5203.State.PH2","I141.7",Boolean,1,RO,100,,,,,,,,,,"5203到位光电2",
"M5203.State.ReversalRun","DB70.DBX405.7",Boolean,1,RO,100,,,,,,,,,,"M5203反转运行",
"M5203.State.Runing","DB70.DBX404.0",Boolean,1,RO,100,,,,,,,,,,"M5203设备运行标志",
"M5203.State.SelectPlace","DB70.DBX404.7",Boolean,1,RO,100,,,,,,,,,,"M5203选中位",
"M5203.State.YX_DX","DB50.DBB6075",Byte,1,RO,100,,,,,,,,,,"M5203码垛垛型",
"M5203.State.YX_Num","DB50.DBB6076",Byte,1,RO,100,,,,,,,,,,"M5203烟箱数量",
"M5203.State.YX_Type","DB50.DBB6074",Byte,1,RO,100,,,,,,,,,,"M5203烟箱类型",
"M5203.Task.Code","DB50.DINT6062",Long,1,RO,100,,,,,,,,,,"M5203托盘条码",
"M5203.Task.DestSta","DB50.DBW6070",Short,1,RO,100,,,,,,,,,,"M5203目标地址",
"M5203.Task.StartSta","DB50.DBW6068",Short,1,RO,100,,,,,,,,,,"M5203起始地址",
"M5203.Task.Task","DB50.DBW6060",Short,1,RO,100,,,,,,,,,,"M5203任务号",
"M5203.Task.TpType","DB50.DBW6066",Short,1,RO,100,,,,,,,,,,"M5203货物类型",
"M5204.Alarm.B_Fault","DB50.DBX6102.4",Boolean,1,RO,100,,,,,,,,,,"M5204后超长",
"M5204.Alarm.DriveFault","DB70.DBX406.2",Boolean,1,RO,100,,,,,,,,,,"M5204驱动器故障",
"M5204.Alarm.EstopFault","DB70.DBX407.3",Boolean,1,RO,100,,,,,,,,,,"M5204急停故障",
"M5204.Alarm.F_Fault","DB50.DBX6102.3",Boolean,1,RO,100,,,,,,,,,,"M5204前超长",
"M5204.Alarm.H_Fault","DB50.DBX6102.2",Boolean,1,RO,100,,,,,,,,,,"M5204超高",
"M5204.Alarm.L_Fault","DB50.DBX6102.5",Boolean,1,RO,100,,,,,,,,,,"M5204左超宽",
"M5204.Alarm.LS_Fault","DB70.DBX407.2",Boolean,1,RO,100,,,,,,,,,,"M5204限位故障",
"M5204.Alarm.NoRead","DB50.DBX6103.1",Boolean,1,RO,100,,,,,,,,,,"M5204条码未读出",
"M5204.Alarm.OutSideFault","DB70.DBX407.1",Boolean,1,RO,100,,,,,,,,,,"M5204货物超边故障",
"M5204.Alarm.PH_Fault","DB70.DBX406.6",Boolean,1,RO,100,,,,,,,,,,"M5204光电管异常",
"M5204.Alarm.QF_Fault","DB70.DBX406.4",Boolean,1,RO,100,,,,,,,,,,"M5204空开故障",
"M5204.Alarm.QS_Fault","DB70.DBX406.5",Boolean,1,RO,100,,,,,,,,,,"M5204隔离开关故障",
"M5204.Alarm.R_Fault","DB50.DBX6102.6",Boolean,1,RO,100,,,,,,,,,,"M5204右超宽",
"M5204.Alarm.RFID_ReadFault","DB50.DBX6103.3",Boolean,1,RO,100,,,,,,,,,,"M5204RFID读取错误",
"M5204.Alarm.RFID_WriteFault","DB50.DBX6103.2",Boolean,1,RO,100,,,,,,,,,,"M5204RFID写入错误",
"M5204.Alarm.TimeOutFault","DB70.DBX406.3",Boolean,1,RO,100,,,,,,,,,,"M5204超时故障",
"M5204.Alarm.TM_JY_Fault","DB50.DBX6103.0",Boolean,1,RO,100,,,,,,,,,,"M5204条码校验故障",
"M5204.Alarm.TotalFault","DB70.DBX406.1",Boolean,1,RO,100,,,,,,,,,,"M5204总故障",
"M5204.Alarm.WX_Fault","DB50.DBX6102.1",Boolean,1,RO,100,,,,,,,,,,"M5204外形故障",
"M5204.Alarm.WX_TM_Fault","DB50.DBX6102.0",Boolean,1,RO,100,,,,,,,,,,"M5204外形条码总故障",
"M5204.State.Allow","DB50.DBB6109",Byte,1,RO,100,,,,,,,,,,"M5204允许拆盘",
"M5204.State.ForwardRun","DB70.DBX407.6",Boolean,1,RO,100,,,,,,,,,,"M5204正转运行",
"M5204.State.Get_Num","DB50.DBB6108",Byte,1,RO,100,,,,,,,,,,"M5204已取数量",
"M5204.State.LastOne","DB50.DBX6103.4",Boolean,1,RO,100,,,,,,,,,,"M5204强制推盘",
"M5204.State.Load","DB70.DBX407.5",Boolean,1,RO,100,,,,,,,,,,"M5204负载",
"M5204.State.M5204_2_RF","Q272.0",Boolean,1,RO,100,,,,,,,,,,"5204.2上升",
"M5204.State.MD_State1","DB50.DINT6110",Long,1,RO,100,,,,,,,,,,"M5204码垛状态1",
"M5204.State.MD_State2","DB50.DBB6114",Byte,1,RO,100,,,,,,,,,,"M5204码垛状态2",
"M5204.State.Need_Num","DB50.DBB6107",Byte,1,RO,100,,,,,,,,,,"M5204要取数量",
"M5204.State.PR5204_1","I140.5",Boolean,1,RO,100,,,,,,,,,,"5204高位",
"M5204.State.PR5204_2","I140.7",Boolean,1,RO,100,,,,,,,,,,"5204低位",
"M5204.State.ReversalRun","DB70.DBX407.7",Boolean,1,RO,100,,,,,,,,,,"M5204反转运行",
"M5204.State.Runing","DB70.DBX406.0",Boolean,1,RO,100,,,,,,,,,,"M5204设备运行标志",
"M5204.State.SelectPlace","DB70.DBX406.7",Boolean,1,RO,100,,,,,,,,,,"M5204选中位",
"M5204.State.YX_DX","DB50.DBB6105",Byte,1,RO,100,,,,,,,,,,"M5204码垛垛型",
"M5204.State.YX_Num","DB50.DBB6106",Byte,1,RO,100,,,,,,,,,,"M5204烟箱数量",
"M5204.State.YX_Type","DB50.DBB6104",Byte,1,RO,100,,,,,,,,,,"M5204烟箱类型",
"M5204.Task.Code","DB50.DINT6092",Long,1,RO,100,,,,,,,,,,"M5204托盘条码",
"M5204.Task.DestSta","DB50.DBW6100",Short,1,RO,100,,,,,,,,,,"M5204目标地址",
"M5204.Task.StartSta","DB50.DBW6098",Short,1,RO,100,,,,,,,,,,"M5204起始地址",
"M5204.Task.Task","DB50.DBW6090",Short,1,RO,100,,,,,,,,,,"M5204任务号",
"M5204.Task.TpType","DB50.DBW6096",Short,1,RO,100,,,,,,,,,,"M5204货物类型",
"M5205.Alarm.B_Fault","DB50.DBX6132.4",Boolean,1,RO,100,,,,,,,,,,"M5205后超长",
"M5205.Alarm.DriveFault","DB70.DBX408.2",Boolean,1,RO,100,,,,,,,,,,"M5205驱动器故障",
"M5205.Alarm.EstopFault","DB70.DBX409.3",Boolean,1,RO,100,,,,,,,,,,"M5205急停故障",
"M5205.Alarm.F_Fault","DB50.DBX6132.3",Boolean,1,RO,100,,,,,,,,,,"M5205前超长",
"M5205.Alarm.H_Fault","DB50.DBX6132.2",Boolean,1,RO,100,,,,,,,,,,"M5205超高",
"M5205.Alarm.L_Fault","DB50.DBX6132.5",Boolean,1,RO,100,,,,,,,,,,"M5205左超宽",
"M5205.Alarm.LS_Fault","DB70.DBX409.2",Boolean,1,RO,100,,,,,,,,,,"M5205限位故障",
"M5205.Alarm.NoRead","DB50.DBX6133.1",Boolean,1,RO,100,,,,,,,,,,"M5205条码未读出",
"M5205.Alarm.OutSideFault","DB70.DBX409.1",Boolean,1,RO,100,,,,,,,,,,"M5205货物超边故障",
"M5205.Alarm.PH_Fault","DB70.DBX408.6",Boolean,1,RO,100,,,,,,,,,,"M5205光电管异常",
"M5205.Alarm.QF_Fault","DB70.DBX408.4",Boolean,1,RO,100,,,,,,,,,,"M5205空开故障",
"M5205.Alarm.QS_Fault","DB70.DBX408.5",Boolean,1,RO,100,,,,,,,,,,"M5205隔离开关故障",
"M5205.Alarm.R_Fault","DB50.DBX6132.6",Boolean,1,RO,100,,,,,,,,,,"M5205右超宽",
"M5205.Alarm.RFID_ReadFault","DB50.DBX6133.3",Boolean,1,RO,100,,,,,,,,,,"M5205RFID读取错误",
"M5205.Alarm.RFID_WriteFault","DB50.DBX6133.2",Boolean,1,RO,100,,,,,,,,,,"M5205RFID写入错误",
"M5205.Alarm.TimeOutFault","DB70.DBX408.3",Boolean,1,RO,100,,,,,,,,,,"M5205超时故障",
"M5205.Alarm.TM_JY_Fault","DB50.DBX6133.0",Boolean,1,RO,100,,,,,,,,,,"M5205条码校验故障",
"M5205.Alarm.TotalFault","DB70.DBX408.1",Boolean,1,RO,100,,,,,,,,,,"M5205总故障",
"M5205.Alarm.WX_Fault","DB50.DBX6132.1",Boolean,1,RO,100,,,,,,,,,,"M5205外形故障",
"M5205.Alarm.WX_TM_Fault","DB50.DBX6132.0",Boolean,1,RO,100,,,,,,,,,,"M5205外形条码总故障",
"M5205.State.Allow","DB50.DBB6139",Byte,1,RO,100,,,,,,,,,,"M5205允许拆盘",
"M5205.State.ForwardRun","DB70.DBX409.6",Boolean,1,RO,100,,,,,,,,,,"M5205正转运行",
"M5205.State.Get_Num","DB50.DBB6138",Byte,1,RO,100,,,,,,,,,,"M5205已取数量",
"M5205.State.LastOne","DB50.DBX6133.4",Boolean,1,RO,100,,,,,,,,,,"M5205强制推盘",
"M5205.State.Load","DB70.DBX409.5",Boolean,1,RO,100,,,,,,,,,,"M5205负载",
"M5205.State.MD_State1","DB50.DINT6140",Long,1,RO,100,,,,,,,,,,"M5205码垛状态1",
"M5205.State.MD_State2","DB50.DBB6144",Byte,1,RO,100,,,,,,,,,,"M5205码垛状态2",
"M5205.State.Need_Num","DB50.DBB6137",Byte,1,RO,100,,,,,,,,,,"M5205要取数量",
"M5205.State.PH1","I143.2",Boolean,1,RO,100,,,,,,,,,,"5205减速光电",
"M5205.State.PH2","I143.4",Boolean,1,RO,100,,,,,,,,,,"5205到位光电",
"M5205.State.ReversalRun","DB70.DBX409.7",Boolean,1,RO,100,,,,,,,,,,"M5205反转运行",
"M5205.State.Runing","DB70.DBX408.0",Boolean,1,RO,100,,,,,,,,,,"M5205设备运行标志",
"M5205.State.SelectPlace","DB70.DBX408.7",Boolean,1,RO,100,,,,,,,,,,"M5205选中位",
"M5205.State.YX_DX","DB50.DBB6135",Byte,1,RO,100,,,,,,,,,,"M5205码垛垛型",
"M5205.State.YX_Num","DB50.DBB6136",Byte,1,RO,100,,,,,,,,,,"M5205烟箱数量",
"M5205.State.YX_Type","DB50.DBB6134",Byte,1,RO,100,,,,,,,,,,"M5205烟箱类型",
"M5205.Task.Code","DB50.DINT6122",Long,1,RO,100,,,,,,,,,,"M5205托盘条码",
"M5205.Task.DestSta","DB50.DBW6130",Short,1,RO,100,,,,,,,,,,"M5205目标地址",
"M5205.Task.StartSta","DB50.DBW6128",Short,1,RO,100,,,,,,,,,,"M5205起始地址",
"M5205.Task.Task","DB50.DBW6120",Short,1,RO,100,,,,,,,,,,"M5205任务号",
"M5205.Task.TpType","DB50.DBW6126",Short,1,RO,100,,,,,,,,,,"M5205货物类型",
"M5206.Alarm.B_Fault","DB50.DBX6162.4",Boolean,1,RO,100,,,,,,,,,,"M5206后超长",
"M5206.Alarm.DriveFault","DB70.DBX410.2",Boolean,1,RO,100,,,,,,,,,,"M5206驱动器故障",
"M5206.Alarm.EstopFault","DB70.DBX411.3",Boolean,1,RO,100,,,,,,,,,,"M5206急停故障",
"M5206.Alarm.F_Fault","DB50.DBX6162.3",Boolean,1,RO,100,,,,,,,,,,"M5206前超长",
"M5206.Alarm.H_Fault","DB50.DBX6162.2",Boolean,1,RO,100,,,,,,,,,,"M5206超高",
"M5206.Alarm.L_Fault","DB50.DBX6162.5",Boolean,1,RO,100,,,,,,,,,,"M5206左超宽",
"M5206.Alarm.LS_Fault","DB70.DBX411.2",Boolean,1,RO,100,,,,,,,,,,"M5206限位故障",
"M5206.Alarm.NoRead","DB50.DBX6163.1",Boolean,1,RO,100,,,,,,,,,,"M5206条码未读出",
"M5206.Alarm.OutSideFault","DB70.DBX411.1",Boolean,1,RO,100,,,,,,,,,,"M5206货物超边故障",
"M5206.Alarm.PH_Fault","DB70.DBX410.6",Boolean,1,RO,100,,,,,,,,,,"M5206光电管异常",
"M5206.Alarm.QF_Fault","DB70.DBX410.4",Boolean,1,RO,100,,,,,,,,,,"M5206空开故障",
"M5206.Alarm.QS_Fault","DB70.DBX410.5",Boolean,1,RO,100,,,,,,,,,,"M5206隔离开关故障",
"M5206.Alarm.R_Fault","DB50.DBX6162.6",Boolean,1,RO,100,,,,,,,,,,"M5206右超宽",
"M5206.Alarm.RFID_ReadFault","DB50.DBX6163.3",Boolean,1,RO,100,,,,,,,,,,"M5206RFID读取错误",
"M5206.Alarm.RFID_WriteFault","DB50.DBX6163.2",Boolean,1,RO,100,,,,,,,,,,"M5206RFID写入错误",
"M5206.Alarm.TimeOutFault","DB70.DBX410.3",Boolean,1,RO,100,,,,,,,,,,"M5206超时故障",
"M5206.Alarm.TM_JY_Fault","DB50.DBX6163.0",Boolean,1,RO,100,,,,,,,,,,"M5206条码校验故障",
"M5206.Alarm.TotalFault","DB70.DBX410.1",Boolean,1,RO,100,,,,,,,,,,"M5206总故障",
"M5206.Alarm.WX_Fault","DB50.DBX6162.1",Boolean,1,RO,100,,,,,,,,,,"M5206外形故障",
"M5206.Alarm.WX_TM_Fault","DB50.DBX6162.0",Boolean,1,RO,100,,,,,,,,,,"M5206外形条码总故障",
"M5206.State.Allow","DB50.DBB6169",Byte,1,RO,100,,,,,,,,,,"M5206允许拆盘",
"M5206.State.ForwardRun","DB70.DBX411.6",Boolean,1,RO,100,,,,,,,,,,"M5206正转运行",
"M5206.State.Get_Num","DB50.DBB6168",Byte,1,RO,100,,,,,,,,,,"M5206已取数量",
"M5206.State.LastOne","DB50.DBX6163.4",Boolean,1,RO,100,,,,,,,,,,"M5206强制推盘",
"M5206.State.Load","DB70.DBX411.5",Boolean,1,RO,100,,,,,,,,,,"M5206负载",
"M5206.State.MD_State1","DB50.DINT6170",Long,1,RO,100,,,,,,,,,,"M5206码垛状态1",
"M5206.State.MD_State2","DB50.DBB6174",Byte,1,RO,100,,,,,,,,,,"M5206码垛状态2",
"M5206.State.Need_Num","DB50.DBB6167",Byte,1,RO,100,,,,,,,,,,"M5206要取数量",
"M5206.State.PH1","I142.6",Boolean,1,RO,100,,,,,,,,,,"5206到位光电1",
"M5206.State.ReversalRun","DB70.DBX411.7",Boolean,1,RO,100,,,,,,,,,,"M5206反转运行",
"M5206.State.Runing","DB70.DBX410.0",Boolean,1,RO,100,,,,,,,,,,"M5206设备运行标志",
"M5206.State.SelectPlace","DB70.DBX410.7",Boolean,1,RO,100,,,,,,,,,,"M5206选中位",
"M5206.State.YX_DX","DB50.DBB6165",Byte,1,RO,100,,,,,,,,,,"M5206码垛垛型",
"M5206.State.YX_Num","DB50.DBB6166",Byte,1,RO,100,,,,,,,,,,"M5206烟箱数量",
"M5206.State.YX_Type","DB50.DBB6164",Byte,1,RO,100,,,,,,,,,,"M5206烟箱类型",
"M5206.Task.Code","DB50.DINT6152",Long,1,RO,100,,,,,,,,,,"M5206托盘条码",
"M5206.Task.DestSta","DB50.DBW6160",Short,1,RO,100,,,,,,,,,,"M5206目标地址",
"M5206.Task.StartSta","DB50.DBW6158",Short,1,RO,100,,,,,,,,,,"M5206起始地址",
"M5206.Task.Task","DB50.DBW6150",Short,1,RO,100,,,,,,,,,,"M5206任务号",
"M5206.Task.TpType","DB50.DBW6156",Short,1,RO,100,,,,,,,,,,"M5206货物类型",
"M5207.Alarm.B_Fault","DB50.DBX6192.4",Boolean,1,RO,100,,,,,,,,,,"M5207后超长",
"M5207.Alarm.DriveFault","DB70.DBX412.2",Boolean,1,RO,100,,,,,,,,,,"M5207驱动器故障",
"M5207.Alarm.EstopFault","DB70.DBX413.3",Boolean,1,RO,100,,,,,,,,,,"M5207急停故障",
"M5207.Alarm.F_Fault","DB50.DBX6192.3",Boolean,1,RO,100,,,,,,,,,,"M5207前超长",
"M5207.Alarm.H_Fault","DB50.DBX6192.2",Boolean,1,RO,100,,,,,,,,,,"M5207超高",
"M5207.Alarm.L_Fault","DB50.DBX6192.5",Boolean,1,RO,100,,,,,,,,,,"M5207左超宽",
"M5207.Alarm.LS_Fault","DB70.DBX413.2",Boolean,1,RO,100,,,,,,,,,,"M5207限位故障",
"M5207.Alarm.NoRead","DB50.DBX6193.1",Boolean,1,RO,100,,,,,,,,,,"M5207条码未读出",
"M5207.Alarm.OutSideFault","DB70.DBX413.1",Boolean,1,RO,100,,,,,,,,,,"M5207货物超边故障",
"M5207.Alarm.PH_Fault","DB70.DBX412.6",Boolean,1,RO,100,,,,,,,,,,"M5207光电管异常",
"M5207.Alarm.QF_Fault","DB70.DBX412.4",Boolean,1,RO,100,,,,,,,,,,"M5207空开故障",
"M5207.Alarm.QS_Fault","DB70.DBX412.5",Boolean,1,RO,100,,,,,,,,,,"M5207隔离开关故障",
"M5207.Alarm.R_Fault","DB50.DBX6192.6",Boolean,1,RO,100,,,,,,,,,,"M5207右超宽",
"M5207.Alarm.RFID_ReadFault","DB50.DBX6193.3",Boolean,1,RO,100,,,,,,,,,,"M5207RFID读取错误",
"M5207.Alarm.RFID_WriteFault","DB50.DBX6193.2",Boolean,1,RO,100,,,,,,,,,,"M5207RFID写入错误",
"M5207.Alarm.TimeOutFault","DB70.DBX412.3",Boolean,1,RO,100,,,,,,,,,,"M5207超时故障",
"M5207.Alarm.TM_JY_Fault","DB50.DBX6193.0",Boolean,1,RO,100,,,,,,,,,,"M5207条码校验故障",
"M5207.Alarm.TotalFault","DB70.DBX412.1",Boolean,1,RO,100,,,,,,,,,,"M5207总故障",
"M5207.Alarm.WX_Fault","DB50.DBX6192.1",Boolean,1,RO,100,,,,,,,,,,"M5207外形故障",
"M5207.Alarm.WX_TM_Fault","DB50.DBX6192.0",Boolean,1,RO,100,,,,,,,,,,"M5207外形条码总故障",
"M5207.State.Allow","DB50.DBB6199",Byte,1,RO,100,,,,,,,,,,"M5207允许拆盘",
"M5207.State.ForwardRun","DB70.DBX413.6",Boolean,1,RO,100,,,,,,,,,,"M5207正转运行",
"M5207.State.Get_Num","DB50.DBB6198",Byte,1,RO,100,,,,,,,,,,"M5207已取数量",
"M5207.State.LastOne","DB50.DBX6193.4",Boolean,1,RO,100,,,,,,,,,,"M5207强制推盘",
"M5207.State.Load","DB70.DBX413.5",Boolean,1,RO,100,,,,,,,,,,"M5207负载",
"M5207.State.MD_State1","DB50.DINT6200",Long,1,RO,100,,,,,,,,,,"M5207码垛状态1",
"M5207.State.MD_State2","DB50.DBB6204",Byte,1,RO,100,,,,,,,,,,"M5207码垛状态2",
"M5207.State.Need_Num","DB50.DBB6197",Byte,1,RO,100,,,,,,,,,,"M5207要取数量",
"M5207.State.PH1","I142.3",Boolean,1,RO,100,,,,,,,,,,"5207到位光电1",
"M5207.State.PH2","I142.5",Boolean,1,RO,100,,,,,,,,,,"5207减速光电",
"M5207.State.PH3","I142.7",Boolean,1,RO,100,,,,,,,,,,"5207到位光电3",
"M5207.State.ReversalRun","DB70.DBX413.7",Boolean,1,RO,100,,,,,,,,,,"M5207反转运行",
"M5207.State.Runing","DB70.DBX412.0",Boolean,1,RO,100,,,,,,,,,,"M5207设备运行标志",
"M5207.State.SelectPlace","DB70.DBX412.7",Boolean,1,RO,100,,,,,,,,,,"M5207选中位",
"M5207.State.YX_DX","DB50.DBB6195",Byte,1,RO,100,,,,,,,,,,"M5207码垛垛型",
"M5207.State.YX_Num","DB50.DBB6196",Byte,1,RO,100,,,,,,,,,,"M5207烟箱数量",
"M5207.State.YX_Type","DB50.DBB6194",Byte,1,RO,100,,,,,,,,,,"M5207烟箱类型",
"M5207.Task.Code","DB50.DINT6182",Long,1,RO,100,,,,,,,,,,"M5207托盘条码",
"M5207.Task.DestSta","DB50.DBW6190",Short,1,RO,100,,,,,,,,,,"M5207目标地址",
"M5207.Task.StartSta","DB50.DBW6188",Short,1,RO,100,,,,,,,,,,"M5207起始地址",
"M5207.Task.Task","DB50.DBW6180",Short,1,RO,100,,,,,,,,,,"M5207任务号",
"M5207.Task.TpType","DB50.DBW6186",Short,1,RO,100,,,,,,,,,,"M5207货物类型",
"M5208.Alarm.B_Fault","DB50.DBX6222.4",Boolean,1,RO,100,,,,,,,,,,"M5208后超长",
"M5208.Alarm.DriveFault","DB70.DBX414.2",Boolean,1,RO,100,,,,,,,,,,"M5208驱动器故障",
"M5208.Alarm.EstopFault","DB70.DBX415.3",Boolean,1,RO,100,,,,,,,,,,"M5208急停故障",
"M5208.Alarm.F_Fault","DB50.DBX6222.3",Boolean,1,RO,100,,,,,,,,,,"M5208前超长",
"M5208.Alarm.H_Fault","DB50.DBX6222.2",Boolean,1,RO,100,,,,,,,,,,"M5208超高",
"M5208.Alarm.L_Fault","DB50.DBX6222.5",Boolean,1,RO,100,,,,,,,,,,"M5208左超宽",
"M5208.Alarm.LS_Fault","DB70.DBX415.2",Boolean,1,RO,100,,,,,,,,,,"M5208限位故障",
"M5208.Alarm.NoRead","DB50.DBX6223.1",Boolean,1,RO,100,,,,,,,,,,"M5208条码未读出",
"M5208.Alarm.OutSideFault","DB70.DBX415.1",Boolean,1,RO,100,,,,,,,,,,"M5208货物超边故障",
"M5208.Alarm.PH_Fault","DB70.DBX414.6",Boolean,1,RO,100,,,,,,,,,,"M5208光电管异常",
"M5208.Alarm.QF_Fault","DB70.DBX414.4",Boolean,1,RO,100,,,,,,,,,,"M5208空开故障",
"M5208.Alarm.QS_Fault","DB70.DBX414.5",Boolean,1,RO,100,,,,,,,,,,"M5208隔离开关故障",
"M5208.Alarm.R_Fault","DB50.DBX6222.6",Boolean,1,RO,100,,,,,,,,,,"M5208右超宽",
"M5208.Alarm.RFID_ReadFault","DB50.DBX6223.3",Boolean,1,RO,100,,,,,,,,,,"M5208RFID读取错误",
"M5208.Alarm.RFID_WriteFault","DB50.DBX6223.2",Boolean,1,RO,100,,,,,,,,,,"M5208RFID写入错误",
"M5208.Alarm.TimeOutFault","DB70.DBX414.3",Boolean,1,RO,100,,,,,,,,,,"M5208超时故障",
"M5208.Alarm.TM_JY_Fault","DB50.DBX6223.0",Boolean,1,RO,100,,,,,,,,,,"M5208条码校验故障",
"M5208.Alarm.TotalFault","DB70.DBX414.1",Boolean,1,RO,100,,,,,,,,,,"M5208总故障",
"M5208.Alarm.WX_Fault","DB50.DBX6222.1",Boolean,1,RO,100,,,,,,,,,,"M5208外形故障",
"M5208.Alarm.WX_TM_Fault","DB50.DBX6222.0",Boolean,1,RO,100,,,,,,,,,,"M5208外形条码总故障",
"M5208.State.Allow","DB50.DBB6229",Byte,1,RO,100,,,,,,,,,,"M5208允许拆盘",
"M5208.State.ForwardRun","DB70.DBX415.6",Boolean,1,RO,100,,,,,,,,,,"M5208正转运行",
"M5208.State.Get_Num","DB50.DBB6228",Byte,1,RO,100,,,,,,,,,,"M5208已取数量",
"M5208.State.LastOne","DB50.DBX6223.4",Boolean,1,RO,100,,,,,,,,,,"M5208强制推盘",
"M5208.State.Load","DB70.DBX415.5",Boolean,1,RO,100,,,,,,,,,,"M5208负载",
"M5208.State.MD_State1","DB50.DINT6230",Long,1,RO,100,,,,,,,,,,"M5208码垛状态1",
"M5208.State.MD_State2","DB50.DBB6234",Byte,1,RO,100,,,,,,,,,,"M5208码垛状态2",
"M5208.State.Need_Num","DB50.DBB6227",Byte,1,RO,100,,,,,,,,,,"M5208要取数量",
"M5208.State.PH1","I143.5",Boolean,1,RO,100,,,,,,,,,,"5208到位光电",
"M5208.State.PH2","I143.7",Boolean,1,RO,100,,,,,,,,,,"5208对射保护光电",
"M5208.State.ReversalRun","DB70.DBX415.7",Boolean,1,RO,100,,,,,,,,,,"M5208反转运行",
"M5208.State.Runing","DB70.DBX414.0",Boolean,1,RO,100,,,,,,,,,,"M5208设备运行标志",
"M5208.State.SelectPlace","DB70.DBX414.7",Boolean,1,RO,100,,,,,,,,,,"M5208选中位",
"M5208.State.YX_DX","DB50.DBB6225",Byte,1,RO,100,,,,,,,,,,"M5208码垛垛型",
"M5208.State.YX_Num","DB50.DBB6226",Byte,1,RO,100,,,,,,,,,,"M5208烟箱数量",
"M5208.State.YX_Type","DB50.DBB6224",Byte,1,RO,100,,,,,,,,,,"M5208烟箱类型",
"M5208.Task.Code","DB50.DINT6212",Long,1,RO,100,,,,,,,,,,"M5208托盘条码",
"M5208.Task.DestSta","DB50.DBW6220",Short,1,RO,100,,,,,,,,,,"M5208目标地址",
"M5208.Task.StartSta","DB50.DBW6218",Short,1,RO,100,,,,,,,,,,"M5208起始地址",
"M5208.Task.Task","DB50.DBW6210",Short,1,RO,100,,,,,,,,,,"M5208任务号",
"M5208.Task.TpType","DB50.DBW6216",Short,1,RO,100,,,,,,,,,,"M5208货物类型",
"M5209.Alarm.B_Fault","DB50.DBX6252.4",Boolean,1,RO,100,,,,,,,,,,"M5209后超长",
"M5209.Alarm.DriveFault","DB70.DBX416.2",Boolean,1,RO,100,,,,,,,,,,"M5209驱动器故障",
"M5209.Alarm.EstopFault","DB70.DBX417.3",Boolean,1,RO,100,,,,,,,,,,"M5209急停故障",
"M5209.Alarm.F_Fault","DB50.DBX6252.3",Boolean,1,RO,100,,,,,,,,,,"M5209前超长",
"M5209.Alarm.H_Fault","DB50.DBX6252.2",Boolean,1,RO,100,,,,,,,,,,"M5209超高",
"M5209.Alarm.L_Fault","DB50.DBX6252.5",Boolean,1,RO,100,,,,,,,,,,"M5209左超宽",
"M5209.Alarm.LS_Fault","DB70.DBX417.2",Boolean,1,RO,100,,,,,,,,,,"M5209限位故障",
"M5209.Alarm.NoRead","DB50.DBX6253.1",Boolean,1,RO,100,,,,,,,,,,"M5209条码未读出",
"M5209.Alarm.OutSideFault","DB70.DBX417.1",Boolean,1,RO,100,,,,,,,,,,"M5209货物超边故障",
"M5209.Alarm.PH_Fault","DB70.DBX416.6",Boolean,1,RO,100,,,,,,,,,,"M5209光电管异常",
"M5209.Alarm.QF_Fault","DB70.DBX416.4",Boolean,1,RO,100,,,,,,,,,,"M5209空开故障",
"M5209.Alarm.QS_Fault","DB70.DBX416.5",Boolean,1,RO,100,,,,,,,,,,"M5209隔离开关故障",
"M5209.Alarm.R_Fault","DB50.DBX6252.6",Boolean,1,RO,100,,,,,,,,,,"M5209右超宽",
"M5209.Alarm.RFID_ReadFault","DB50.DBX6253.3",Boolean,1,RO,100,,,,,,,,,,"M5209RFID读取错误",
"M5209.Alarm.RFID_WriteFault","DB50.DBX6253.2",Boolean,1,RO,100,,,,,,,,,,"M5209RFID写入错误",
"M5209.Alarm.TimeOutFault","DB70.DBX416.3",Boolean,1,RO,100,,,,,,,,,,"M5209超时故障",
"M5209.Alarm.TM_JY_Fault","DB50.DBX6253.0",Boolean,1,RO,100,,,,,,,,,,"M5209条码校验故障",
"M5209.Alarm.TotalFault","DB70.DBX416.1",Boolean,1,RO,100,,,,,,,,,,"M5209总故障",
"M5209.Alarm.WX_Fault","DB50.DBX6252.1",Boolean,1,RO,100,,,,,,,,,,"M5209外形故障",
"M5209.Alarm.WX_TM_Fault","DB50.DBX6252.0",Boolean,1,RO,100,,,,,,,,,,"M5209外形条码总故障",
"M5209.State.Allow","DB50.DBB6259",Byte,1,RO,100,,,,,,,,,,"M5209允许拆盘",
"M5209.State.ForwardRun","DB70.DBX417.6",Boolean,1,RO,100,,,,,,,,,,"M5209正转运行",
"M5209.State.Get_Num","DB50.DBB6258",Byte,1,RO,100,,,,,,,,,,"M5209已取数量",
"M5209.State.LastOne","DB50.DBX6253.4",Boolean,1,RO,100,,,,,,,,,,"M5209强制推盘",
"M5209.State.Load","DB70.DBX417.5",Boolean,1,RO,100,,,,,,,,,,"M5209负载",
"M5209.State.MD_State1","DB50.DINT6260",Long,1,RO,100,,,,,,,,,,"M5209码垛状态1",
"M5209.State.MD_State2","DB50.DBB6264",Byte,1,RO,100,,,,,,,,,,"M5209码垛状态2",
"M5209.State.Need_Num","DB50.DBB6257",Byte,1,RO,100,,,,,,,,,,"M5209要取数量",
"M5209.State.PH1","I157.2",Boolean,1,RO,100,,,,,,,,,,"5209对射保护光电",
"M5209.State.PH2","I157.4",Boolean,1,RO,100,,,,,,,,,,"5209到位光电",
"M5209.State.ReversalRun","DB70.DBX417.7",Boolean,1,RO,100,,,,,,,,,,"M5209反转运行",
"M5209.State.Runing","DB70.DBX416.0",Boolean,1,RO,100,,,,,,,,,,"M5209设备运行标志",
"M5209.State.SelectPlace","DB70.DBX416.7",Boolean,1,RO,100,,,,,,,,,,"M5209选中位",
"M5209.State.YX_DX","DB50.DBB6255",Byte,1,RO,100,,,,,,,,,,"M5209码垛垛型",
"M5209.State.YX_Num","DB50.DBB6256",Byte,1,RO,100,,,,,,,,,,"M5209烟箱数量",
"M5209.State.YX_Type","DB50.DBB6254",Byte,1,RO,100,,,,,,,,,,"M5209烟箱类型",
"M5209.Task.Code","DB50.DINT6242",Long,1,RO,100,,,,,,,,,,"M5209托盘条码",
"M5209.Task.DestSta","DB50.DBW6250",Short,1,RO,100,,,,,,,,,,"M5209目标地址",
"M5209.Task.StartSta","DB50.DBW6248",Short,1,RO,100,,,,,,,,,,"M5209起始地址",
"M5209.Task.Task","DB50.DBW6240",Short,1,RO,100,,,,,,,,,,"M5209任务号",
"M5209.Task.TpType","DB50.DBW6246",Short,1,RO,100,,,,,,,,,,"M5209货物类型",
"M5210.Alarm.B_Fault","DB50.DBX6282.4",Boolean,1,RO,100,,,,,,,,,,"M5210后超长",
"M5210.Alarm.DriveFault","DB70.DBX418.2",Boolean,1,RO,100,,,,,,,,,,"M5210驱动器故障",
"M5210.Alarm.EstopFault","DB70.DBX419.3",Boolean,1,RO,100,,,,,,,,,,"M5210急停故障",
"M5210.Alarm.F_Fault","DB50.DBX6282.3",Boolean,1,RO,100,,,,,,,,,,"M5210前超长",
"M5210.Alarm.H_Fault","DB50.DBX6282.2",Boolean,1,RO,100,,,,,,,,,,"M5210超高",
"M5210.Alarm.L_Fault","DB50.DBX6282.5",Boolean,1,RO,100,,,,,,,,,,"M5210左超宽",
"M5210.Alarm.LS_Fault","DB70.DBX419.2",Boolean,1,RO,100,,,,,,,,,,"M5210限位故障",
"M5210.Alarm.NoRead","DB50.DBX6283.1",Boolean,1,RO,100,,,,,,,,,,"M5210条码未读出",
"M5210.Alarm.OutSideFault","DB70.DBX419.1",Boolean,1,RO,100,,,,,,,,,,"M5210货物超边故障",
"M5210.Alarm.PH_Fault","DB70.DBX418.6",Boolean,1,RO,100,,,,,,,,,,"M5210光电管异常",
"M5210.Alarm.QF_Fault","DB70.DBX418.4",Boolean,1,RO,100,,,,,,,,,,"M5210空开故障",
"M5210.Alarm.QS_Fault","DB70.DBX418.5",Boolean,1,RO,100,,,,,,,,,,"M5210隔离开关故障",
"M5210.Alarm.R_Fault","DB50.DBX6282.6",Boolean,1,RO,100,,,,,,,,,,"M5210右超宽",
"M5210.Alarm.RFID_ReadFault","DB50.DBX6283.3",Boolean,1,RO,100,,,,,,,,,,"M5210RFID读取错误",
"M5210.Alarm.RFID_WriteFault","DB50.DBX6283.2",Boolean,1,RO,100,,,,,,,,,,"M5210RFID写入错误",
"M5210.Alarm.TimeOutFault","DB70.DBX418.3",Boolean,1,RO,100,,,,,,,,,,"M5210超时故障",
"M5210.Alarm.TM_JY_Fault","DB50.DBX6283.0",Boolean,1,RO,100,,,,,,,,,,"M5210条码校验故障",
"M5210.Alarm.TotalFault","DB70.DBX418.1",Boolean,1,RO,100,,,,,,,,,,"M5210总故障",
"M5210.Alarm.WX_Fault","DB50.DBX6282.1",Boolean,1,RO,100,,,,,,,,,,"M5210外形故障",
"M5210.Alarm.WX_TM_Fault","DB50.DBX6282.0",Boolean,1,RO,100,,,,,,,,,,"M5210外形条码总故障",
"M5210.State.Allow","DB50.DBB6289",Byte,1,RO,100,,,,,,,,,,"M5210允许拆盘",
"M5210.State.ForwardRun","DB70.DBX419.6",Boolean,1,RO,100,,,,,,,,,,"M5210正转运行",
"M5210.State.Get_Num","DB50.DBB6288",Byte,1,RO,100,,,,,,,,,,"M5210已取数量",
"M5210.State.LastOne","DB50.DBX6283.4",Boolean,1,RO,100,,,,,,,,,,"M5210强制推盘",
"M5210.State.Load","DB70.DBX419.5",Boolean,1,RO,100,,,,,,,,,,"M5210负载",
"M5210.State.MD_State1","DB50.DINT6290",Long,1,RO,100,,,,,,,,,,"M5210码垛状态1",
"M5210.State.MD_State2","DB50.DBB6294",Byte,1,RO,100,,,,,,,,,,"M5210码垛状态2",
"M5210.State.Need_Num","DB50.DBB6287",Byte,1,RO,100,,,,,,,,,,"M5210要取数量",
"M5210.State.PH1","I157.3",Boolean,1,RO,100,,,,,,,,,,"5210减速光电",
"M5210.State.PH2","I157.5",Boolean,1,RO,100,,,,,,,,,,"5210到位光电",
"M5210.State.PK1","I157.1",Boolean,1,RO,100,,,,,,,,,,"5210超声波光电",
"M5210.State.ReversalRun","DB70.DBX419.7",Boolean,1,RO,100,,,,,,,,,,"M5210反转运行",
"M5210.State.Runing","DB70.DBX418.0",Boolean,1,RO,100,,,,,,,,,,"M5210设备运行标志",
"M5210.State.SelectPlace","DB70.DBX418.7",Boolean,1,RO,100,,,,,,,,,,"M5210选中位",
"M5210.State.YX_DX","DB50.DBB6285",Byte,1,RO,100,,,,,,,,,,"M5210码垛垛型",
"M5210.State.YX_Num","DB50.DBB6286",Byte,1,RO,100,,,,,,,,,,"M5210烟箱数量",
"M5210.State.YX_Type","DB50.DBB6284",Byte,1,RO,100,,,,,,,,,,"M5210烟箱类型",
"M5210.Task.Code","DB50.DINT6272",Long,1,RO,100,,,,,,,,,,"M5210托盘条码",
"M5210.Task.DestSta","DB50.DBW6280",Short,1,RO,100,,,,,,,,,,"M5210目标地址",
"M5210.Task.StartSta","DB50.DBW6278",Short,1,RO,100,,,,,,,,,,"M5210起始地址",
"M5210.Task.Task","DB50.DBW6270",Short,1,RO,100,,,,,,,,,,"M5210任务号",
"M5210.Task.TpType","DB50.DBW6276",Short,1,RO,100,,,,,,,,,,"M5210货物类型",
"M5211.Alarm.B_Fault","DB50.DBX6312.4",Boolean,1,RO,100,,,,,,,,,,"M5211后超长",
"M5211.Alarm.DriveFault","DB70.DBX420.2",Boolean,1,RO,100,,,,,,,,,,"M5211驱动器故障",
"M5211.Alarm.EstopFault","DB70.DBX421.3",Boolean,1,RO,100,,,,,,,,,,"M5211急停故障",
"M5211.Alarm.F_Fault","DB50.DBX6312.3",Boolean,1,RO,100,,,,,,,,,,"M5211前超长",
"M5211.Alarm.H_Fault","DB50.DBX6312.2",Boolean,1,RO,100,,,,,,,,,,"M5211超高",
"M5211.Alarm.L_Fault","DB50.DBX6312.5",Boolean,1,RO,100,,,,,,,,,,"M5211左超宽",
"M5211.Alarm.LS_Fault","DB70.DBX421.2",Boolean,1,RO,100,,,,,,,,,,"M5211限位故障",
"M5211.Alarm.NoRead","DB50.DBX6313.1",Boolean,1,RO,100,,,,,,,,,,"M5211条码未读出",
"M5211.Alarm.OutSideFault","DB70.DBX421.1",Boolean,1,RO,100,,,,,,,,,,"M5211货物超边故障",
"M5211.Alarm.PH_Fault","DB70.DBX420.6",Boolean,1,RO,100,,,,,,,,,,"M5211光电管异常",
"M5211.Alarm.QF_Fault","DB70.DBX420.4",Boolean,1,RO,100,,,,,,,,,,"M5211空开故障",
"M5211.Alarm.QS_Fault","DB70.DBX420.5",Boolean,1,RO,100,,,,,,,,,,"M5211隔离开关故障",
"M5211.Alarm.R_Fault","DB50.DBX6312.6",Boolean,1,RO,100,,,,,,,,,,"M5211右超宽",
"M5211.Alarm.RFID_ReadFault","DB50.DBX6313.3",Boolean,1,RO,100,,,,,,,,,,"M5211RFID读取错误",
"M5211.Alarm.RFID_WriteFault","DB50.DBX6313.2",Boolean,1,RO,100,,,,,,,,,,"M5211RFID写入错误",
"M5211.Alarm.TimeOutFault","DB70.DBX420.3",Boolean,1,RO,100,,,,,,,,,,"M5211超时故障",
"M5211.Alarm.TM_JY_Fault","DB50.DBX6313.0",Boolean,1,RO,100,,,,,,,,,,"M5211条码校验故障",
"M5211.Alarm.TotalFault","DB70.DBX420.1",Boolean,1,RO,100,,,,,,,,,,"M5211总故障",
"M5211.Alarm.WX_Fault","DB50.DBX6312.1",Boolean,1,RO,100,,,,,,,,,,"M5211外形故障",
"M5211.Alarm.WX_TM_Fault","DB50.DBX6312.0",Boolean,1,RO,100,,,,,,,,,,"M5211外形条码总故障",
"M5211.State.Allow","DB50.DBB6319",Byte,1,RO,100,,,,,,,,,,"M5211允许拆盘",
"M5211.State.ForwardRun","DB70.DBX421.6",Boolean,1,RO,100,,,,,,,,,,"M5211正转运行",
"M5211.State.Get_Num","DB50.DBB6318",Byte,1,RO,100,,,,,,,,,,"M5211已取数量",
"M5211.State.LastOne","DB50.DBX6313.4",Boolean,1,RO,100,,,,,,,,,,"M5211强制推盘",
"M5211.State.Load","DB70.DBX421.5",Boolean,1,RO,100,,,,,,,,,,"M5211负载",
"M5211.State.MD_State1","DB50.DINT6320",Long,1,RO,100,,,,,,,,,,"M5211码垛状态1",
"M5211.State.MD_State2","DB50.DBB6324",Byte,1,RO,100,,,,,,,,,,"M5211码垛状态2",
"M5211.State.Need_Num","DB50.DBB6317",Byte,1,RO,100,,,,,,,,,,"M5211要取数量",
"M5211.State.PH1","I158.2",Boolean,1,RO,100,,,,,,,,,,"5211对射保护光电",
"M5211.State.PH2","I158.4",Boolean,1,RO,100,,,,,,,,,,"5211到位光电",
"M5211.State.ReversalRun","DB70.DBX421.7",Boolean,1,RO,100,,,,,,,,,,"M5211反转运行",
"M5211.State.Runing","DB70.DBX420.0",Boolean,1,RO,100,,,,,,,,,,"M5211设备运行标志",
"M5211.State.SelectPlace","DB70.DBX420.7",Boolean,1,RO,100,,,,,,,,,,"M5211选中位",
"M5211.State.YX_DX","DB50.DBB6315",Byte,1,RO,100,,,,,,,,,,"M5211码垛垛型",
"M5211.State.YX_Num","DB50.DBB6316",Byte,1,RO,100,,,,,,,,,,"M5211烟箱数量",
"M5211.State.YX_Type","DB50.DBB6314",Byte,1,RO,100,,,,,,,,,,"M5211烟箱类型",
"M5211.Task.Code","DB50.DINT6302",Long,1,RO,100,,,,,,,,,,"M5211托盘条码",
"M5211.Task.DestSta","DB50.DBW6310",Short,1,RO,100,,,,,,,,,,"M5211目标地址",
"M5211.Task.StartSta","DB50.DBW6308",Short,1,RO,100,,,,,,,,,,"M5211起始地址",
"M5211.Task.Task","DB50.DBW6300",Short,1,RO,100,,,,,,,,,,"M5211任务号",
"M5211.Task.TpType","DB50.DBW6306",Short,1,RO,100,,,,,,,,,,"M5211货物类型",
"M5212.Alarm.B_Fault","DB50.DBX6342.4",Boolean,1,RO,100,,,,,,,,,,"M5212后超长",
"M5212.Alarm.DriveFault","DB70.DBX422.2",Boolean,1,RO,100,,,,,,,,,,"M5212驱动器故障",
"M5212.Alarm.EstopFault","DB70.DBX423.3",Boolean,1,RO,100,,,,,,,,,,"M5212急停故障",
"M5212.Alarm.F_Fault","DB50.DBX6342.3",Boolean,1,RO,100,,,,,,,,,,"M5212前超长",
"M5212.Alarm.H_Fault","DB50.DBX6342.2",Boolean,1,RO,100,,,,,,,,,,"M5212超高",
"M5212.Alarm.L_Fault","DB50.DBX6342.5",Boolean,1,RO,100,,,,,,,,,,"M5212左超宽",
"M5212.Alarm.LS_Fault","DB70.DBX423.2",Boolean,1,RO,100,,,,,,,,,,"M5212限位故障",
"M5212.Alarm.NoRead","DB50.DBX6343.1",Boolean,1,RO,100,,,,,,,,,,"M5212条码未读出",
"M5212.Alarm.OutSideFault","DB70.DBX423.1",Boolean,1,RO,100,,,,,,,,,,"M5212货物超边故障",
"M5212.Alarm.PH_Fault","DB70.DBX422.6",Boolean,1,RO,100,,,,,,,,,,"M5212光电管异常",
"M5212.Alarm.QF_Fault","DB70.DBX422.4",Boolean,1,RO,100,,,,,,,,,,"M5212空开故障",
"M5212.Alarm.QS_Fault","DB70.DBX422.5",Boolean,1,RO,100,,,,,,,,,,"M5212隔离开关故障",
"M5212.Alarm.R_Fault","DB50.DBX6342.6",Boolean,1,RO,100,,,,,,,,,,"M5212右超宽",
"M5212.Alarm.RFID_ReadFault","DB50.DBX6343.3",Boolean,1,RO,100,,,,,,,,,,"M5212RFID读取错误",
"M5212.Alarm.RFID_WriteFault","DB50.DBX6343.2",Boolean,1,RO,100,,,,,,,,,,"M5212RFID写入错误",
"M5212.Alarm.TimeOutFault","DB70.DBX422.3",Boolean,1,RO,100,,,,,,,,,,"M5212超时故障",
"M5212.Alarm.TM_JY_Fault","DB50.DBX6343.0",Boolean,1,RO,100,,,,,,,,,,"M5212条码校验故障",
"M5212.Alarm.TotalFault","DB70.DBX422.1",Boolean,1,RO,100,,,,,,,,,,"M5212总故障",
"M5212.Alarm.WX_Fault","DB50.DBX6342.1",Boolean,1,RO,100,,,,,,,,,,"M5212外形故障",
"M5212.Alarm.WX_TM_Fault","DB50.DBX6342.0",Boolean,1,RO,100,,,,,,,,,,"M5212外形条码总故障",
"M5212.State.Allow","DB50.DBB6349",Byte,1,RO,100,,,,,,,,,,"M5212允许拆盘",
"M5212.State.ForwardRun","DB70.DBX423.6",Boolean,1,RO,100,,,,,,,,,,"M5212正转运行",
"M5212.State.Get_Num","DB50.DBB6348",Byte,1,RO,100,,,,,,,,,,"M5212已取数量",
"M5212.State.LastOne","DB50.DBX6343.4",Boolean,1,RO,100,,,,,,,,,,"M5212强制推盘",
"M5212.State.Load","DB70.DBX423.5",Boolean,1,RO,100,,,,,,,,,,"M5212负载",
"M5212.State.MD_State1","DB50.DINT6350",Long,1,RO,100,,,,,,,,,,"M5212码垛状态1",
"M5212.State.MD_State2","DB50.DBB6354",Byte,1,RO,100,,,,,,,,,,"M5212码垛状态2",
"M5212.State.Need_Num","DB50.DBB6347",Byte,1,RO,100,,,,,,,,,,"M5212要取数量",
"M5212.State.PH1","I158.1",Boolean,1,RO,100,,,,,,,,,,"5212减速光电",
"M5212.State.PH2","I158.3",Boolean,1,RO,100,,,,,,,,,,"5212到位光电",
"M5212.State.ReversalRun","DB70.DBX423.7",Boolean,1,RO,100,,,,,,,,,,"M5212反转运行",
"M5212.State.Runing","DB70.DBX422.0",Boolean,1,RO,100,,,,,,,,,,"M5212设备运行标志",
"M5212.State.SelectPlace","DB70.DBX422.7",Boolean,1,RO,100,,,,,,,,,,"M5212选中位",
"M5212.State.YX_DX","DB50.DBB6345",Byte,1,RO,100,,,,,,,,,,"M5212码垛垛型",
"M5212.State.YX_Num","DB50.DBB6346",Byte,1,RO,100,,,,,,,,,,"M5212烟箱数量",
"M5212.State.YX_Type","DB50.DBB6344",Byte,1,RO,100,,,,,,,,,,"M5212烟箱类型",
"M5212.Task.Code","DB50.DINT6332",Long,1,RO,100,,,,,,,,,,"M5212托盘条码",
"M5212.Task.DestSta","DB50.DBW6340",Short,1,RO,100,,,,,,,,,,"M5212目标地址",
"M5212.Task.StartSta","DB50.DBW6338",Short,1,RO,100,,,,,,,,,,"M5212起始地址",
"M5212.Task.Task","DB50.DBW6330",Short,1,RO,100,,,,,,,,,,"M5212任务号",
"M5212.Task.TpType","DB50.DBW6336",Short,1,RO,100,,,,,,,,,,"M5212货物类型",
"M5213.Alarm.B_Fault","DB50.DBX6372.4",Boolean,1,RO,100,,,,,,,,,,"M5213后超长",
"M5213.Alarm.DriveFault","DB70.DBX424.2",Boolean,1,RO,100,,,,,,,,,,"M5213驱动器故障",
"M5213.Alarm.EstopFault","DB70.DBX425.3",Boolean,1,RO,100,,,,,,,,,,"M5213急停故障",
"M5213.Alarm.F_Fault","DB50.DBX6372.3",Boolean,1,RO,100,,,,,,,,,,"M5213前超长",
"M5213.Alarm.H_Fault","DB50.DBX6372.2",Boolean,1,RO,100,,,,,,,,,,"M5213超高",
"M5213.Alarm.L_Fault","DB50.DBX6372.5",Boolean,1,RO,100,,,,,,,,,,"M5213左超宽",
"M5213.Alarm.LS_Fault","DB70.DBX425.2",Boolean,1,RO,100,,,,,,,,,,"M5213限位故障",
"M5213.Alarm.NoRead","DB50.DBX6373.1",Boolean,1,RO,100,,,,,,,,,,"M5213条码未读出",
"M5213.Alarm.OutSideFault","DB70.DBX425.1",Boolean,1,RO,100,,,,,,,,,,"M5213货物超边故障",
"M5213.Alarm.PH_Fault","DB70.DBX424.6",Boolean,1,RO,100,,,,,,,,,,"M5213光电管异常",
"M5213.Alarm.QF_Fault","DB70.DBX424.4",Boolean,1,RO,100,,,,,,,,,,"M5213空开故障",
"M5213.Alarm.QS_Fault","DB70.DBX424.5",Boolean,1,RO,100,,,,,,,,,,"M5213隔离开关故障",
"M5213.Alarm.R_Fault","DB50.DBX6372.6",Boolean,1,RO,100,,,,,,,,,,"M5213右超宽",
"M5213.Alarm.RFID_ReadFault","DB50.DBX6373.3",Boolean,1,RO,100,,,,,,,,,,"M5213RFID读取错误",
"M5213.Alarm.RFID_WriteFault","DB50.DBX6373.2",Boolean,1,RO,100,,,,,,,,,,"M5213RFID写入错误",
"M5213.Alarm.TimeOutFault","DB70.DBX424.3",Boolean,1,RO,100,,,,,,,,,,"M5213超时故障",
"M5213.Alarm.TM_JY_Fault","DB50.DBX6373.0",Boolean,1,RO,100,,,,,,,,,,"M5213条码校验故障",
"M5213.Alarm.TotalFault","DB70.DBX424.1",Boolean,1,RO,100,,,,,,,,,,"M5213总故障",
"M5213.Alarm.WX_Fault","DB50.DBX6372.1",Boolean,1,RO,100,,,,,,,,,,"M5213外形故障",
"M5213.Alarm.WX_TM_Fault","DB50.DBX6372.0",Boolean,1,RO,100,,,,,,,,,,"M5213外形条码总故障",
"M5213.State.Allow","DB50.DBB6379",Byte,1,RO,100,,,,,,,,,,"M5213允许拆盘",
"M5213.State.ForwardRun","DB70.DBX425.6",Boolean,1,RO,100,,,,,,,,,,"M5213正转运行",
"M5213.State.Get_Num","DB50.DBB6378",Byte,1,RO,100,,,,,,,,,,"M5213已取数量",
"M5213.State.LastOne","DB50.DBX6373.4",Boolean,1,RO,100,,,,,,,,,,"M5213强制推盘",
"M5213.State.Load","DB70.DBX425.5",Boolean,1,RO,100,,,,,,,,,,"M5213负载",
"M5213.State.MD_State1","DB50.DINT6380",Long,1,RO,100,,,,,,,,,,"M5213码垛状态1",
"M5213.State.MD_State2","DB50.DBB6384",Byte,1,RO,100,,,,,,,,,,"M5213码垛状态2",
"M5213.State.Need_Num","DB50.DBB6377",Byte,1,RO,100,,,,,,,,,,"M5213要取数量",
"M5213.State.PH1","I159.4",Boolean,1,RO,100,,,,,,,,,,"5213到位光电",
"M5213.State.PK1","I159.2",Boolean,1,RO,100,,,,,,,,,,"5213超声波光电",
"M5213.State.ReversalRun","DB70.DBX425.7",Boolean,1,RO,100,,,,,,,,,,"M5213反转运行",
"M5213.State.Runing","DB70.DBX424.0",Boolean,1,RO,100,,,,,,,,,,"M5213设备运行标志",
"M5213.State.SelectPlace","DB70.DBX424.7",Boolean,1,RO,100,,,,,,,,,,"M5213选中位",
"M5213.State.YX_DX","DB50.DBB6375",Byte,1,RO,100,,,,,,,,,,"M5213码垛垛型",
"M5213.State.YX_Num","DB50.DBB6376",Byte,1,RO,100,,,,,,,,,,"M5213烟箱数量",
"M5213.State.YX_Type","DB50.DBB6374",Byte,1,RO,100,,,,,,,,,,"M5213烟箱类型",
"M5213.Task.Code","DB50.DINT6362",Long,1,RO,100,,,,,,,,,,"M5213托盘条码",
"M5213.Task.DestSta","DB50.DBW6370",Short,1,RO,100,,,,,,,,,,"M5213目标地址",
"M5213.Task.StartSta","DB50.DBW6368",Short,1,RO,100,,,,,,,,,,"M5213起始地址",
"M5213.Task.Task","DB50.DBW6360",Short,1,RO,100,,,,,,,,,,"M5213任务号",
"M5213.Task.TpType","DB50.DBW6366",Short,1,RO,100,,,,,,,,,,"M5213货物类型",
"M5214.Alarm.B_Fault","DB50.DBX6402.4",Boolean,1,RO,100,,,,,,,,,,"M5214后超长",
"M5214.Alarm.DriveFault","DB70.DBX426.2",Boolean,1,RO,100,,,,,,,,,,"M5214驱动器故障",
"M5214.Alarm.EstopFault","DB70.DBX427.3",Boolean,1,RO,100,,,,,,,,,,"M5214急停故障",
"M5214.Alarm.F_Fault","DB50.DBX6402.3",Boolean,1,RO,100,,,,,,,,,,"M5214前超长",
"M5214.Alarm.H_Fault","DB50.DBX6402.2",Boolean,1,RO,100,,,,,,,,,,"M5214超高",
"M5214.Alarm.L_Fault","DB50.DBX6402.5",Boolean,1,RO,100,,,,,,,,,,"M5214左超宽",
"M5214.Alarm.LS_Fault","DB70.DBX427.2",Boolean,1,RO,100,,,,,,,,,,"M5214限位故障",
"M5214.Alarm.NoRead","DB50.DBX6403.1",Boolean,1,RO,100,,,,,,,,,,"M5214条码未读出",
"M5214.Alarm.OutSideFault","DB70.DBX427.1",Boolean,1,RO,100,,,,,,,,,,"M5214货物超边故障",
"M5214.Alarm.PH_Fault","DB70.DBX426.6",Boolean,1,RO,100,,,,,,,,,,"M5214光电管异常",
"M5214.Alarm.QF_Fault","DB70.DBX426.4",Boolean,1,RO,100,,,,,,,,,,"M5214空开故障",
"M5214.Alarm.QS_Fault","DB70.DBX426.5",Boolean,1,RO,100,,,,,,,,,,"M5214隔离开关故障",
"M5214.Alarm.R_Fault","DB50.DBX6402.6",Boolean,1,RO,100,,,,,,,,,,"M5214右超宽",
"M5214.Alarm.RFID_ReadFault","DB50.DBX6403.3",Boolean,1,RO,100,,,,,,,,,,"M5214RFID读取错误",
"M5214.Alarm.RFID_WriteFault","DB50.DBX6403.2",Boolean,1,RO,100,,,,,,,,,,"M5214RFID写入错误",
"M5214.Alarm.TimeOutFault","DB70.DBX426.3",Boolean,1,RO,100,,,,,,,,,,"M5214超时故障",
"M5214.Alarm.TM_JY_Fault","DB50.DBX6403.0",Boolean,1,RO,100,,,,,,,,,,"M5214条码校验故障",
"M5214.Alarm.TotalFault","DB70.DBX426.1",Boolean,1,RO,100,,,,,,,,,,"M5214总故障",
"M5214.Alarm.WX_Fault","DB50.DBX6402.1",Boolean,1,RO,100,,,,,,,,,,"M5214外形故障",
"M5214.Alarm.WX_TM_Fault","DB50.DBX6402.0",Boolean,1,RO,100,,,,,,,,,,"M5214外形条码总故障",
"M5214.State.Allow","DB50.DBB6409",Byte,1,RO,100,,,,,,,,,,"M5214允许拆盘",
"M5214.State.ForwardRun","DB70.DBX427.6",Boolean,1,RO,100,,,,,,,,,,"M5214正转运行",
"M5214.State.Get_Num","DB50.DBB6408",Byte,1,RO,100,,,,,,,,,,"M5214已取数量",
"M5214.State.LastOne","DB50.DBX6403.4",Boolean,1,RO,100,,,,,,,,,,"M5214强制推盘",
"M5214.State.Load","DB70.DBX427.5",Boolean,1,RO,100,,,,,,,,,,"M5214负载",
"M5214.State.MD_State1","DB50.DINT6410",Long,1,RO,100,,,,,,,,,,"M5214码垛状态1",
"M5214.State.MD_State2","DB50.DBB6414",Byte,1,RO,100,,,,,,,,,,"M5214码垛状态2",
"M5214.State.Need_Num","DB50.DBB6407",Byte,1,RO,100,,,,,,,,,,"M5214要取数量",
"M5214.State.PH1","I159.1",Boolean,1,RO,100,,,,,,,,,,"5214到位光电",
"M5214.State.PH2","I159.3",Boolean,1,RO,100,,,,,,,,,,"5214对射保护光电",
"M5214.State.ReversalRun","DB70.DBX427.7",Boolean,1,RO,100,,,,,,,,,,"M5214反转运行",
"M5214.State.Runing","DB70.DBX426.0",Boolean,1,RO,100,,,,,,,,,,"M5214设备运行标志",
"M5214.State.SelectPlace","DB70.DBX426.7",Boolean,1,RO,100,,,,,,,,,,"M5214选中位",
"M5214.State.YX_DX","DB50.DBB6405",Byte,1,RO,100,,,,,,,,,,"M5214码垛垛型",
"M5214.State.YX_Num","DB50.DBB6406",Byte,1,RO,100,,,,,,,,,,"M5214烟箱数量",
"M5214.State.YX_Type","DB50.DBB6404",Byte,1,RO,100,,,,,,,,,,"M5214烟箱类型",
"M5214.Task.Code","DB50.DINT6392",Long,1,RO,100,,,,,,,,,,"M5214托盘条码",
"M5214.Task.DestSta","DB50.DBW6400",Short,1,RO,100,,,,,,,,,,"M5214目标地址",
"M5214.Task.StartSta","DB50.DBW6398",Short,1,RO,100,,,,,,,,,,"M5214起始地址",
"M5214.Task.Task","DB50.DBW6390",Short,1,RO,100,,,,,,,,,,"M5214任务号",
"M5214.Task.TpType","DB50.DBW6396",Short,1,RO,100,,,,,,,,,,"M5214货物类型",
"M5215.Alarm.B_Fault","DB50.DBX6432.4",Boolean,1,RO,100,,,,,,,,,,"M5215后超长",
"M5215.Alarm.DriveFault","DB70.DBX428.2",Boolean,1,RO,100,,,,,,,,,,"M5215驱动器故障",
"M5215.Alarm.EstopFault","DB70.DBX429.3",Boolean,1,RO,100,,,,,,,,,,"M5215急停故障",
"M5215.Alarm.F_Fault","DB50.DBX6432.3",Boolean,1,RO,100,,,,,,,,,,"M5215前超长",
"M5215.Alarm.H_Fault","DB50.DBX6432.2",Boolean,1,RO,100,,,,,,,,,,"M5215超高",
"M5215.Alarm.L_Fault","DB50.DBX6432.5",Boolean,1,RO,100,,,,,,,,,,"M5215左超宽",
"M5215.Alarm.LS_Fault","DB70.DBX429.2",Boolean,1,RO,100,,,,,,,,,,"M5215限位故障",
"M5215.Alarm.NoRead","DB50.DBX6433.1",Boolean,1,RO,100,,,,,,,,,,"M5215条码未读出",
"M5215.Alarm.OutSideFault","DB70.DBX429.1",Boolean,1,RO,100,,,,,,,,,,"M5215货物超边故障",
"M5215.Alarm.PH_Fault","DB70.DBX428.6",Boolean,1,RO,100,,,,,,,,,,"M5215光电管异常",
"M5215.Alarm.QF_Fault","DB70.DBX428.4",Boolean,1,RO,100,,,,,,,,,,"M5215空开故障",
"M5215.Alarm.QS_Fault","DB70.DBX428.5",Boolean,1,RO,100,,,,,,,,,,"M5215隔离开关故障",
"M5215.Alarm.R_Fault","DB50.DBX6432.6",Boolean,1,RO,100,,,,,,,,,,"M5215右超宽",
"M5215.Alarm.RFID_ReadFault","DB50.DBX6433.3",Boolean,1,RO,100,,,,,,,,,,"M5215RFID读取错误",
"M5215.Alarm.RFID_WriteFault","DB50.DBX6433.2",Boolean,1,RO,100,,,,,,,,,,"M5215RFID写入错误",
"M5215.Alarm.TimeOutFault","DB70.DBX428.3",Boolean,1,RO,100,,,,,,,,,,"M5215超时故障",
"M5215.Alarm.TM_JY_Fault","DB50.DBX6433.0",Boolean,1,RO,100,,,,,,,,,,"M5215条码校验故障",
"M5215.Alarm.TotalFault","DB70.DBX428.1",Boolean,1,RO,100,,,,,,,,,,"M5215总故障",
"M5215.Alarm.WX_Fault","DB50.DBX6432.1",Boolean,1,RO,100,,,,,,,,,,"M5215外形故障",
"M5215.Alarm.WX_TM_Fault","DB50.DBX6432.0",Boolean,1,RO,100,,,,,,,,,,"M5215外形条码总故障",
"M5215.State.Allow","DB50.DBB6439",Byte,1,RO,100,,,,,,,,,,"M5215允许拆盘",
"M5215.State.ForwardRun","DB70.DBX429.6",Boolean,1,RO,100,,,,,,,,,,"M5215正转运行",
"M5215.State.Get_Num","DB50.DBB6438",Byte,1,RO,100,,,,,,,,,,"M5215已取数量",
"M5215.State.LastOne","DB50.DBX6433.4",Boolean,1,RO,100,,,,,,,,,,"M5215强制推盘",
"M5215.State.Load","DB70.DBX429.5",Boolean,1,RO,100,,,,,,,,,,"M5215负载",
"M5215.State.MD_State1","DB50.DINT6440",Long,1,RO,100,,,,,,,,,,"M5215码垛状态1",
"M5215.State.MD_State2","DB50.DBB6444",Byte,1,RO,100,,,,,,,,,,"M5215码垛状态2",
"M5215.State.Need_Num","DB50.DBB6437",Byte,1,RO,100,,,,,,,,,,"M5215要取数量",
"M5215.State.PH1","I158.7",Boolean,1,RO,100,,,,,,,,,,"5215到位光电",
"M5215.State.ReversalRun","DB70.DBX429.7",Boolean,1,RO,100,,,,,,,,,,"M5215反转运行",
"M5215.State.Runing","DB70.DBX428.0",Boolean,1,RO,100,,,,,,,,,,"M5215设备运行标志",
"M5215.State.SelectPlace","DB70.DBX428.7",Boolean,1,RO,100,,,,,,,,,,"M5215选中位",
"M5215.State.YX_DX","DB50.DBB6435",Byte,1,RO,100,,,,,,,,,,"M5215码垛垛型",
"M5215.State.YX_Num","DB50.DBB6436",Byte,1,RO,100,,,,,,,,,,"M5215烟箱数量",
"M5215.State.YX_Type","DB50.DBB6434",Byte,1,RO,100,,,,,,,,,,"M5215烟箱类型",
"M5215.Task.Code","DB50.DINT6422",Long,1,RO,100,,,,,,,,,,"M5215托盘条码",
"M5215.Task.DestSta","DB50.DBW6430",Short,1,RO,100,,,,,,,,,,"M5215目标地址",
"M5215.Task.StartSta","DB50.DBW6428",Short,1,RO,100,,,,,,,,,,"M5215起始地址",
"M5215.Task.Task","DB50.DBW6420",Short,1,RO,100,,,,,,,,,,"M5215任务号",
"M5215.Task.TpType","DB50.DBW6426",Short,1,RO,100,,,,,,,,,,"M5215货物类型",
"M5216.Alarm.B_Fault","DB50.DBX6462.4",Boolean,1,RO,100,,,,,,,,,,"M5216后超长",
"M5216.Alarm.DriveFault","DB70.DBX430.2",Boolean,1,RO,100,,,,,,,,,,"M5216驱动器故障",
"M5216.Alarm.EstopFault","DB70.DBX431.3",Boolean,1,RO,100,,,,,,,,,,"M5216急停故障",
"M5216.Alarm.F_Fault","DB50.DBX6462.3",Boolean,1,RO,100,,,,,,,,,,"M5216前超长",
"M5216.Alarm.H_Fault","DB50.DBX6462.2",Boolean,1,RO,100,,,,,,,,,,"M5216超高",
"M5216.Alarm.L_Fault","DB50.DBX6462.5",Boolean,1,RO,100,,,,,,,,,,"M5216左超宽",
"M5216.Alarm.LS_Fault","DB70.DBX431.2",Boolean,1,RO,100,,,,,,,,,,"M5216限位故障",
"M5216.Alarm.NoRead","DB50.DBX6463.1",Boolean,1,RO,100,,,,,,,,,,"M5216条码未读出",
"M5216.Alarm.OutSideFault","DB70.DBX431.1",Boolean,1,RO,100,,,,,,,,,,"M5216货物超边故障",
"M5216.Alarm.PH_Fault","DB70.DBX430.6",Boolean,1,RO,100,,,,,,,,,,"M5216光电管异常",
"M5216.Alarm.QF_Fault","DB70.DBX430.4",Boolean,1,RO,100,,,,,,,,,,"M5216空开故障",
"M5216.Alarm.QS_Fault","DB70.DBX430.5",Boolean,1,RO,100,,,,,,,,,,"M5216隔离开关故障",
"M5216.Alarm.R_Fault","DB50.DBX6462.6",Boolean,1,RO,100,,,,,,,,,,"M5216右超宽",
"M5216.Alarm.RFID_ReadFault","DB50.DBX6463.3",Boolean,1,RO,100,,,,,,,,,,"M5216RFID读取错误",
"M5216.Alarm.RFID_WriteFault","DB50.DBX6463.2",Boolean,1,RO,100,,,,,,,,,,"M5216RFID写入错误",
"M5216.Alarm.TimeOutFault","DB70.DBX430.3",Boolean,1,RO,100,,,,,,,,,,"M5216超时故障",
"M5216.Alarm.TM_JY_Fault","DB50.DBX6463.0",Boolean,1,RO,100,,,,,,,,,,"M5216条码校验故障",
"M5216.Alarm.TotalFault","DB70.DBX430.1",Boolean,1,RO,100,,,,,,,,,,"M5216总故障",
"M5216.Alarm.WX_Fault","DB50.DBX6462.1",Boolean,1,RO,100,,,,,,,,,,"M5216外形故障",
"M5216.Alarm.WX_TM_Fault","DB50.DBX6462.0",Boolean,1,RO,100,,,,,,,,,,"M5216外形条码总故障",
"M5216.State.Allow","DB50.DBB6469",Byte,1,RO,100,,,,,,,,,,"M5216允许拆盘",
"M5216.State.ForwardRun","DB70.DBX431.6",Boolean,1,RO,100,,,,,,,,,,"M5216正转运行",
"M5216.State.Get_Num","DB50.DBB6468",Byte,1,RO,100,,,,,,,,,,"M5216已取数量",
"M5216.State.LastOne","DB50.DBX6463.4",Boolean,1,RO,100,,,,,,,,,,"M5216强制推盘",
"M5216.State.Load","DB70.DBX431.5",Boolean,1,RO,100,,,,,,,,,,"M5216负载",
"M5216.State.MD_State1","DB50.DINT6470",Long,1,RO,100,,,,,,,,,,"M5216码垛状态1",
"M5216.State.MD_State2","DB50.DBB6474",Byte,1,RO,100,,,,,,,,,,"M5216码垛状态2",
"M5216.State.Need_Num","DB50.DBB6467",Byte,1,RO,100,,,,,,,,,,"M5216要取数量",
"M5216.State.PH1","I159.7",Boolean,1,RO,100,,,,,,,,,,"5216到位光电",
"M5216.State.ReversalRun","DB70.DBX431.7",Boolean,1,RO,100,,,,,,,,,,"M5216反转运行",
"M5216.State.Runing","DB70.DBX430.0",Boolean,1,RO,100,,,,,,,,,,"M5216设备运行标志",
"M5216.State.SelectPlace","DB70.DBX430.7",Boolean,1,RO,100,,,,,,,,,,"M5216选中位",
"M5216.State.YX_DX","DB50.DBB6465",Byte,1,RO,100,,,,,,,,,,"M5216码垛垛型",
"M5216.State.YX_Num","DB50.DBB6466",Byte,1,RO,100,,,,,,,,,,"M5216烟箱数量",
"M5216.State.YX_Type","DB50.DBB6464",Byte,1,RO,100,,,,,,,,,,"M5216烟箱类型",
"M5216.Task.Code","DB50.DINT6452",Long,1,RO,100,,,,,,,,,,"M5216托盘条码",
"M5216.Task.DestSta","DB50.DBW6460",Short,1,RO,100,,,,,,,,,,"M5216目标地址",
"M5216.Task.StartSta","DB50.DBW6458",Short,1,RO,100,,,,,,,,,,"M5216起始地址",
"M5216.Task.Task","DB50.DBW6450",Short,1,RO,100,,,,,,,,,,"M5216任务号",
"M5216.Task.TpType","DB50.DBW6456",Short,1,RO,100,,,,,,,,,,"M5216货物类型",
"M5217.Alarm.B_Fault","DB50.DBX6492.4",Boolean,1,RO,100,,,,,,,,,,"M5217后超长",
"M5217.Alarm.DriveFault","DB70.DBX432.2",Boolean,1,RO,100,,,,,,,,,,"M5217驱动器故障",
"M5217.Alarm.EstopFault","DB70.DBX433.3",Boolean,1,RO,100,,,,,,,,,,"M5217急停故障",
"M5217.Alarm.F_Fault","DB50.DBX6492.3",Boolean,1,RO,100,,,,,,,,,,"M5217前超长",
"M5217.Alarm.H_Fault","DB50.DBX6492.2",Boolean,1,RO,100,,,,,,,,,,"M5217超高",
"M5217.Alarm.L_Fault","DB50.DBX6492.5",Boolean,1,RO,100,,,,,,,,,,"M5217左超宽",
"M5217.Alarm.LS_Fault","DB70.DBX433.2",Boolean,1,RO,100,,,,,,,,,,"M5217限位故障",
"M5217.Alarm.NoRead","DB50.DBX6493.1",Boolean,1,RO,100,,,,,,,,,,"M5217条码未读出",
"M5217.Alarm.OutSideFault","DB70.DBX433.1",Boolean,1,RO,100,,,,,,,,,,"M5217货物超边故障",
"M5217.Alarm.PH_Fault","DB70.DBX432.6",Boolean,1,RO,100,,,,,,,,,,"M5217光电管异常",
"M5217.Alarm.QF_Fault","DB70.DBX432.4",Boolean,1,RO,100,,,,,,,,,,"M5217空开故障",
"M5217.Alarm.QS_Fault","DB70.DBX432.5",Boolean,1,RO,100,,,,,,,,,,"M5217隔离开关故障",
"M5217.Alarm.R_Fault","DB50.DBX6492.6",Boolean,1,RO,100,,,,,,,,,,"M5217右超宽",
"M5217.Alarm.RFID_ReadFault","DB50.DBX6493.3",Boolean,1,RO,100,,,,,,,,,,"M5217RFID读取错误",
"M5217.Alarm.RFID_WriteFault","DB50.DBX6493.2",Boolean,1,RO,100,,,,,,,,,,"M5217RFID写入错误",
"M5217.Alarm.TimeOutFault","DB70.DBX432.3",Boolean,1,RO,100,,,,,,,,,,"M5217超时故障",
"M5217.Alarm.TM_JY_Fault","DB50.DBX6493.0",Boolean,1,RO,100,,,,,,,,,,"M5217条码校验故障",
"M5217.Alarm.TotalFault","DB70.DBX432.1",Boolean,1,RO,100,,,,,,,,,,"M5217总故障",
"M5217.Alarm.WX_Fault","DB50.DBX6492.1",Boolean,1,RO,100,,,,,,,,,,"M5217外形故障",
"M5217.Alarm.WX_TM_Fault","DB50.DBX6492.0",Boolean,1,RO,100,,,,,,,,,,"M5217外形条码总故障",
"M5217.State.Allow","DB50.DBB6499",Byte,1,RO,100,,,,,,,,,,"M5217允许拆盘",
"M5217.State.ForwardRun","DB70.DBX433.6",Boolean,1,RO,100,,,,,,,,,,"M5217正转运行",
"M5217.State.Get_Num","DB50.DBB6498",Byte,1,RO,100,,,,,,,,,,"M5217已取数量",
"M5217.State.LastOne","DB50.DBX6493.4",Boolean,1,RO,100,,,,,,,,,,"M5217强制推盘",
"M5217.State.Load","DB70.DBX433.5",Boolean,1,RO,100,,,,,,,,,,"M5217负载",
"M5217.State.M5217_2_RF","Q274.0",Boolean,1,RO,100,,,,,,,,,,"5217.2上升",
"M5217.State.MD_State1","DB50.DINT6500",Long,1,RO,100,,,,,,,,,,"M5217码垛状态1",
"M5217.State.MD_State2","DB50.DBB6504",Byte,1,RO,100,,,,,,,,,,"M5217码垛状态2",
"M5217.State.Need_Num","DB50.DBB6497",Byte,1,RO,100,,,,,,,,,,"M5217要取数量",
"M5217.State.PR5217_1","I162.4",Boolean,1,RO,100,,,,,,,,,,"5217高位",
"M5217.State.PR5217_2","I162.6",Boolean,1,RO,100,,,,,,,,,,"5217低位",
"M5217.State.ReversalRun","DB70.DBX433.7",Boolean,1,RO,100,,,,,,,,,,"M5217反转运行",
"M5217.State.Runing","DB70.DBX432.0",Boolean,1,RO,100,,,,,,,,,,"M5217设备运行标志",
"M5217.State.SelectPlace","DB70.DBX432.7",Boolean,1,RO,100,,,,,,,,,,"M5217选中位",
"M5217.State.YX_DX","DB50.DBB6495",Byte,1,RO,100,,,,,,,,,,"M5217码垛垛型",
"M5217.State.YX_Num","DB50.DBB6496",Byte,1,RO,100,,,,,,,,,,"M5217烟箱数量",
"M5217.State.YX_Type","DB50.DBB6494",Byte,1,RO,100,,,,,,,,,,"M5217烟箱类型",
"M5217.Task.Code","DB50.DINT6482",Long,1,RO,100,,,,,,,,,,"M5217托盘条码",
"M5217.Task.DestSta","DB50.DBW6490",Short,1,RO,100,,,,,,,,,,"M5217目标地址",
"M5217.Task.StartSta","DB50.DBW6488",Short,1,RO,100,,,,,,,,,,"M5217起始地址",
"M5217.Task.Task","DB50.DBW6480",Short,1,RO,100,,,,,,,,,,"M5217任务号",
"M5217.Task.TpType","DB50.DBW6486",Short,1,RO,100,,,,,,,,,,"M5217货物类型",
"M5218.Alarm.B_Fault","DB50.DBX6522.4",Boolean,1,RO,100,,,,,,,,,,"M5218后超长",
"M5218.Alarm.DriveFault","DB70.DBX434.2",Boolean,1,RO,100,,,,,,,,,,"M5218驱动器故障",
"M5218.Alarm.EstopFault","DB70.DBX435.3",Boolean,1,RO,100,,,,,,,,,,"M5218急停故障",
"M5218.Alarm.F_Fault","DB50.DBX6522.3",Boolean,1,RO,100,,,,,,,,,,"M5218前超长",
"M5218.Alarm.H_Fault","DB50.DBX6522.2",Boolean,1,RO,100,,,,,,,,,,"M5218超高",
"M5218.Alarm.L_Fault","DB50.DBX6522.5",Boolean,1,RO,100,,,,,,,,,,"M5218左超宽",
"M5218.Alarm.LS_Fault","DB70.DBX435.2",Boolean,1,RO,100,,,,,,,,,,"M5218限位故障",
"M5218.Alarm.NoRead","DB50.DBX6523.1",Boolean,1,RO,100,,,,,,,,,,"M5218条码未读出",
"M5218.Alarm.OutSideFault","DB70.DBX435.1",Boolean,1,RO,100,,,,,,,,,,"M5218货物超边故障",
"M5218.Alarm.PH_Fault","DB70.DBX434.6",Boolean,1,RO,100,,,,,,,,,,"M5218光电管异常",
"M5218.Alarm.QF_Fault","DB70.DBX434.4",Boolean,1,RO,100,,,,,,,,,,"M5218空开故障",
"M5218.Alarm.QS_Fault","DB70.DBX434.5",Boolean,1,RO,100,,,,,,,,,,"M5218隔离开关故障",
"M5218.Alarm.R_Fault","DB50.DBX6522.6",Boolean,1,RO,100,,,,,,,,,,"M5218右超宽",
"M5218.Alarm.RFID_ReadFault","DB50.DBX6523.3",Boolean,1,RO,100,,,,,,,,,,"M5218RFID读取错误",
"M5218.Alarm.RFID_WriteFault","DB50.DBX6523.2",Boolean,1,RO,100,,,,,,,,,,"M5218RFID写入错误",
"M5218.Alarm.TimeOutFault","DB70.DBX434.3",Boolean,1,RO,100,,,,,,,,,,"M5218超时故障",
"M5218.Alarm.TM_JY_Fault","DB50.DBX6523.0",Boolean,1,RO,100,,,,,,,,,,"M5218条码校验故障",
"M5218.Alarm.TotalFault","DB70.DBX434.1",Boolean,1,RO,100,,,,,,,,,,"M5218总故障",
"M5218.Alarm.WX_Fault","DB50.DBX6522.1",Boolean,1,RO,100,,,,,,,,,,"M5218外形故障",
"M5218.Alarm.WX_TM_Fault","DB50.DBX6522.0",Boolean,1,RO,100,,,,,,,,,,"M5218外形条码总故障",
"M5218.State.Allow","DB50.DBB6529",Byte,1,RO,100,,,,,,,,,,"M5218允许拆盘",
"M5218.State.ForwardRun","DB70.DBX435.6",Boolean,1,RO,100,,,,,,,,,,"M5218正转运行",
"M5218.State.Get_Num","DB50.DBB6528",Byte,1,RO,100,,,,,,,,,,"M5218已取数量",
"M5218.State.LastOne","DB50.DBX6523.4",Boolean,1,RO,100,,,,,,,,,,"M5218强制推盘",
"M5218.State.Load","DB70.DBX435.5",Boolean,1,RO,100,,,,,,,,,,"M5218负载",
"M5218.State.MD_State1","DB50.DINT6530",Long,1,RO,100,,,,,,,,,,"M5218码垛状态1",
"M5218.State.MD_State2","DB50.DBB6534",Byte,1,RO,100,,,,,,,,,,"M5218码垛状态2",
"M5218.State.Need_Num","DB50.DBB6527",Byte,1,RO,100,,,,,,,,,,"M5218要取数量",
"M5218.State.PH1","I163.2",Boolean,1,RO,100,,,,,,,,,,"5218减速光电",
"M5218.State.PH2","I163.4",Boolean,1,RO,100,,,,,,,,,,"5218到位光电",
"M5218.State.ReversalRun","DB70.DBX435.7",Boolean,1,RO,100,,,,,,,,,,"M5218反转运行",
"M5218.State.Runing","DB70.DBX434.0",Boolean,1,RO,100,,,,,,,,,,"M5218设备运行标志",
"M5218.State.SelectPlace","DB70.DBX434.7",Boolean,1,RO,100,,,,,,,,,,"M5218选中位",
"M5218.State.YX_DX","DB50.DBB6525",Byte,1,RO,100,,,,,,,,,,"M5218码垛垛型",
"M5218.State.YX_Num","DB50.DBB6526",Byte,1,RO,100,,,,,,,,,,"M5218烟箱数量",
"M5218.State.YX_Type","DB50.DBB6524",Byte,1,RO,100,,,,,,,,,,"M5218烟箱类型",
"M5218.Task.Code","DB50.DINT6512",Long,1,RO,100,,,,,,,,,,"M5218托盘条码",
"M5218.Task.DestSta","DB50.DBW6520",Short,1,RO,100,,,,,,,,,,"M5218目标地址",
"M5218.Task.StartSta","DB50.DBW6518",Short,1,RO,100,,,,,,,,,,"M5218起始地址",
"M5218.Task.Task","DB50.DBW6510",Short,1,RO,100,,,,,,,,,,"M5218任务号",
"M5218.Task.TpType","DB50.DBW6516",Short,1,RO,100,,,,,,,,,,"M5218货物类型",
"M5219.Alarm.B_Fault","DB50.DBX6552.4",Boolean,1,RO,100,,,,,,,,,,"M5219后超长",
"M5219.Alarm.DriveFault","DB70.DBX436.2",Boolean,1,RO,100,,,,,,,,,,"M5219驱动器故障",
"M5219.Alarm.EstopFault","DB70.DBX437.3",Boolean,1,RO,100,,,,,,,,,,"M5219急停故障",
"M5219.Alarm.F_Fault","DB50.DBX6552.3",Boolean,1,RO,100,,,,,,,,,,"M5219前超长",
"M5219.Alarm.H_Fault","DB50.DBX6552.2",Boolean,1,RO,100,,,,,,,,,,"M5219超高",
"M5219.Alarm.L_Fault","DB50.DBX6552.5",Boolean,1,RO,100,,,,,,,,,,"M5219左超宽",
"M5219.Alarm.LS_Fault","DB70.DBX437.2",Boolean,1,RO,100,,,,,,,,,,"M5219限位故障",
"M5219.Alarm.NoRead","DB50.DBX6553.1",Boolean,1,RO,100,,,,,,,,,,"M5219条码未读出",
"M5219.Alarm.OutSideFault","DB70.DBX437.1",Boolean,1,RO,100,,,,,,,,,,"M5219货物超边故障",
"M5219.Alarm.PH_Fault","DB70.DBX436.6",Boolean,1,RO,100,,,,,,,,,,"M5219光电管异常",
"M5219.Alarm.QF_Fault","DB70.DBX436.4",Boolean,1,RO,100,,,,,,,,,,"M5219空开故障",
"M5219.Alarm.QS_Fault","DB70.DBX436.5",Boolean,1,RO,100,,,,,,,,,,"M5219隔离开关故障",
"M5219.Alarm.R_Fault","DB50.DBX6552.6",Boolean,1,RO,100,,,,,,,,,,"M5219右超宽",
"M5219.Alarm.RFID_ReadFault","DB50.DBX6553.3",Boolean,1,RO,100,,,,,,,,,,"M5219RFID读取错误",
"M5219.Alarm.RFID_WriteFault","DB50.DBX6553.2",Boolean,1,RO,100,,,,,,,,,,"M5219RFID写入错误",
"M5219.Alarm.TimeOutFault","DB70.DBX436.3",Boolean,1,RO,100,,,,,,,,,,"M5219超时故障",
"M5219.Alarm.TM_JY_Fault","DB50.DBX6553.0",Boolean,1,RO,100,,,,,,,,,,"M5219条码校验故障",
"M5219.Alarm.TotalFault","DB70.DBX436.1",Boolean,1,RO,100,,,,,,,,,,"M5219总故障",
"M5219.Alarm.WX_Fault","DB50.DBX6552.1",Boolean,1,RO,100,,,,,,,,,,"M5219外形故障",
"M5219.Alarm.WX_TM_Fault","DB50.DBX6552.0",Boolean,1,RO,100,,,,,,,,,,"M5219外形条码总故障",
"M5219.State.Allow","DB50.DBB6559",Byte,1,RO,100,,,,,,,,,,"M5219允许拆盘",
"M5219.State.ForwardRun","DB70.DBX437.6",Boolean,1,RO,100,,,,,,,,,,"M5219正转运行",
"M5219.State.Get_Num","DB50.DBB6558",Byte,1,RO,100,,,,,,,,,,"M5219已取数量",
"M5219.State.LastOne","DB50.DBX6553.4",Boolean,1,RO,100,,,,,,,,,,"M5219强制推盘",
"M5219.State.Load","DB70.DBX437.5",Boolean,1,RO,100,,,,,,,,,,"M5219负载",
"M5219.State.M5219_2_RF","Q276.0",Boolean,1,RO,100,,,,,,,,,,"5219.2上升",
"M5219.State.MD_State1","DB50.DINT6560",Long,1,RO,100,,,,,,,,,,"M5219码垛状态1",
"M5219.State.MD_State2","DB50.DBB6564",Byte,1,RO,100,,,,,,,,,,"M5219码垛状态2",
"M5219.State.Need_Num","DB50.DBB6557",Byte,1,RO,100,,,,,,,,,,"M5219要取数量",
"M5219.State.PR5219_1","I162.5",Boolean,1,RO,100,,,,,,,,,,"5219高位",
"M5219.State.PR5219_2","I162.7",Boolean,1,RO,100,,,,,,,,,,"5219低位",
"M5219.State.ReversalRun","DB70.DBX437.7",Boolean,1,RO,100,,,,,,,,,,"M5219反转运行",
"M5219.State.Runing","DB70.DBX436.0",Boolean,1,RO,100,,,,,,,,,,"M5219设备运行标志",
"M5219.State.SelectPlace","DB70.DBX436.7",Boolean,1,RO,100,,,,,,,,,,"M5219选中位",
"M5219.State.YX_DX","DB50.DBB6555",Byte,1,RO,100,,,,,,,,,,"M5219码垛垛型",
"M5219.State.YX_Num","DB50.DBB6556",Byte,1,RO,100,,,,,,,,,,"M5219烟箱数量",
"M5219.State.YX_Type","DB50.DBB6554",Byte,1,RO,100,,,,,,,,,,"M5219烟箱类型",
"M5219.Task.Code","DB50.DINT6542",Long,1,RO,100,,,,,,,,,,"M5219托盘条码",
"M5219.Task.DestSta","DB50.DBW6550",Short,1,RO,100,,,,,,,,,,"M5219目标地址",
"M5219.Task.StartSta","DB50.DBW6548",Short,1,RO,100,,,,,,,,,,"M5219起始地址",
"M5219.Task.Task","DB50.DBW6540",Short,1,RO,100,,,,,,,,,,"M5219任务号",
"M5219.Task.TpType","DB50.DBW6546",Short,1,RO,100,,,,,,,,,,"M5219货物类型",
"M5220.Alarm.B_Fault","DB50.DBX6582.4",Boolean,1,RO,100,,,,,,,,,,"M5220后超长",
"M5220.Alarm.DriveFault","DB70.DBX438.2",Boolean,1,RO,100,,,,,,,,,,"M5220驱动器故障",
"M5220.Alarm.EstopFault","DB70.DBX439.3",Boolean,1,RO,100,,,,,,,,,,"M5220急停故障",
"M5220.Alarm.F_Fault","DB50.DBX6582.3",Boolean,1,RO,100,,,,,,,,,,"M5220前超长",
"M5220.Alarm.H_Fault","DB50.DBX6582.2",Boolean,1,RO,100,,,,,,,,,,"M5220超高",
"M5220.Alarm.L_Fault","DB50.DBX6582.5",Boolean,1,RO,100,,,,,,,,,,"M5220左超宽",
"M5220.Alarm.LS_Fault","DB70.DBX439.2",Boolean,1,RO,100,,,,,,,,,,"M5220限位故障",
"M5220.Alarm.NoRead","DB50.DBX6583.1",Boolean,1,RO,100,,,,,,,,,,"M5220条码未读出",
"M5220.Alarm.OutSideFault","DB70.DBX439.1",Boolean,1,RO,100,,,,,,,,,,"M5220货物超边故障",
"M5220.Alarm.PH_Fault","DB70.DBX438.6",Boolean,1,RO,100,,,,,,,,,,"M5220光电管异常",
"M5220.Alarm.QF_Fault","DB70.DBX438.4",Boolean,1,RO,100,,,,,,,,,,"M5220空开故障",
"M5220.Alarm.QS_Fault","DB70.DBX438.5",Boolean,1,RO,100,,,,,,,,,,"M5220隔离开关故障",
"M5220.Alarm.R_Fault","DB50.DBX6582.6",Boolean,1,RO,100,,,,,,,,,,"M5220右超宽",
"M5220.Alarm.RFID_ReadFault","DB50.DBX6583.3",Boolean,1,RO,100,,,,,,,,,,"M5220RFID读取错误",
"M5220.Alarm.RFID_WriteFault","DB50.DBX6583.2",Boolean,1,RO,100,,,,,,,,,,"M5220RFID写入错误",
"M5220.Alarm.TimeOutFault","DB70.DBX438.3",Boolean,1,RO,100,,,,,,,,,,"M5220超时故障",
"M5220.Alarm.TM_JY_Fault","DB50.DBX6583.0",Boolean,1,RO,100,,,,,,,,,,"M5220条码校验故障",
"M5220.Alarm.TotalFault","DB70.DBX438.1",Boolean,1,RO,100,,,,,,,,,,"M5220总故障",
"M5220.Alarm.WX_Fault","DB50.DBX6582.1",Boolean,1,RO,100,,,,,,,,,,"M5220外形故障",
"M5220.Alarm.WX_TM_Fault","DB50.DBX6582.0",Boolean,1,RO,100,,,,,,,,,,"M5220外形条码总故障",
"M5220.State.Allow","DB50.DBB6589",Byte,1,RO,100,,,,,,,,,,"M5220允许拆盘",
"M5220.State.ForwardRun","DB70.DBX439.6",Boolean,1,RO,100,,,,,,,,,,"M5220正转运行",
"M5220.State.Get_Num","DB50.DBB6588",Byte,1,RO,100,,,,,,,,,,"M5220已取数量",
"M5220.State.LastOne","DB50.DBX6583.4",Boolean,1,RO,100,,,,,,,,,,"M5220强制推盘",
"M5220.State.Load","DB70.DBX439.5",Boolean,1,RO,100,,,,,,,,,,"M5220负载",
"M5220.State.MD_State1","DB50.DINT6590",Long,1,RO,100,,,,,,,,,,"M5220码垛状态1",
"M5220.State.MD_State2","DB50.DBB6594",Byte,1,RO,100,,,,,,,,,,"M5220码垛状态2",
"M5220.State.Need_Num","DB50.DBB6587",Byte,1,RO,100,,,,,,,,,,"M5220要取数量",
"M5220.State.PH1","I163.1",Boolean,1,RO,100,,,,,,,,,,"5220减速光电",
"M5220.State.PH2","I163.3",Boolean,1,RO,100,,,,,,,,,,"5220到位光电",
"M5220.State.ReversalRun","DB70.DBX439.7",Boolean,1,RO,100,,,,,,,,,,"M5220反转运行",
"M5220.State.Runing","DB70.DBX438.0",Boolean,1,RO,100,,,,,,,,,,"M5220设备运行标志",
"M5220.State.SelectPlace","DB70.DBX438.7",Boolean,1,RO,100,,,,,,,,,,"M5220选中位",
"M5220.State.YX_DX","DB50.DBB6585",Byte,1,RO,100,,,,,,,,,,"M5220码垛垛型",
"M5220.State.YX_Num","DB50.DBB6586",Byte,1,RO,100,,,,,,,,,,"M5220烟箱数量",
"M5220.State.YX_Type","DB50.DBB6584",Byte,1,RO,100,,,,,,,,,,"M5220烟箱类型",
"M5220.Task.Code","DB50.DINT6572",Long,1,RO,100,,,,,,,,,,"M5220托盘条码",
"M5220.Task.DestSta","DB50.DBW6580",Short,1,RO,100,,,,,,,,,,"M5220目标地址",
"M5220.Task.StartSta","DB50.DBW6578",Short,1,RO,100,,,,,,,,,,"M5220起始地址",
"M5220.Task.Task","DB50.DBW6570",Short,1,RO,100,,,,,,,,,,"M5220任务号",
"M5220.Task.TpType","DB50.DBW6576",Short,1,RO,100,,,,,,,,,,"M5220货物类型",
"M5221.Alarm.B_Fault","DB50.DBX6612.4",Boolean,1,RO,100,,,,,,,,,,"M5221后超长",
"M5221.Alarm.DriveFault","DB70.DBX440.2",Boolean,1,RO,100,,,,,,,,,,"M5221驱动器故障",
"M5221.Alarm.EstopFault","DB70.DBX441.3",Boolean,1,RO,100,,,,,,,,,,"M5221急停故障",
"M5221.Alarm.F_Fault","DB50.DBX6612.3",Boolean,1,RO,100,,,,,,,,,,"M5221前超长",
"M5221.Alarm.H_Fault","DB50.DBX6612.2",Boolean,1,RO,100,,,,,,,,,,"M5221超高",
"M5221.Alarm.L_Fault","DB50.DBX6612.5",Boolean,1,RO,100,,,,,,,,,,"M5221左超宽",
"M5221.Alarm.LS_Fault","DB70.DBX441.2",Boolean,1,RO,100,,,,,,,,,,"M5221限位故障",
"M5221.Alarm.NoRead","DB50.DBX6613.1",Boolean,1,RO,100,,,,,,,,,,"M5221条码未读出",
"M5221.Alarm.OutSideFault","DB70.DBX441.1",Boolean,1,RO,100,,,,,,,,,,"M5221货物超边故障",
"M5221.Alarm.PH_Fault","DB70.DBX440.6",Boolean,1,RO,100,,,,,,,,,,"M5221光电管异常",
"M5221.Alarm.QF_Fault","DB70.DBX440.4",Boolean,1,RO,100,,,,,,,,,,"M5221空开故障",
"M5221.Alarm.QS_Fault","DB70.DBX440.5",Boolean,1,RO,100,,,,,,,,,,"M5221隔离开关故障",
"M5221.Alarm.R_Fault","DB50.DBX6612.6",Boolean,1,RO,100,,,,,,,,,,"M5221右超宽",
"M5221.Alarm.RFID_ReadFault","DB50.DBX6613.3",Boolean,1,RO,100,,,,,,,,,,"M5221RFID读取错误",
"M5221.Alarm.RFID_WriteFault","DB50.DBX6613.2",Boolean,1,RO,100,,,,,,,,,,"M5221RFID写入错误",
"M5221.Alarm.TimeOutFault","DB70.DBX440.3",Boolean,1,RO,100,,,,,,,,,,"M5221超时故障",
"M5221.Alarm.TM_JY_Fault","DB50.DBX6613.0",Boolean,1,RO,100,,,,,,,,,,"M5221条码校验故障",
"M5221.Alarm.TotalFault","DB70.DBX440.1",Boolean,1,RO,100,,,,,,,,,,"M5221总故障",
"M5221.Alarm.WX_Fault","DB50.DBX6612.1",Boolean,1,RO,100,,,,,,,,,,"M5221外形故障",
"M5221.Alarm.WX_TM_Fault","DB50.DBX6612.0",Boolean,1,RO,100,,,,,,,,,,"M5221外形条码总故障",
"M5221.State.Allow","DB50.DBB6619",Byte,1,RO,100,,,,,,,,,,"M5221允许拆盘",
"M5221.State.ForwardRun","DB70.DBX441.6",Boolean,1,RO,100,,,,,,,,,,"M5221正转运行",
"M5221.State.Get_Num","DB50.DBB6618",Byte,1,RO,100,,,,,,,,,,"M5221已取数量",
"M5221.State.LastOne","DB50.DBX6613.4",Boolean,1,RO,100,,,,,,,,,,"M5221强制推盘",
"M5221.State.Load","DB70.DBX441.5",Boolean,1,RO,100,,,,,,,,,,"M5221负载",
"M5221.State.MD_State1","DB50.DINT6620",Long,1,RO,100,,,,,,,,,,"M5221码垛状态1",
"M5221.State.MD_State2","DB50.DBB6624",Byte,1,RO,100,,,,,,,,,,"M5221码垛状态2",
"M5221.State.Need_Num","DB50.DBB6617",Byte,1,RO,100,,,,,,,,,,"M5221要取数量",
"M5221.State.PH1","I164.2",Boolean,1,RO,100,,,,,,,,,,"5221减速光电",
"M5221.State.PH2","I164.4",Boolean,1,RO,100,,,,,,,,,,"5221到位光电",
"M5221.State.ReversalRun","DB70.DBX441.7",Boolean,1,RO,100,,,,,,,,,,"M5221反转运行",
"M5221.State.Runing","DB70.DBX440.0",Boolean,1,RO,100,,,,,,,,,,"M5221设备运行标志",
"M5221.State.SelectPlace","DB70.DBX440.7",Boolean,1,RO,100,,,,,,,,,,"M5221选中位",
"M5221.State.YX_DX","DB50.DBB6615",Byte,1,RO,100,,,,,,,,,,"M5221码垛垛型",
"M5221.State.YX_Num","DB50.DBB6616",Byte,1,RO,100,,,,,,,,,,"M5221烟箱数量",
"M5221.State.YX_Type","DB50.DBB6614",Byte,1,RO,100,,,,,,,,,,"M5221烟箱类型",
"M5221.Task.Code","DB50.DINT6602",Long,1,RO,100,,,,,,,,,,"M5221托盘条码",
"M5221.Task.DestSta","DB50.DBW6610",Short,1,RO,100,,,,,,,,,,"M5221目标地址",
"M5221.Task.StartSta","DB50.DBW6608",Short,1,RO,100,,,,,,,,,,"M5221起始地址",
"M5221.Task.Task","DB50.DBW6600",Short,1,RO,100,,,,,,,,,,"M5221任务号",
"M5221.Task.TpType","DB50.DBW6606",Short,1,RO,100,,,,,,,,,,"M5221货物类型",
"M5222.Alarm.B_Fault","DB50.DBX6642.4",Boolean,1,RO,100,,,,,,,,,,"M5222后超长",
"M5222.Alarm.DriveFault","DB70.DBX442.2",Boolean,1,RO,100,,,,,,,,,,"M5222驱动器故障",
"M5222.Alarm.EstopFault","DB70.DBX443.3",Boolean,1,RO,100,,,,,,,,,,"M5222急停故障",
"M5222.Alarm.F_Fault","DB50.DBX6642.3",Boolean,1,RO,100,,,,,,,,,,"M5222前超长",
"M5222.Alarm.H_Fault","DB50.DBX6642.2",Boolean,1,RO,100,,,,,,,,,,"M5222超高",
"M5222.Alarm.L_Fault","DB50.DBX6642.5",Boolean,1,RO,100,,,,,,,,,,"M5222左超宽",
"M5222.Alarm.LS_Fault","DB70.DBX443.2",Boolean,1,RO,100,,,,,,,,,,"M5222限位故障",
"M5222.Alarm.NoRead","DB50.DBX6643.1",Boolean,1,RO,100,,,,,,,,,,"M5222条码未读出",
"M5222.Alarm.OutSideFault","DB70.DBX443.1",Boolean,1,RO,100,,,,,,,,,,"M5222货物超边故障",
"M5222.Alarm.PH_Fault","DB70.DBX442.6",Boolean,1,RO,100,,,,,,,,,,"M5222光电管异常",
"M5222.Alarm.QF_Fault","DB70.DBX442.4",Boolean,1,RO,100,,,,,,,,,,"M5222空开故障",
"M5222.Alarm.QS_Fault","DB70.DBX442.5",Boolean,1,RO,100,,,,,,,,,,"M5222隔离开关故障",
"M5222.Alarm.R_Fault","DB50.DBX6642.6",Boolean,1,RO,100,,,,,,,,,,"M5222右超宽",
"M5222.Alarm.RFID_ReadFault","DB50.DBX6643.3",Boolean,1,RO,100,,,,,,,,,,"M5222RFID读取错误",
"M5222.Alarm.RFID_WriteFault","DB50.DBX6643.2",Boolean,1,RO,100,,,,,,,,,,"M5222RFID写入错误",
"M5222.Alarm.TimeOutFault","DB70.DBX442.3",Boolean,1,RO,100,,,,,,,,,,"M5222超时故障",
"M5222.Alarm.TM_JY_Fault","DB50.DBX6643.0",Boolean,1,RO,100,,,,,,,,,,"M5222条码校验故障",
"M5222.Alarm.TotalFault","DB70.DBX442.1",Boolean,1,RO,100,,,,,,,,,,"M5222总故障",
"M5222.Alarm.WX_Fault","DB50.DBX6642.1",Boolean,1,RO,100,,,,,,,,,,"M5222外形故障",
"M5222.Alarm.WX_TM_Fault","DB50.DBX6642.0",Boolean,1,RO,100,,,,,,,,,,"M5222外形条码总故障",
"M5222.State.Allow","DB50.DBB6649",Byte,1,RO,100,,,,,,,,,,"M5222允许拆盘",
"M5222.State.ForwardRun","DB70.DBX443.6",Boolean,1,RO,100,,,,,,,,,,"M5222正转运行",
"M5222.State.Get_Num","DB50.DBB6648",Byte,1,RO,100,,,,,,,,,,"M5222已取数量",
"M5222.State.LastOne","DB50.DBX6643.4",Boolean,1,RO,100,,,,,,,,,,"M5222强制推盘",
"M5222.State.Load","DB70.DBX443.5",Boolean,1,RO,100,,,,,,,,,,"M5222负载",
"M5222.State.MD_State1","DB50.DINT6650",Long,1,RO,100,,,,,,,,,,"M5222码垛状态1",
"M5222.State.MD_State2","DB50.DBB6654",Byte,1,RO,100,,,,,,,,,,"M5222码垛状态2",
"M5222.State.Need_Num","DB50.DBB6647",Byte,1,RO,100,,,,,,,,,,"M5222要取数量",
"M5222.State.PH1","I163.7",Boolean,1,RO,100,,,,,,,,,,"5222到位光电",
"M5222.State.ReversalRun","DB70.DBX443.7",Boolean,1,RO,100,,,,,,,,,,"M5222反转运行",
"M5222.State.Runing","DB70.DBX442.0",Boolean,1,RO,100,,,,,,,,,,"M5222设备运行标志",
"M5222.State.SelectPlace","DB70.DBX442.7",Boolean,1,RO,100,,,,,,,,,,"M5222选中位",
"M5222.State.YX_DX","DB50.DBB6645",Byte,1,RO,100,,,,,,,,,,"M5222码垛垛型",
"M5222.State.YX_Num","DB50.DBB6646",Byte,1,RO,100,,,,,,,,,,"M5222烟箱数量",
"M5222.State.YX_Type","DB50.DBB6644",Byte,1,RO,100,,,,,,,,,,"M5222烟箱类型",
"M5222.Task.Code","DB50.DINT6632",Long,1,RO,100,,,,,,,,,,"M5222托盘条码",
"M5222.Task.DestSta","DB50.DBW6640",Short,1,RO,100,,,,,,,,,,"M5222目标地址",
"M5222.Task.StartSta","DB50.DBW6638",Short,1,RO,100,,,,,,,,,,"M5222起始地址",
"M5222.Task.Task","DB50.DBW6630",Short,1,RO,100,,,,,,,,,,"M5222任务号",
"M5222.Task.TpType","DB50.DBW6636",Short,1,RO,100,,,,,,,,,,"M5222货物类型",
"M5223.Alarm.B_Fault","DB50.DBX6672.4",Boolean,1,RO,100,,,,,,,,,,"M5223后超长",
"M5223.Alarm.DriveFault","DB70.DBX444.2",Boolean,1,RO,100,,,,,,,,,,"M5223驱动器故障",
"M5223.Alarm.EstopFault","DB70.DBX445.3",Boolean,1,RO,100,,,,,,,,,,"M5223急停故障",
"M5223.Alarm.F_Fault","DB50.DBX6672.3",Boolean,1,RO,100,,,,,,,,,,"M5223前超长",
"M5223.Alarm.H_Fault","DB50.DBX6672.2",Boolean,1,RO,100,,,,,,,,,,"M5223超高",
"M5223.Alarm.L_Fault","DB50.DBX6672.5",Boolean,1,RO,100,,,,,,,,,,"M5223左超宽",
"M5223.Alarm.LS_Fault","DB70.DBX445.2",Boolean,1,RO,100,,,,,,,,,,"M5223限位故障",
"M5223.Alarm.NoRead","DB50.DBX6673.1",Boolean,1,RO,100,,,,,,,,,,"M5223条码未读出",
"M5223.Alarm.OutSideFault","DB70.DBX445.1",Boolean,1,RO,100,,,,,,,,,,"M5223货物超边故障",
"M5223.Alarm.PH_Fault","DB70.DBX444.6",Boolean,1,RO,100,,,,,,,,,,"M5223光电管异常",
"M5223.Alarm.QF_Fault","DB70.DBX444.4",Boolean,1,RO,100,,,,,,,,,,"M5223空开故障",
"M5223.Alarm.QS_Fault","DB70.DBX444.5",Boolean,1,RO,100,,,,,,,,,,"M5223隔离开关故障",
"M5223.Alarm.R_Fault","DB50.DBX6672.6",Boolean,1,RO,100,,,,,,,,,,"M5223右超宽",
"M5223.Alarm.RFID_ReadFault","DB50.DBX6673.3",Boolean,1,RO,100,,,,,,,,,,"M5223RFID读取错误",
"M5223.Alarm.RFID_WriteFault","DB50.DBX6673.2",Boolean,1,RO,100,,,,,,,,,,"M5223RFID写入错误",
"M5223.Alarm.TimeOutFault","DB70.DBX444.3",Boolean,1,RO,100,,,,,,,,,,"M5223超时故障",
"M5223.Alarm.TM_JY_Fault","DB50.DBX6673.0",Boolean,1,RO,100,,,,,,,,,,"M5223条码校验故障",
"M5223.Alarm.TotalFault","DB70.DBX444.1",Boolean,1,RO,100,,,,,,,,,,"M5223总故障",
"M5223.Alarm.WX_Fault","DB50.DBX6672.1",Boolean,1,RO,100,,,,,,,,,,"M5223外形故障",
"M5223.Alarm.WX_TM_Fault","DB50.DBX6672.0",Boolean,1,RO,100,,,,,,,,,,"M5223外形条码总故障",
"M5223.State.Allow","DB50.DBB6679",Byte,1,RO,100,,,,,,,,,,"M5223允许拆盘",
"M5223.State.ForwardRun","DB70.DBX445.6",Boolean,1,RO,100,,,,,,,,,,"M5223正转运行",
"M5223.State.Get_Num","DB50.DBB6678",Byte,1,RO,100,,,,,,,,,,"M5223已取数量",
"M5223.State.LastOne","DB50.DBX6673.4",Boolean,1,RO,100,,,,,,,,,,"M5223强制推盘",
"M5223.State.Load","DB70.DBX445.5",Boolean,1,RO,100,,,,,,,,,,"M5223负载",
"M5223.State.MD_State1","DB50.DINT6680",Long,1,RO,100,,,,,,,,,,"M5223码垛状态1",
"M5223.State.MD_State2","DB50.DBB6684",Byte,1,RO,100,,,,,,,,,,"M5223码垛状态2",
"M5223.State.Need_Num","DB50.DBB6677",Byte,1,RO,100,,,,,,,,,,"M5223要取数量",
"M5223.State.PH1","I164.5",Boolean,1,RO,100,,,,,,,,,,"5223对射保护光电",
"M5223.State.PH2","I164.7",Boolean,1,RO,100,,,,,,,,,,"5223到位光电",
"M5223.State.ReversalRun","DB70.DBX445.7",Boolean,1,RO,100,,,,,,,,,,"M5223反转运行",
"M5223.State.Runing","DB70.DBX444.0",Boolean,1,RO,100,,,,,,,,,,"M5223设备运行标志",
"M5223.State.SelectPlace","DB70.DBX444.7",Boolean,1,RO,100,,,,,,,,,,"M5223选中位",
"M5223.State.YX_DX","DB50.DBB6675",Byte,1,RO,100,,,,,,,,,,"M5223码垛垛型",
"M5223.State.YX_Num","DB50.DBB6676",Byte,1,RO,100,,,,,,,,,,"M5223烟箱数量",
"M5223.State.YX_Type","DB50.DBB6674",Byte,1,RO,100,,,,,,,,,,"M5223烟箱类型",
"M5223.Task.Code","DB50.DINT6662",Long,1,RO,100,,,,,,,,,,"M5223托盘条码",
"M5223.Task.DestSta","DB50.DBW6670",Short,1,RO,100,,,,,,,,,,"M5223目标地址",
"M5223.Task.StartSta","DB50.DBW6668",Short,1,RO,100,,,,,,,,,,"M5223起始地址",
"M5223.Task.Task","DB50.DBW6660",Short,1,RO,100,,,,,,,,,,"M5223任务号",
"M5223.Task.TpType","DB50.DBW6666",Short,1,RO,100,,,,,,,,,,"M5223货物类型",
"M5224.Alarm.B_Fault","DB50.DBX6702.4",Boolean,1,RO,100,,,,,,,,,,"M5224后超长",
"M5224.Alarm.DriveFault","DB70.DBX446.2",Boolean,1,RO,100,,,,,,,,,,"M5224驱动器故障",
"M5224.Alarm.EstopFault","DB70.DBX447.3",Boolean,1,RO,100,,,,,,,,,,"M5224急停故障",
"M5224.Alarm.F_Fault","DB50.DBX6702.3",Boolean,1,RO,100,,,,,,,,,,"M5224前超长",
"M5224.Alarm.H_Fault","DB50.DBX6702.2",Boolean,1,RO,100,,,,,,,,,,"M5224超高",
"M5224.Alarm.L_Fault","DB50.DBX6702.5",Boolean,1,RO,100,,,,,,,,,,"M5224左超宽",
"M5224.Alarm.LS_Fault","DB70.DBX447.2",Boolean,1,RO,100,,,,,,,,,,"M5224限位故障",
"M5224.Alarm.NoRead","DB50.DBX6703.1",Boolean,1,RO,100,,,,,,,,,,"M5224条码未读出",
"M5224.Alarm.OutSideFault","DB70.DBX447.1",Boolean,1,RO,100,,,,,,,,,,"M5224货物超边故障",
"M5224.Alarm.PH_Fault","DB70.DBX446.6",Boolean,1,RO,100,,,,,,,,,,"M5224光电管异常",
"M5224.Alarm.QF_Fault","DB70.DBX446.4",Boolean,1,RO,100,,,,,,,,,,"M5224空开故障",
"M5224.Alarm.QS_Fault","DB70.DBX446.5",Boolean,1,RO,100,,,,,,,,,,"M5224隔离开关故障",
"M5224.Alarm.R_Fault","DB50.DBX6702.6",Boolean,1,RO,100,,,,,,,,,,"M5224右超宽",
"M5224.Alarm.RFID_ReadFault","DB50.DBX6703.3",Boolean,1,RO,100,,,,,,,,,,"M5224RFID读取错误",
"M5224.Alarm.RFID_WriteFault","DB50.DBX6703.2",Boolean,1,RO,100,,,,,,,,,,"M5224RFID写入错误",
"M5224.Alarm.TimeOutFault","DB70.DBX446.3",Boolean,1,RO,100,,,,,,,,,,"M5224超时故障",
"M5224.Alarm.TM_JY_Fault","DB50.DBX6703.0",Boolean,1,RO,100,,,,,,,,,,"M5224条码校验故障",
"M5224.Alarm.TotalFault","DB70.DBX446.1",Boolean,1,RO,100,,,,,,,,,,"M5224总故障",
"M5224.Alarm.WX_Fault","DB50.DBX6702.1",Boolean,1,RO,100,,,,,,,,,,"M5224外形故障",
"M5224.Alarm.WX_TM_Fault","DB50.DBX6702.0",Boolean,1,RO,100,,,,,,,,,,"M5224外形条码总故障",
"M5224.State.Allow","DB50.DBB6709",Byte,1,RO,100,,,,,,,,,,"M5224允许拆盘",
"M5224.State.ForwardRun","DB70.DBX447.6",Boolean,1,RO,100,,,,,,,,,,"M5224正转运行",
"M5224.State.Get_Num","DB50.DBB6708",Byte,1,RO,100,,,,,,,,,,"M5224已取数量",
"M5224.State.LastOne","DB50.DBX6703.4",Boolean,1,RO,100,,,,,,,,,,"M5224强制推盘",
"M5224.State.Load","DB70.DBX447.5",Boolean,1,RO,100,,,,,,,,,,"M5224负载",
"M5224.State.MD_State1","DB50.DINT6710",Long,1,RO,100,,,,,,,,,,"M5224码垛状态1",
"M5224.State.MD_State2","DB50.DBB6714",Byte,1,RO,100,,,,,,,,,,"M5224码垛状态2",
"M5224.State.Need_Num","DB50.DBB6707",Byte,1,RO,100,,,,,,,,,,"M5224要取数量",
"M5224.State.PH1","I165.2",Boolean,1,RO,100,,,,,,,,,,"5224到位光电1",
"M5224.State.PH2","I165.4",Boolean,1,RO,100,,,,,,,,,,"5224减速光电",
"M5224.State.PH3","I165.6",Boolean,1,RO,100,,,,,,,,,,"5224到位光电3",
"M5224.State.ReversalRun","DB70.DBX447.7",Boolean,1,RO,100,,,,,,,,,,"M5224反转运行",
"M5224.State.Runing","DB70.DBX446.0",Boolean,1,RO,100,,,,,,,,,,"M5224设备运行标志",
"M5224.State.SelectPlace","DB70.DBX446.7",Boolean,1,RO,100,,,,,,,,,,"M5224选中位",
"M5224.State.YX_DX","DB50.DBB6705",Byte,1,RO,100,,,,,,,,,,"M5224码垛垛型",
"M5224.State.YX_Num","DB50.DBB6706",Byte,1,RO,100,,,,,,,,,,"M5224烟箱数量",
"M5224.State.YX_Type","DB50.DBB6704",Byte,1,RO,100,,,,,,,,,,"M5224烟箱类型",
"M5224.Task.Code","DB50.DINT6692",Long,1,RO,100,,,,,,,,,,"M5224托盘条码",
"M5224.Task.DestSta","DB50.DBW6700",Short,1,RO,100,,,,,,,,,,"M5224目标地址",
"M5224.Task.StartSta","DB50.DBW6698",Short,1,RO,100,,,,,,,,,,"M5224起始地址",
"M5224.Task.Task","DB50.DBW6690",Short,1,RO,100,,,,,,,,,,"M5224任务号",
"M5224.Task.TpType","DB50.DBW6696",Short,1,RO,100,,,,,,,,,,"M5224货物类型",
"M5225.Alarm.B_Fault","DB50.DBX6732.4",Boolean,1,RO,100,,,,,,,,,,"M5225后超长",
"M5225.Alarm.DriveFault","DB70.DBX448.2",Boolean,1,RO,100,,,,,,,,,,"M5225驱动器故障",
"M5225.Alarm.EstopFault","DB70.DBX449.3",Boolean,1,RO,100,,,,,,,,,,"M5225急停故障",
"M5225.Alarm.F_Fault","DB50.DBX6732.3",Boolean,1,RO,100,,,,,,,,,,"M5225前超长",
"M5225.Alarm.H_Fault","DB50.DBX6732.2",Boolean,1,RO,100,,,,,,,,,,"M5225超高",
"M5225.Alarm.L_Fault","DB50.DBX6732.5",Boolean,1,RO,100,,,,,,,,,,"M5225左超宽",
"M5225.Alarm.LS_Fault","DB70.DBX449.2",Boolean,1,RO,100,,,,,,,,,,"M5225限位故障",
"M5225.Alarm.NoRead","DB50.DBX6733.1",Boolean,1,RO,100,,,,,,,,,,"M5225条码未读出",
"M5225.Alarm.OutSideFault","DB70.DBX449.1",Boolean,1,RO,100,,,,,,,,,,"M5225货物超边故障",
"M5225.Alarm.PH_Fault","DB70.DBX448.6",Boolean,1,RO,100,,,,,,,,,,"M5225光电管异常",
"M5225.Alarm.QF_Fault","DB70.DBX448.4",Boolean,1,RO,100,,,,,,,,,,"M5225空开故障",
"M5225.Alarm.QS_Fault","DB70.DBX448.5",Boolean,1,RO,100,,,,,,,,,,"M5225隔离开关故障",
"M5225.Alarm.R_Fault","DB50.DBX6732.6",Boolean,1,RO,100,,,,,,,,,,"M5225右超宽",
"M5225.Alarm.RFID_ReadFault","DB50.DBX6733.3",Boolean,1,RO,100,,,,,,,,,,"M5225RFID读取错误",
"M5225.Alarm.RFID_WriteFault","DB50.DBX6733.2",Boolean,1,RO,100,,,,,,,,,,"M5225RFID写入错误",
"M5225.Alarm.TimeOutFault","DB70.DBX448.3",Boolean,1,RO,100,,,,,,,,,,"M5225超时故障",
"M5225.Alarm.TM_JY_Fault","DB50.DBX6733.0",Boolean,1,RO,100,,,,,,,,,,"M5225条码校验故障",
"M5225.Alarm.TotalFault","DB70.DBX448.1",Boolean,1,RO,100,,,,,,,,,,"M5225总故障",
"M5225.Alarm.WX_Fault","DB50.DBX6732.1",Boolean,1,RO,100,,,,,,,,,,"M5225外形故障",
"M5225.Alarm.WX_TM_Fault","DB50.DBX6732.0",Boolean,1,RO,100,,,,,,,,,,"M5225外形条码总故障",
"M5225.State.Allow","DB50.DBB6739",Byte,1,RO,100,,,,,,,,,,"M5225允许拆盘",
"M5225.State.ForwardRun","DB70.DBX449.6",Boolean,1,RO,100,,,,,,,,,,"M5225正转运行",
"M5225.State.Get_Num","DB50.DBB6738",Byte,1,RO,100,,,,,,,,,,"M5225已取数量",
"M5225.State.LastOne","DB50.DBX6733.4",Boolean,1,RO,100,,,,,,,,,,"M5225强制推盘",
"M5225.State.Load","DB70.DBX449.5",Boolean,1,RO,100,,,,,,,,,,"M5225负载",
"M5225.State.M5225_2_RF","Q278.0",Boolean,1,RO,100,,,,,,,,,,"5225.2上升",
"M5225.State.MD_State1","DB50.DINT6740",Long,1,RO,100,,,,,,,,,,"M5225码垛状态1",
"M5225.State.MD_State2","DB50.DBB6744",Byte,1,RO,100,,,,,,,,,,"M5225码垛状态2",
"M5225.State.Need_Num","DB50.DBB6737",Byte,1,RO,100,,,,,,,,,,"M5225要取数量",
"M5225.State.PR5225_1","I171.4",Boolean,1,RO,100,,,,,,,,,,"5225高位接近",
"M5225.State.PR5225_2","I171.6",Boolean,1,RO,100,,,,,,,,,,"5225低位接近",
"M5225.State.ReversalRun","DB70.DBX449.7",Boolean,1,RO,100,,,,,,,,,,"M5225反转运行",
"M5225.State.Runing","DB70.DBX448.0",Boolean,1,RO,100,,,,,,,,,,"M5225设备运行标志",
"M5225.State.SelectPlace","DB70.DBX448.7",Boolean,1,RO,100,,,,,,,,,,"M5225选中位",
"M5225.State.YX_DX","DB50.DBB6735",Byte,1,RO,100,,,,,,,,,,"M5225码垛垛型",
"M5225.State.YX_Num","DB50.DBB6736",Byte,1,RO,100,,,,,,,,,,"M5225烟箱数量",
"M5225.State.YX_Type","DB50.DBB6734",Byte,1,RO,100,,,,,,,,,,"M5225烟箱类型",
"M5225.Task.Code","DB50.DINT6722",Long,1,RO,100,,,,,,,,,,"M5225托盘条码",
"M5225.Task.DestSta","DB50.DBW6730",Short,1,RO,100,,,,,,,,,,"M5225目标地址",
"M5225.Task.StartSta","DB50.DBW6728",Short,1,RO,100,,,,,,,,,,"M5225起始地址",
"M5225.Task.Task","DB50.DBW6720",Short,1,RO,100,,,,,,,,,,"M5225任务号",
"M5225.Task.TpType","DB50.DBW6726",Short,1,RO,100,,,,,,,,,,"M5225货物类型",
"M5226.Alarm.B_Fault","DB50.DBX6762.4",Boolean,1,RO,100,,,,,,,,,,"M5226后超长",
"M5226.Alarm.DriveFault","DB70.DBX450.2",Boolean,1,RO,100,,,,,,,,,,"M5226驱动器故障",
"M5226.Alarm.EstopFault","DB70.DBX451.3",Boolean,1,RO,100,,,,,,,,,,"M5226急停故障",
"M5226.Alarm.F_Fault","DB50.DBX6762.3",Boolean,1,RO,100,,,,,,,,,,"M5226前超长",
"M5226.Alarm.H_Fault","DB50.DBX6762.2",Boolean,1,RO,100,,,,,,,,,,"M5226超高",
"M5226.Alarm.L_Fault","DB50.DBX6762.5",Boolean,1,RO,100,,,,,,,,,,"M5226左超宽",
"M5226.Alarm.LS_Fault","DB70.DBX451.2",Boolean,1,RO,100,,,,,,,,,,"M5226限位故障",
"M5226.Alarm.NoRead","DB50.DBX6763.1",Boolean,1,RO,100,,,,,,,,,,"M5226条码未读出",
"M5226.Alarm.OutSideFault","DB70.DBX451.1",Boolean,1,RO,100,,,,,,,,,,"M5226货物超边故障",
"M5226.Alarm.PH_Fault","DB70.DBX450.6",Boolean,1,RO,100,,,,,,,,,,"M5226光电管异常",
"M5226.Alarm.QF_Fault","DB70.DBX450.4",Boolean,1,RO,100,,,,,,,,,,"M5226空开故障",
"M5226.Alarm.QS_Fault","DB70.DBX450.5",Boolean,1,RO,100,,,,,,,,,,"M5226隔离开关故障",
"M5226.Alarm.R_Fault","DB50.DBX6762.6",Boolean,1,RO,100,,,,,,,,,,"M5226右超宽",
"M5226.Alarm.RFID_ReadFault","DB50.DBX6763.3",Boolean,1,RO,100,,,,,,,,,,"M5226RFID读取错误",
"M5226.Alarm.RFID_WriteFault","DB50.DBX6763.2",Boolean,1,RO,100,,,,,,,,,,"M5226RFID写入错误",
"M5226.Alarm.TimeOutFault","DB70.DBX450.3",Boolean,1,RO,100,,,,,,,,,,"M5226超时故障",
"M5226.Alarm.TM_JY_Fault","DB50.DBX6763.0",Boolean,1,RO,100,,,,,,,,,,"M5226条码校验故障",
"M5226.Alarm.TotalFault","DB70.DBX450.1",Boolean,1,RO,100,,,,,,,,,,"M5226总故障",
"M5226.Alarm.WX_Fault","DB50.DBX6762.1",Boolean,1,RO,100,,,,,,,,,,"M5226外形故障",
"M5226.Alarm.WX_TM_Fault","DB50.DBX6762.0",Boolean,1,RO,100,,,,,,,,,,"M5226外形条码总故障",
"M5226.State.Allow","DB50.DBB6769",Byte,1,RO,100,,,,,,,,,,"M5226允许拆盘",
"M5226.State.ForwardRun","DB70.DBX451.6",Boolean,1,RO,100,,,,,,,,,,"M5226正转运行",
"M5226.State.Get_Num","DB50.DBB6768",Byte,1,RO,100,,,,,,,,,,"M5226已取数量",
"M5226.State.LastOne","DB50.DBX6763.4",Boolean,1,RO,100,,,,,,,,,,"M5226强制推盘",
"M5226.State.Load","DB70.DBX451.5",Boolean,1,RO,100,,,,,,,,,,"M5226负载",
"M5226.State.MD_State1","DB50.DINT6770",Long,1,RO,100,,,,,,,,,,"M5226码垛状态1",
"M5226.State.MD_State2","DB50.DBB6774",Byte,1,RO,100,,,,,,,,,,"M5226码垛状态2",
"M5226.State.Need_Num","DB50.DBB6767",Byte,1,RO,100,,,,,,,,,,"M5226要取数量",
"M5226.State.PH1","I173.2",Boolean,1,RO,100,,,,,,,,,,"5226减速光电",
"M5226.State.PH2","I173.4",Boolean,1,RO,100,,,,,,,,,,"5226到位光电",
"M5226.State.ReversalRun","DB70.DBX451.7",Boolean,1,RO,100,,,,,,,,,,"M5226反转运行",
"M5226.State.Runing","DB70.DBX450.0",Boolean,1,RO,100,,,,,,,,,,"M5226设备运行标志",
"M5226.State.SelectPlace","DB70.DBX450.7",Boolean,1,RO,100,,,,,,,,,,"M5226选中位",
"M5226.State.YX_DX","DB50.DBB6765",Byte,1,RO,100,,,,,,,,,,"M5226码垛垛型",
"M5226.State.YX_Num","DB50.DBB6766",Byte,1,RO,100,,,,,,,,,,"M5226烟箱数量",
"M5226.State.YX_Type","DB50.DBB6764",Byte,1,RO,100,,,,,,,,,,"M5226烟箱类型",
"M5226.Task.Code","DB50.DINT6752",Long,1,RO,100,,,,,,,,,,"M5226托盘条码",
"M5226.Task.DestSta","DB50.DBW6760",Short,1,RO,100,,,,,,,,,,"M5226目标地址",
"M5226.Task.StartSta","DB50.DBW6758",Short,1,RO,100,,,,,,,,,,"M5226起始地址",
"M5226.Task.Task","DB50.DBW6750",Short,1,RO,100,,,,,,,,,,"M5226任务号",
"M5226.Task.TpType","DB50.DBW6756",Short,1,RO,100,,,,,,,,,,"M5226货物类型",
"M5227.Alarm.B_Fault","DB50.DBX6792.4",Boolean,1,RO,100,,,,,,,,,,"M5227后超长",
"M5227.Alarm.DriveFault","DB70.DBX452.2",Boolean,1,RO,100,,,,,,,,,,"M5227驱动器故障",
"M5227.Alarm.EstopFault","DB70.DBX453.3",Boolean,1,RO,100,,,,,,,,,,"M5227急停故障",
"M5227.Alarm.F_Fault","DB50.DBX6792.3",Boolean,1,RO,100,,,,,,,,,,"M5227前超长",
"M5227.Alarm.H_Fault","DB50.DBX6792.2",Boolean,1,RO,100,,,,,,,,,,"M5227超高",
"M5227.Alarm.L_Fault","DB50.DBX6792.5",Boolean,1,RO,100,,,,,,,,,,"M5227左超宽",
"M5227.Alarm.LS_Fault","DB70.DBX453.2",Boolean,1,RO,100,,,,,,,,,,"M5227限位故障",
"M5227.Alarm.NoRead","DB50.DBX6793.1",Boolean,1,RO,100,,,,,,,,,,"M5227条码未读出",
"M5227.Alarm.OutSideFault","DB70.DBX453.1",Boolean,1,RO,100,,,,,,,,,,"M5227货物超边故障",
"M5227.Alarm.PH_Fault","DB70.DBX452.6",Boolean,1,RO,100,,,,,,,,,,"M5227光电管异常",
"M5227.Alarm.QF_Fault","DB70.DBX452.4",Boolean,1,RO,100,,,,,,,,,,"M5227空开故障",
"M5227.Alarm.QS_Fault","DB70.DBX452.5",Boolean,1,RO,100,,,,,,,,,,"M5227隔离开关故障",
"M5227.Alarm.R_Fault","DB50.DBX6792.6",Boolean,1,RO,100,,,,,,,,,,"M5227右超宽",
"M5227.Alarm.RFID_ReadFault","DB50.DBX6793.3",Boolean,1,RO,100,,,,,,,,,,"M5227RFID读取错误",
"M5227.Alarm.RFID_WriteFault","DB50.DBX6793.2",Boolean,1,RO,100,,,,,,,,,,"M5227RFID写入错误",
"M5227.Alarm.TimeOutFault","DB70.DBX452.3",Boolean,1,RO,100,,,,,,,,,,"M5227超时故障",
"M5227.Alarm.TM_JY_Fault","DB50.DBX6793.0",Boolean,1,RO,100,,,,,,,,,,"M5227条码校验故障",
"M5227.Alarm.TotalFault","DB70.DBX452.1",Boolean,1,RO,100,,,,,,,,,,"M5227总故障",
"M5227.Alarm.WX_Fault","DB50.DBX6792.1",Boolean,1,RO,100,,,,,,,,,,"M5227外形故障",
"M5227.Alarm.WX_TM_Fault","DB50.DBX6792.0",Boolean,1,RO,100,,,,,,,,,,"M5227外形条码总故障",
"M5227.State.Allow","DB50.DBB6799",Byte,1,RO,100,,,,,,,,,,"M5227允许拆盘",
"M5227.State.ForwardRun","DB70.DBX453.6",Boolean,1,RO,100,,,,,,,,,,"M5227正转运行",
"M5227.State.Get_Num","DB50.DBB6798",Byte,1,RO,100,,,,,,,,,,"M5227已取数量",
"M5227.State.LastOne","DB50.DBX6793.4",Boolean,1,RO,100,,,,,,,,,,"M5227强制推盘",
"M5227.State.Load","DB70.DBX453.5",Boolean,1,RO,100,,,,,,,,,,"M5227负载",
"M5227.State.MD_State1","DB50.DINT6800",Long,1,RO,100,,,,,,,,,,"M5227码垛状态1",
"M5227.State.MD_State2","DB50.DBB6804",Byte,1,RO,100,,,,,,,,,,"M5227码垛状态2",
"M5227.State.Need_Num","DB50.DBB6797",Byte,1,RO,100,,,,,,,,,,"M5227要取数量",
"M5227.State.PH1","I172.2",Boolean,1,RO,100,,,,,,,,,,"5227到位光电1",
"M5227.State.ReversalRun","DB70.DBX453.7",Boolean,1,RO,100,,,,,,,,,,"M5227反转运行",
"M5227.State.Runing","DB70.DBX452.0",Boolean,1,RO,100,,,,,,,,,,"M5227设备运行标志",
"M5227.State.SelectPlace","DB70.DBX452.7",Boolean,1,RO,100,,,,,,,,,,"M5227选中位",
"M5227.State.YX_DX","DB50.DBB6795",Byte,1,RO,100,,,,,,,,,,"M5227码垛垛型",
"M5227.State.YX_Num","DB50.DBB6796",Byte,1,RO,100,,,,,,,,,,"M5227烟箱数量",
"M5227.State.YX_Type","DB50.DBB6794",Byte,1,RO,100,,,,,,,,,,"M5227烟箱类型",
"M5227.Task.Code","DB50.DINT6782",Long,1,RO,100,,,,,,,,,,"M5227托盘条码",
"M5227.Task.DestSta","DB50.DBW6790",Short,1,RO,100,,,,,,,,,,"M5227目标地址",
"M5227.Task.StartSta","DB50.DBW6788",Short,1,RO,100,,,,,,,,,,"M5227起始地址",
"M5227.Task.Task","DB50.DBW6780",Short,1,RO,100,,,,,,,,,,"M5227任务号",
"M5227.Task.TpType","DB50.DBW6786",Short,1,RO,100,,,,,,,,,,"M5227货物类型",
"M5228.Alarm.B_Fault","DB50.DBX6822.4",Boolean,1,RO,100,,,,,,,,,,"M5228后超长",
"M5228.Alarm.DriveFault","DB70.DBX454.2",Boolean,1,RO,100,,,,,,,,,,"M5228驱动器故障",
"M5228.Alarm.EstopFault","DB70.DBX455.3",Boolean,1,RO,100,,,,,,,,,,"M5228急停故障",
"M5228.Alarm.F_Fault","DB50.DBX6822.3",Boolean,1,RO,100,,,,,,,,,,"M5228前超长",
"M5228.Alarm.H_Fault","DB50.DBX6822.2",Boolean,1,RO,100,,,,,,,,,,"M5228超高",
"M5228.Alarm.L_Fault","DB50.DBX6822.5",Boolean,1,RO,100,,,,,,,,,,"M5228左超宽",
"M5228.Alarm.LS_Fault","DB70.DBX455.2",Boolean,1,RO,100,,,,,,,,,,"M5228限位故障",
"M5228.Alarm.NoRead","DB50.DBX6823.1",Boolean,1,RO,100,,,,,,,,,,"M5228条码未读出",
"M5228.Alarm.OutSideFault","DB70.DBX455.1",Boolean,1,RO,100,,,,,,,,,,"M5228货物超边故障",
"M5228.Alarm.PH_Fault","DB70.DBX454.6",Boolean,1,RO,100,,,,,,,,,,"M5228光电管异常",
"M5228.Alarm.QF_Fault","DB70.DBX454.4",Boolean,1,RO,100,,,,,,,,,,"M5228空开故障",
"M5228.Alarm.QS_Fault","DB70.DBX454.5",Boolean,1,RO,100,,,,,,,,,,"M5228隔离开关故障",
"M5228.Alarm.R_Fault","DB50.DBX6822.6",Boolean,1,RO,100,,,,,,,,,,"M5228右超宽",
"M5228.Alarm.RFID_ReadFault","DB50.DBX6823.3",Boolean,1,RO,100,,,,,,,,,,"M5228RFID读取错误",
"M5228.Alarm.RFID_WriteFault","DB50.DBX6823.2",Boolean,1,RO,100,,,,,,,,,,"M5228RFID写入错误",
"M5228.Alarm.TimeOutFault","DB70.DBX454.3",Boolean,1,RO,100,,,,,,,,,,"M5228超时故障",
"M5228.Alarm.TM_JY_Fault","DB50.DBX6823.0",Boolean,1,RO,100,,,,,,,,,,"M5228条码校验故障",
"M5228.Alarm.TotalFault","DB70.DBX454.1",Boolean,1,RO,100,,,,,,,,,,"M5228总故障",
"M5228.Alarm.WX_Fault","DB50.DBX6822.1",Boolean,1,RO,100,,,,,,,,,,"M5228外形故障",
"M5228.Alarm.WX_TM_Fault","DB50.DBX6822.0",Boolean,1,RO,100,,,,,,,,,,"M5228外形条码总故障",
"M5228.State.Allow","DB50.DBB6829",Byte,1,RO,100,,,,,,,,,,"M5228允许拆盘",
"M5228.State.ForwardRun","DB70.DBX455.6",Boolean,1,RO,100,,,,,,,,,,"M5228正转运行",
"M5228.State.Get_Num","DB50.DBB6828",Byte,1,RO,100,,,,,,,,,,"M5228已取数量",
"M5228.State.LastOne","DB50.DBX6823.4",Boolean,1,RO,100,,,,,,,,,,"M5228强制推盘",
"M5228.State.Load","DB70.DBX455.5",Boolean,1,RO,100,,,,,,,,,,"M5228负载",
"M5228.State.MD_State1","DB50.DINT6830",Long,1,RO,100,,,,,,,,,,"M5228码垛状态1",
"M5228.State.MD_State2","DB50.DBB6834",Byte,1,RO,100,,,,,,,,,,"M5228码垛状态2",
"M5228.State.Need_Num","DB50.DBB6827",Byte,1,RO,100,,,,,,,,,,"M5228要取数量",
"M5228.State.PH1","I172.6",Boolean,1,RO,100,,,,,,,,,,"5228对射保护光电",
"M5228.State.PH2","I172.1",Boolean,1,RO,100,,,,,,,,,,"5228到位光电",
"M5228.State.ReversalRun","DB70.DBX455.7",Boolean,1,RO,100,,,,,,,,,,"M5228反转运行",
"M5228.State.Runing","DB70.DBX454.0",Boolean,1,RO,100,,,,,,,,,,"M5228设备运行标志",
"M5228.State.SelectPlace","DB70.DBX454.7",Boolean,1,RO,100,,,,,,,,,,"M5228选中位",
"M5228.State.YX_DX","DB50.DBB6825",Byte,1,RO,100,,,,,,,,,,"M5228码垛垛型",
"M5228.State.YX_Num","DB50.DBB6826",Byte,1,RO,100,,,,,,,,,,"M5228烟箱数量",
"M5228.State.YX_Type","DB50.DBB6824",Byte,1,RO,100,,,,,,,,,,"M5228烟箱类型",
"M5228.Task.Code","DB50.DINT6812",Long,1,RO,100,,,,,,,,,,"M5228托盘条码",
"M5228.Task.DestSta","DB50.DBW6820",Short,1,RO,100,,,,,,,,,,"M5228目标地址",
"M5228.Task.StartSta","DB50.DBW6818",Short,1,RO,100,,,,,,,,,,"M5228起始地址",
"M5228.Task.Task","DB50.DBW6810",Short,1,RO,100,,,,,,,,,,"M5228任务号",
"M5228.Task.TpType","DB50.DBW6816",Short,1,RO,100,,,,,,,,,,"M5228货物类型",
"M5229.Alarm.B_Fault","DB50.DBX6852.4",Boolean,1,RO,100,,,,,,,,,,"M5229后超长",
"M5229.Alarm.DriveFault","DB70.DBX456.2",Boolean,1,RO,100,,,,,,,,,,"M5229驱动器故障",
"M5229.Alarm.EstopFault","DB70.DBX457.3",Boolean,1,RO,100,,,,,,,,,,"M5229急停故障",
"M5229.Alarm.F_Fault","DB50.DBX6852.3",Boolean,1,RO,100,,,,,,,,,,"M5229前超长",
"M5229.Alarm.H_Fault","DB50.DBX6852.2",Boolean,1,RO,100,,,,,,,,,,"M5229超高",
"M5229.Alarm.L_Fault","DB50.DBX6852.5",Boolean,1,RO,100,,,,,,,,,,"M5229左超宽",
"M5229.Alarm.LS_Fault","DB70.DBX457.2",Boolean,1,RO,100,,,,,,,,,,"M5229限位故障",
"M5229.Alarm.NoRead","DB50.DBX6853.1",Boolean,1,RO,100,,,,,,,,,,"M5229条码未读出",
"M5229.Alarm.OutSideFault","DB70.DBX457.1",Boolean,1,RO,100,,,,,,,,,,"M5229货物超边故障",
"M5229.Alarm.PH_Fault","DB70.DBX456.6",Boolean,1,RO,100,,,,,,,,,,"M5229光电管异常",
"M5229.Alarm.QF_Fault","DB70.DBX456.4",Boolean,1,RO,100,,,,,,,,,,"M5229空开故障",
"M5229.Alarm.QS_Fault","DB70.DBX456.5",Boolean,1,RO,100,,,,,,,,,,"M5229隔离开关故障",
"M5229.Alarm.R_Fault","DB50.DBX6852.6",Boolean,1,RO,100,,,,,,,,,,"M5229右超宽",
"M5229.Alarm.RFID_ReadFault","DB50.DBX6853.3",Boolean,1,RO,100,,,,,,,,,,"M5229RFID读取错误",
"M5229.Alarm.RFID_WriteFault","DB50.DBX6853.2",Boolean,1,RO,100,,,,,,,,,,"M5229RFID写入错误",
"M5229.Alarm.TimeOutFault","DB70.DBX456.3",Boolean,1,RO,100,,,,,,,,,,"M5229超时故障",
"M5229.Alarm.TM_JY_Fault","DB50.DBX6853.0",Boolean,1,RO,100,,,,,,,,,,"M5229条码校验故障",
"M5229.Alarm.TotalFault","DB70.DBX456.1",Boolean,1,RO,100,,,,,,,,,,"M5229总故障",
"M5229.Alarm.WX_Fault","DB50.DBX6852.1",Boolean,1,RO,100,,,,,,,,,,"M5229外形故障",
"M5229.Alarm.WX_TM_Fault","DB50.DBX6852.0",Boolean,1,RO,100,,,,,,,,,,"M5229外形条码总故障",
"M5229.State.Allow","DB50.DBB6859",Byte,1,RO,100,,,,,,,,,,"M5229允许拆盘",
"M5229.State.ForwardRun","DB70.DBX457.6",Boolean,1,RO,100,,,,,,,,,,"M5229正转运行",
"M5229.State.Get_Num","DB50.DBB6858",Byte,1,RO,100,,,,,,,,,,"M5229已取数量",
"M5229.State.LastOne","DB50.DBX6853.4",Boolean,1,RO,100,,,,,,,,,,"M5229强制推盘",
"M5229.State.Load","DB70.DBX457.5",Boolean,1,RO,100,,,,,,,,,,"M5229负载",
"M5229.State.MD_State1","DB50.DINT6860",Long,1,RO,100,,,,,,,,,,"M5229码垛状态1",
"M5229.State.MD_State2","DB50.DBB6864",Byte,1,RO,100,,,,,,,,,,"M5229码垛状态2",
"M5229.State.Need_Num","DB50.DBB6857",Byte,1,RO,100,,,,,,,,,,"M5229要取数量",
"M5229.State.PH1","I172.5",Boolean,1,RO,100,,,,,,,,,,"5229对射保护光电",
"M5229.State.PH2","I172.7",Boolean,1,RO,100,,,,,,,,,,"5229到位光电",
"M5229.State.ReversalRun","DB70.DBX457.7",Boolean,1,RO,100,,,,,,,,,,"M5229反转运行",
"M5229.State.Runing","DB70.DBX456.0",Boolean,1,RO,100,,,,,,,,,,"M5229设备运行标志",
"M5229.State.SelectPlace","DB70.DBX456.7",Boolean,1,RO,100,,,,,,,,,,"M5229选中位",
"M5229.State.YX_DX","DB50.DBB6855",Byte,1,RO,100,,,,,,,,,,"M5229码垛垛型",
"M5229.State.YX_Num","DB50.DBB6856",Byte,1,RO,100,,,,,,,,,,"M5229烟箱数量",
"M5229.State.YX_Type","DB50.DBB6854",Byte,1,RO,100,,,,,,,,,,"M5229烟箱类型",
"M5229.Task.Code","DB50.DINT6842",Long,1,RO,100,,,,,,,,,,"M5229托盘条码",
"M5229.Task.DestSta","DB50.DBW6850",Short,1,RO,100,,,,,,,,,,"M5229目标地址",
"M5229.Task.StartSta","DB50.DBW6848",Short,1,RO,100,,,,,,,,,,"M5229起始地址",
"M5229.Task.Task","DB50.DBW6840",Short,1,RO,100,,,,,,,,,,"M5229任务号",
"M5229.Task.TpType","DB50.DBW6846",Short,1,RO,100,,,,,,,,,,"M5229货物类型",
"M5230.Alarm.B_Fault","DB50.DBX6882.4",Boolean,1,RO,100,,,,,,,,,,"M5230后超长",
"M5230.Alarm.DriveFault","DB70.DBX458.2",Boolean,1,RO,100,,,,,,,,,,"M5230驱动器故障",
"M5230.Alarm.EstopFault","DB70.DBX459.3",Boolean,1,RO,100,,,,,,,,,,"M5230急停故障",
"M5230.Alarm.F_Fault","DB50.DBX6882.3",Boolean,1,RO,100,,,,,,,,,,"M5230前超长",
"M5230.Alarm.H_Fault","DB50.DBX6882.2",Boolean,1,RO,100,,,,,,,,,,"M5230超高",
"M5230.Alarm.L_Fault","DB50.DBX6882.5",Boolean,1,RO,100,,,,,,,,,,"M5230左超宽",
"M5230.Alarm.LS_Fault","DB70.DBX459.2",Boolean,1,RO,100,,,,,,,,,,"M5230限位故障",
"M5230.Alarm.NoRead","DB50.DBX6883.1",Boolean,1,RO,100,,,,,,,,,,"M5230条码未读出",
"M5230.Alarm.OutSideFault","DB70.DBX459.1",Boolean,1,RO,100,,,,,,,,,,"M5230货物超边故障",
"M5230.Alarm.PH_Fault","DB70.DBX458.6",Boolean,1,RO,100,,,,,,,,,,"M5230光电管异常",
"M5230.Alarm.QF_Fault","DB70.DBX458.4",Boolean,1,RO,100,,,,,,,,,,"M5230空开故障",
"M5230.Alarm.QS_Fault","DB70.DBX458.5",Boolean,1,RO,100,,,,,,,,,,"M5230隔离开关故障",
"M5230.Alarm.R_Fault","DB50.DBX6882.6",Boolean,1,RO,100,,,,,,,,,,"M5230右超宽",
"M5230.Alarm.RFID_ReadFault","DB50.DBX6883.3",Boolean,1,RO,100,,,,,,,,,,"M5230RFID读取错误",
"M5230.Alarm.RFID_WriteFault","DB50.DBX6883.2",Boolean,1,RO,100,,,,,,,,,,"M5230RFID写入错误",
"M5230.Alarm.TimeOutFault","DB70.DBX458.3",Boolean,1,RO,100,,,,,,,,,,"M5230超时故障",
"M5230.Alarm.TM_JY_Fault","DB50.DBX6883.0",Boolean,1,RO,100,,,,,,,,,,"M5230条码校验故障",
"M5230.Alarm.TotalFault","DB70.DBX458.1",Boolean,1,RO,100,,,,,,,,,,"M5230总故障",
"M5230.Alarm.WX_Fault","DB50.DBX6882.1",Boolean,1,RO,100,,,,,,,,,,"M5230外形故障",
"M5230.Alarm.WX_TM_Fault","DB50.DBX6882.0",Boolean,1,RO,100,,,,,,,,,,"M5230外形条码总故障",
"M5230.State.Allow","DB50.DBB6889",Byte,1,RO,100,,,,,,,,,,"M5230允许拆盘",
"M5230.State.ForwardRun","DB70.DBX459.6",Boolean,1,RO,100,,,,,,,,,,"M5230正转运行",
"M5230.State.Get_Num","DB50.DBB6888",Byte,1,RO,100,,,,,,,,,,"M5230已取数量",
"M5230.State.LastOne","DB50.DBX6883.4",Boolean,1,RO,100,,,,,,,,,,"M5230强制推盘",
"M5230.State.Load","DB70.DBX459.5",Boolean,1,RO,100,,,,,,,,,,"M5230负载",
"M5230.State.M5230_2_RF","Q280.0",Boolean,1,RO,100,,,,,,,,,,"5230.2上升",
"M5230.State.MD_State1","DB50.DINT6890",Long,1,RO,100,,,,,,,,,,"M5230码垛状态1",
"M5230.State.MD_State2","DB50.DBB6894",Byte,1,RO,100,,,,,,,,,,"M5230码垛状态2",
"M5230.State.Need_Num","DB50.DBB6887",Byte,1,RO,100,,,,,,,,,,"M5230要取数量",
"M5230.State.PR5230_1","I171.5",Boolean,1,RO,100,,,,,,,,,,"5230高位接近",
"M5230.State.PR5230_2","I171.7",Boolean,1,RO,100,,,,,,,,,,"5230低位接近",
"M5230.State.ReversalRun","DB70.DBX459.7",Boolean,1,RO,100,,,,,,,,,,"M5230反转运行",
"M5230.State.Runing","DB70.DBX458.0",Boolean,1,RO,100,,,,,,,,,,"M5230设备运行标志",
"M5230.State.SelectPlace","DB70.DBX458.7",Boolean,1,RO,100,,,,,,,,,,"M5230选中位",
"M5230.State.YX_DX","DB50.DBB6885",Byte,1,RO,100,,,,,,,,,,"M5230码垛垛型",
"M5230.State.YX_Num","DB50.DBB6886",Byte,1,RO,100,,,,,,,,,,"M5230烟箱数量",
"M5230.State.YX_Type","DB50.DBB6884",Byte,1,RO,100,,,,,,,,,,"M5230烟箱类型",
"M5230.Task.Code","DB50.DINT6872",Long,1,RO,100,,,,,,,,,,"M5230托盘条码",
"M5230.Task.DestSta","DB50.DBW6880",Short,1,RO,100,,,,,,,,,,"M5230目标地址",
"M5230.Task.StartSta","DB50.DBW6878",Short,1,RO,100,,,,,,,,,,"M5230起始地址",
"M5230.Task.Task","DB50.DBW6870",Short,1,RO,100,,,,,,,,,,"M5230任务号",
"M5230.Task.TpType","DB50.DBW6876",Short,1,RO,100,,,,,,,,,,"M5230货物类型",
"M5231.Alarm.B_Fault","DB50.DBX6912.4",Boolean,1,RO,100,,,,,,,,,,"M5231后超长",
"M5231.Alarm.DriveFault","DB70.DBX460.2",Boolean,1,RO,100,,,,,,,,,,"M5231驱动器故障",
"M5231.Alarm.EstopFault","DB70.DBX461.3",Boolean,1,RO,100,,,,,,,,,,"M5231急停故障",
"M5231.Alarm.F_Fault","DB50.DBX6912.3",Boolean,1,RO,100,,,,,,,,,,"M5231前超长",
"M5231.Alarm.H_Fault","DB50.DBX6912.2",Boolean,1,RO,100,,,,,,,,,,"M5231超高",
"M5231.Alarm.L_Fault","DB50.DBX6912.5",Boolean,1,RO,100,,,,,,,,,,"M5231左超宽",
"M5231.Alarm.LS_Fault","DB70.DBX461.2",Boolean,1,RO,100,,,,,,,,,,"M5231限位故障",
"M5231.Alarm.NoRead","DB50.DBX6913.1",Boolean,1,RO,100,,,,,,,,,,"M5231条码未读出",
"M5231.Alarm.OutSideFault","DB70.DBX461.1",Boolean,1,RO,100,,,,,,,,,,"M5231货物超边故障",
"M5231.Alarm.PH_Fault","DB70.DBX460.6",Boolean,1,RO,100,,,,,,,,,,"M5231光电管异常",
"M5231.Alarm.QF_Fault","DB70.DBX460.4",Boolean,1,RO,100,,,,,,,,,,"M5231空开故障",
"M5231.Alarm.QS_Fault","DB70.DBX460.5",Boolean,1,RO,100,,,,,,,,,,"M5231隔离开关故障",
"M5231.Alarm.R_Fault","DB50.DBX6912.6",Boolean,1,RO,100,,,,,,,,,,"M5231右超宽",
"M5231.Alarm.RFID_ReadFault","DB50.DBX6913.3",Boolean,1,RO,100,,,,,,,,,,"M5231RFID读取错误",
"M5231.Alarm.RFID_WriteFault","DB50.DBX6913.2",Boolean,1,RO,100,,,,,,,,,,"M5231RFID写入错误",
"M5231.Alarm.TimeOutFault","DB70.DBX460.3",Boolean,1,RO,100,,,,,,,,,,"M5231超时故障",
"M5231.Alarm.TM_JY_Fault","DB50.DBX6913.0",Boolean,1,RO,100,,,,,,,,,,"M5231条码校验故障",
"M5231.Alarm.TotalFault","DB70.DBX460.1",Boolean,1,RO,100,,,,,,,,,,"M5231总故障",
"M5231.Alarm.WX_Fault","DB50.DBX6912.1",Boolean,1,RO,100,,,,,,,,,,"M5231外形故障",
"M5231.Alarm.WX_TM_Fault","DB50.DBX6912.0",Boolean,1,RO,100,,,,,,,,,,"M5231外形条码总故障",
"M5231.State.Allow","DB50.DBB6919",Byte,1,RO,100,,,,,,,,,,"M5231允许拆盘",
"M5231.State.ForwardRun","DB70.DBX461.6",Boolean,1,RO,100,,,,,,,,,,"M5231正转运行",
"M5231.State.Get_Num","DB50.DBB6918",Byte,1,RO,100,,,,,,,,,,"M5231已取数量",
"M5231.State.LastOne","DB50.DBX6913.4",Boolean,1,RO,100,,,,,,,,,,"M5231强制推盘",
"M5231.State.Load","DB70.DBX461.5",Boolean,1,RO,100,,,,,,,,,,"M5231负载",
"M5231.State.MD_State1","DB50.DINT6920",Long,1,RO,100,,,,,,,,,,"M5231码垛状态1",
"M5231.State.MD_State2","DB50.DBB6924",Byte,1,RO,100,,,,,,,,,,"M5231码垛状态2",
"M5231.State.Need_Num","DB50.DBB6917",Byte,1,RO,100,,,,,,,,,,"M5231要取数量",
"M5231.State.PH1","I179.2",Boolean,1,RO,100,,,,,,,,,,"5231减速光电",
"M5231.State.PH2","I179.4",Boolean,1,RO,100,,,,,,,,,,"5231到位光电",
"M5231.State.PH3","I181.0",Boolean,1,RO,100,,,,,,,,,,"5231减速光电2",
"M5231.State.PH4","I181.2",Boolean,1,RO,100,,,,,,,,,,"5231到位光电2",
"M5231.State.ReversalRun","DB70.DBX461.7",Boolean,1,RO,100,,,,,,,,,,"M5231反转运行",
"M5231.State.Runing","DB70.DBX460.0",Boolean,1,RO,100,,,,,,,,,,"M5231设备运行标志",
"M5231.State.SelectPlace","DB70.DBX460.7",Boolean,1,RO,100,,,,,,,,,,"M5231选中位",
"M5231.State.YX_DX","DB50.DBB6915",Byte,1,RO,100,,,,,,,,,,"M5231码垛垛型",
"M5231.State.YX_Num","DB50.DBB6916",Byte,1,RO,100,,,,,,,,,,"M5231烟箱数量",
"M5231.State.YX_Type","DB50.DBB6914",Byte,1,RO,100,,,,,,,,,,"M5231烟箱类型",
"M5231.Task.Code","DB50.DINT6902",Long,1,RO,100,,,,,,,,,,"M5231托盘条码",
"M5231.Task.DestSta","DB50.DBW6910",Short,1,RO,100,,,,,,,,,,"M5231目标地址",
"M5231.Task.StartSta","DB50.DBW6908",Short,1,RO,100,,,,,,,,,,"M5231起始地址",
"M5231.Task.Task","DB50.DBW6900",Short,1,RO,100,,,,,,,,,,"M5231任务号",
"M5231.Task.TpType","DB50.DBW6906",Short,1,RO,100,,,,,,,,,,"M5231货物类型",
"M5232.Alarm.B_Fault","DB50.DBX6942.4",Boolean,1,RO,100,,,,,,,,,,"M5232后超长",
"M5232.Alarm.DriveFault","DB70.DBX462.2",Boolean,1,RO,100,,,,,,,,,,"M5232驱动器故障",
"M5232.Alarm.EstopFault","DB70.DBX463.3",Boolean,1,RO,100,,,,,,,,,,"M5232急停故障",
"M5232.Alarm.F_Fault","DB50.DBX6942.3",Boolean,1,RO,100,,,,,,,,,,"M5232前超长",
"M5232.Alarm.H_Fault","DB50.DBX6942.2",Boolean,1,RO,100,,,,,,,,,,"M5232超高",
"M5232.Alarm.L_Fault","DB50.DBX6942.5",Boolean,1,RO,100,,,,,,,,,,"M5232左超宽",
"M5232.Alarm.LS_Fault","DB70.DBX463.2",Boolean,1,RO,100,,,,,,,,,,"M5232限位故障",
"M5232.Alarm.NoRead","DB50.DBX6943.1",Boolean,1,RO,100,,,,,,,,,,"M5232条码未读出",
"M5232.Alarm.OutSideFault","DB70.DBX463.1",Boolean,1,RO,100,,,,,,,,,,"M5232货物超边故障",
"M5232.Alarm.PH_Fault","DB70.DBX462.6",Boolean,1,RO,100,,,,,,,,,,"M5232光电管异常",
"M5232.Alarm.QF_Fault","DB70.DBX462.4",Boolean,1,RO,100,,,,,,,,,,"M5232空开故障",
"M5232.Alarm.QS_Fault","DB70.DBX462.5",Boolean,1,RO,100,,,,,,,,,,"M5232隔离开关故障",
"M5232.Alarm.R_Fault","DB50.DBX6942.6",Boolean,1,RO,100,,,,,,,,,,"M5232右超宽",
"M5232.Alarm.RFID_ReadFault","DB50.DBX6943.3",Boolean,1,RO,100,,,,,,,,,,"M5232RFID读取错误",
"M5232.Alarm.RFID_WriteFault","DB50.DBX6943.2",Boolean,1,RO,100,,,,,,,,,,"M5232RFID写入错误",
"M5232.Alarm.TimeOutFault","DB70.DBX462.3",Boolean,1,RO,100,,,,,,,,,,"M5232超时故障",
"M5232.Alarm.TM_JY_Fault","DB50.DBX6943.0",Boolean,1,RO,100,,,,,,,,,,"M5232条码校验故障",
"M5232.Alarm.TotalFault","DB70.DBX462.1",Boolean,1,RO,100,,,,,,,,,,"M5232总故障",
"M5232.Alarm.WX_Fault","DB50.DBX6942.1",Boolean,1,RO,100,,,,,,,,,,"M5232外形故障",
"M5232.Alarm.WX_TM_Fault","DB50.DBX6942.0",Boolean,1,RO,100,,,,,,,,,,"M5232外形条码总故障",
"M5232.State.Allow","DB50.DBB6949",Byte,1,RO,100,,,,,,,,,,"M5232允许拆盘",
"M5232.State.ForwardRun","DB70.DBX463.6",Boolean,1,RO,100,,,,,,,,,,"M5232正转运行",
"M5232.State.Get_Num","DB50.DBB6948",Byte,1,RO,100,,,,,,,,,,"M5232已取数量",
"M5232.State.LastOne","DB50.DBX6943.4",Boolean,1,RO,100,,,,,,,,,,"M5232强制推盘",
"M5232.State.Load","DB70.DBX463.5",Boolean,1,RO,100,,,,,,,,,,"M5232负载",
"M5232.State.MD_State1","DB50.DINT6950",Long,1,RO,100,,,,,,,,,,"M5232码垛状态1",
"M5232.State.MD_State2","DB50.DBB6954",Byte,1,RO,100,,,,,,,,,,"M5232码垛状态2",
"M5232.State.Need_Num","DB50.DBB6947",Byte,1,RO,100,,,,,,,,,,"M5232要取数量",
"M5232.State.PH1","I179.1",Boolean,1,RO,100,,,,,,,,,,"5232到位光电",
"M5232.State.ReversalRun","DB70.DBX463.7",Boolean,1,RO,100,,,,,,,,,,"M5232反转运行",
"M5232.State.Runing","DB70.DBX462.0",Boolean,1,RO,100,,,,,,,,,,"M5232设备运行标志",
"M5232.State.SelectPlace","DB70.DBX462.7",Boolean,1,RO,100,,,,,,,,,,"M5232选中位",
"M5232.State.YX_DX","DB50.DBB6945",Byte,1,RO,100,,,,,,,,,,"M5232码垛垛型",
"M5232.State.YX_Num","DB50.DBB6946",Byte,1,RO,100,,,,,,,,,,"M5232烟箱数量",
"M5232.State.YX_Type","DB50.DBB6944",Byte,1,RO,100,,,,,,,,,,"M5232烟箱类型",
"M5232.Task.Code","DB50.DINT6932",Long,1,RO,100,,,,,,,,,,"M5232托盘条码",
"M5232.Task.DestSta","DB50.DBW6940",Short,1,RO,100,,,,,,,,,,"M5232目标地址",
"M5232.Task.StartSta","DB50.DBW6938",Short,1,RO,100,,,,,,,,,,"M5232起始地址",
"M5232.Task.Task","DB50.DBW6930",Short,1,RO,100,,,,,,,,,,"M5232任务号",
"M5232.Task.TpType","DB50.DBW6936",Short,1,RO,100,,,,,,,,,,"M5232货物类型",
"M5233.Alarm.B_Fault","DB50.DBX6972.4",Boolean,1,RO,100,,,,,,,,,,"M5233后超长",
"M5233.Alarm.DriveFault","DB70.DBX464.2",Boolean,1,RO,100,,,,,,,,,,"M5233驱动器故障",
"M5233.Alarm.EstopFault","DB70.DBX465.3",Boolean,1,RO,100,,,,,,,,,,"M5233急停故障",
"M5233.Alarm.F_Fault","DB50.DBX6972.3",Boolean,1,RO,100,,,,,,,,,,"M5233前超长",
"M5233.Alarm.H_Fault","DB50.DBX6972.2",Boolean,1,RO,100,,,,,,,,,,"M5233超高",
"M5233.Alarm.L_Fault","DB50.DBX6972.5",Boolean,1,RO,100,,,,,,,,,,"M5233左超宽",
"M5233.Alarm.LS_Fault","DB70.DBX465.2",Boolean,1,RO,100,,,,,,,,,,"M5233限位故障",
"M5233.Alarm.NoRead","DB50.DBX6973.1",Boolean,1,RO,100,,,,,,,,,,"M5233条码未读出",
"M5233.Alarm.OutSideFault","DB70.DBX465.1",Boolean,1,RO,100,,,,,,,,,,"M5233货物超边故障",
"M5233.Alarm.PH_Fault","DB70.DBX464.6",Boolean,1,RO,100,,,,,,,,,,"M5233光电管异常",
"M5233.Alarm.QF_Fault","DB70.DBX464.4",Boolean,1,RO,100,,,,,,,,,,"M5233空开故障",
"M5233.Alarm.QS_Fault","DB70.DBX464.5",Boolean,1,RO,100,,,,,,,,,,"M5233隔离开关故障",
"M5233.Alarm.R_Fault","DB50.DBX6972.6",Boolean,1,RO,100,,,,,,,,,,"M5233右超宽",
"M5233.Alarm.RFID_ReadFault","DB50.DBX6973.3",Boolean,1,RO,100,,,,,,,,,,"M5233RFID读取错误",
"M5233.Alarm.RFID_WriteFault","DB50.DBX6973.2",Boolean,1,RO,100,,,,,,,,,,"M5233RFID写入错误",
"M5233.Alarm.TimeOutFault","DB70.DBX464.3",Boolean,1,RO,100,,,,,,,,,,"M5233超时故障",
"M5233.Alarm.TM_JY_Fault","DB50.DBX6973.0",Boolean,1,RO,100,,,,,,,,,,"M5233条码校验故障",
"M5233.Alarm.TotalFault","DB70.DBX464.1",Boolean,1,RO,100,,,,,,,,,,"M5233总故障",
"M5233.Alarm.WX_Fault","DB50.DBX6972.1",Boolean,1,RO,100,,,,,,,,,,"M5233外形故障",
"M5233.Alarm.WX_TM_Fault","DB50.DBX6972.0",Boolean,1,RO,100,,,,,,,,,,"M5233外形条码总故障",
"M5233.State.Allow","DB50.DBB6979",Byte,1,RO,100,,,,,,,,,,"M5233允许拆盘",
"M5233.State.ForwardRun","DB70.DBX465.6",Boolean,1,RO,100,,,,,,,,,,"M5233正转运行",
"M5233.State.Get_Num","DB50.DBB6978",Byte,1,RO,100,,,,,,,,,,"M5233已取数量",
"M5233.State.LastOne","DB50.DBX6973.4",Boolean,1,RO,100,,,,,,,,,,"M5233强制推盘",
"M5233.State.Load","DB70.DBX465.5",Boolean,1,RO,100,,,,,,,,,,"M5233负载",
"M5233.State.MD_State1","DB50.DINT6980",Long,1,RO,100,,,,,,,,,,"M5233码垛状态1",
"M5233.State.MD_State2","DB50.DBB6984",Byte,1,RO,100,,,,,,,,,,"M5233码垛状态2",
"M5233.State.Need_Num","DB50.DBB6977",Byte,1,RO,100,,,,,,,,,,"M5233要取数量",
"M5233.State.PH1","I180.2",Boolean,1,RO,100,,,,,,,,,,"5233到位光电",
"M5233.State.ReversalRun","DB70.DBX465.7",Boolean,1,RO,100,,,,,,,,,,"M5233反转运行",
"M5233.State.Runing","DB70.DBX464.0",Boolean,1,RO,100,,,,,,,,,,"M5233设备运行标志",
"M5233.State.SelectPlace","DB70.DBX464.7",Boolean,1,RO,100,,,,,,,,,,"M5233选中位",
"M5233.State.YX_DX","DB50.DBB6975",Byte,1,RO,100,,,,,,,,,,"M5233码垛垛型",
"M5233.State.YX_Num","DB50.DBB6976",Byte,1,RO,100,,,,,,,,,,"M5233烟箱数量",
"M5233.State.YX_Type","DB50.DBB6974",Byte,1,RO,100,,,,,,,,,,"M5233烟箱类型",
"M5233.Task.Code","DB50.DINT6962",Long,1,RO,100,,,,,,,,,,"M5233托盘条码",
"M5233.Task.DestSta","DB50.DBW6970",Short,1,RO,100,,,,,,,,,,"M5233目标地址",
"M5233.Task.StartSta","DB50.DBW6968",Short,1,RO,100,,,,,,,,,,"M5233起始地址",
"M5233.Task.Task","DB50.DBW6960",Short,1,RO,100,,,,,,,,,,"M5233任务号",
"M5233.Task.TpType","DB50.DBW6966",Short,1,RO,100,,,,,,,,,,"M5233货物类型",
"M5234.Alarm.B_Fault","DB50.DBX7002.4",Boolean,1,RO,100,,,,,,,,,,"M5234后超长",
"M5234.Alarm.DriveFault","DB70.DBX466.2",Boolean,1,RO,100,,,,,,,,,,"M5234驱动器故障",
"M5234.Alarm.EstopFault","DB70.DBX467.3",Boolean,1,RO,100,,,,,,,,,,"M5234急停故障",
"M5234.Alarm.F_Fault","DB50.DBX7002.3",Boolean,1,RO,100,,,,,,,,,,"M5234前超长",
"M5234.Alarm.H_Fault","DB50.DBX7002.2",Boolean,1,RO,100,,,,,,,,,,"M5234超高",
"M5234.Alarm.L_Fault","DB50.DBX7002.5",Boolean,1,RO,100,,,,,,,,,,"M5234左超宽",
"M5234.Alarm.LS_Fault","DB70.DBX467.2",Boolean,1,RO,100,,,,,,,,,,"M5234限位故障",
"M5234.Alarm.NoRead","DB50.DBX7003.1",Boolean,1,RO,100,,,,,,,,,,"M5234条码未读出",
"M5234.Alarm.OutSideFault","DB70.DBX467.1",Boolean,1,RO,100,,,,,,,,,,"M5234货物超边故障",
"M5234.Alarm.PH_Fault","DB70.DBX466.6",Boolean,1,RO,100,,,,,,,,,,"M5234光电管异常",
"M5234.Alarm.QF_Fault","DB70.DBX466.4",Boolean,1,RO,100,,,,,,,,,,"M5234空开故障",
"M5234.Alarm.QS_Fault","DB70.DBX466.5",Boolean,1,RO,100,,,,,,,,,,"M5234隔离开关故障",
"M5234.Alarm.R_Fault","DB50.DBX7002.6",Boolean,1,RO,100,,,,,,,,,,"M5234右超宽",
"M5234.Alarm.RFID_ReadFault","DB50.DBX7003.3",Boolean,1,RO,100,,,,,,,,,,"M5234RFID读取错误",
"M5234.Alarm.RFID_WriteFault","DB50.DBX7003.2",Boolean,1,RO,100,,,,,,,,,,"M5234RFID写入错误",
"M5234.Alarm.TimeOutFault","DB70.DBX466.3",Boolean,1,RO,100,,,,,,,,,,"M5234超时故障",
"M5234.Alarm.TM_JY_Fault","DB50.DBX7003.0",Boolean,1,RO,100,,,,,,,,,,"M5234条码校验故障",
"M5234.Alarm.TotalFault","DB70.DBX466.1",Boolean,1,RO,100,,,,,,,,,,"M5234总故障",
"M5234.Alarm.WX_Fault","DB50.DBX7002.1",Boolean,1,RO,100,,,,,,,,,,"M5234外形故障",
"M5234.Alarm.WX_TM_Fault","DB50.DBX7002.0",Boolean,1,RO,100,,,,,,,,,,"M5234外形条码总故障",
"M5234.State.Allow","DB50.DBB7009",Byte,1,RO,100,,,,,,,,,,"M5234允许拆盘",
"M5234.State.ForwardRun","DB70.DBX467.6",Boolean,1,RO,100,,,,,,,,,,"M5234正转运行",
"M5234.State.Get_Num","DB50.DBB7008",Byte,1,RO,100,,,,,,,,,,"M5234已取数量",
"M5234.State.LastOne","DB50.DBX7003.4",Boolean,1,RO,100,,,,,,,,,,"M5234强制推盘",
"M5234.State.Load","DB70.DBX467.5",Boolean,1,RO,100,,,,,,,,,,"M5234负载",
"M5234.State.MD_State1","DB50.DINT7010",Long,1,RO,100,,,,,,,,,,"M5234码垛状态1",
"M5234.State.MD_State2","DB50.DBB7014",Byte,1,RO,100,,,,,,,,,,"M5234码垛状态2",
"M5234.State.Need_Num","DB50.DBB7007",Byte,1,RO,100,,,,,,,,,,"M5234要取数量",
"M5234.State.PH1","I179.5",Boolean,1,RO,100,,,,,,,,,,"5234到位光电",
"M5234.State.PH2","I179.7",Boolean,1,RO,100,,,,,,,,,,"5234对射保护光电",
"M5234.State.ReversalRun","DB70.DBX467.7",Boolean,1,RO,100,,,,,,,,,,"M5234反转运行",
"M5234.State.Runing","DB70.DBX466.0",Boolean,1,RO,100,,,,,,,,,,"M5234设备运行标志",
"M5234.State.SelectPlace","DB70.DBX466.7",Boolean,1,RO,100,,,,,,,,,,"M5234选中位",
"M5234.State.YX_DX","DB50.DBB7005",Byte,1,RO,100,,,,,,,,,,"M5234码垛垛型",
"M5234.State.YX_Num","DB50.DBB7006",Byte,1,RO,100,,,,,,,,,,"M5234烟箱数量",
"M5234.State.YX_Type","DB50.DBB7004",Byte,1,RO,100,,,,,,,,,,"M5234烟箱类型",
"M5234.Task.Code","DB50.DINT6992",Long,1,RO,100,,,,,,,,,,"M5234托盘条码",
"M5234.Task.DestSta","DB50.DBW7000",Short,1,RO,100,,,,,,,,,,"M5234目标地址",
"M5234.Task.StartSta","DB50.DBW6998",Short,1,RO,100,,,,,,,,,,"M5234起始地址",
"M5234.Task.Task","DB50.DBW6990",Short,1,RO,100,,,,,,,,,,"M5234任务号",
"M5234.Task.TpType","DB50.DBW6996",Short,1,RO,100,,,,,,,,,,"M5234货物类型",
"M5235.Alarm.B_Fault","DB50.DBX7032.4",Boolean,1,RO,100,,,,,,,,,,"M5235后超长",
"M5235.Alarm.DriveFault","DB70.DBX468.2",Boolean,1,RO,100,,,,,,,,,,"M5235驱动器故障",
"M5235.Alarm.EstopFault","DB70.DBX469.3",Boolean,1,RO,100,,,,,,,,,,"M5235急停故障",
"M5235.Alarm.F_Fault","DB50.DBX7032.3",Boolean,1,RO,100,,,,,,,,,,"M5235前超长",
"M5235.Alarm.H_Fault","DB50.DBX7032.2",Boolean,1,RO,100,,,,,,,,,,"M5235超高",
"M5235.Alarm.L_Fault","DB50.DBX7032.5",Boolean,1,RO,100,,,,,,,,,,"M5235左超宽",
"M5235.Alarm.LS_Fault","DB70.DBX469.2",Boolean,1,RO,100,,,,,,,,,,"M5235限位故障",
"M5235.Alarm.NoRead","DB50.DBX7033.1",Boolean,1,RO,100,,,,,,,,,,"M5235条码未读出",
"M5235.Alarm.OutSideFault","DB70.DBX469.1",Boolean,1,RO,100,,,,,,,,,,"M5235货物超边故障",
"M5235.Alarm.PH_Fault","DB70.DBX468.6",Boolean,1,RO,100,,,,,,,,,,"M5235光电管异常",
"M5235.Alarm.QF_Fault","DB70.DBX468.4",Boolean,1,RO,100,,,,,,,,,,"M5235空开故障",
"M5235.Alarm.QS_Fault","DB70.DBX468.5",Boolean,1,RO,100,,,,,,,,,,"M5235隔离开关故障",
"M5235.Alarm.R_Fault","DB50.DBX7032.6",Boolean,1,RO,100,,,,,,,,,,"M5235右超宽",
"M5235.Alarm.RFID_ReadFault","DB50.DBX7033.3",Boolean,1,RO,100,,,,,,,,,,"M5235RFID读取错误",
"M5235.Alarm.RFID_WriteFault","DB50.DBX7033.2",Boolean,1,RO,100,,,,,,,,,,"M5235RFID写入错误",
"M5235.Alarm.TimeOutFault","DB70.DBX468.3",Boolean,1,RO,100,,,,,,,,,,"M5235超时故障",
"M5235.Alarm.TM_JY_Fault","DB50.DBX7033.0",Boolean,1,RO,100,,,,,,,,,,"M5235条码校验故障",
"M5235.Alarm.TotalFault","DB70.DBX468.1",Boolean,1,RO,100,,,,,,,,,,"M5235总故障",
"M5235.Alarm.WX_Fault","DB50.DBX7032.1",Boolean,1,RO,100,,,,,,,,,,"M5235外形故障",
"M5235.Alarm.WX_TM_Fault","DB50.DBX7032.0",Boolean,1,RO,100,,,,,,,,,,"M5235外形条码总故障",
"M5235.State.Allow","DB50.DBB7039",Byte,1,RO,100,,,,,,,,,,"M5235允许拆盘",
"M5235.State.ForwardRun","DB70.DBX469.6",Boolean,1,RO,100,,,,,,,,,,"M5235正转运行",
"M5235.State.Get_Num","DB50.DBB7038",Byte,1,RO,100,,,,,,,,,,"M5235已取数量",
"M5235.State.LastOne","DB50.DBX7033.4",Boolean,1,RO,100,,,,,,,,,,"M5235强制推盘",
"M5235.State.Load","DB70.DBX469.5",Boolean,1,RO,100,,,,,,,,,,"M5235负载",
"M5235.State.MD_State1","DB50.DINT7040",Long,1,RO,100,,,,,,,,,,"M5235码垛状态1",
"M5235.State.MD_State2","DB50.DBB7044",Byte,1,RO,100,,,,,,,,,,"M5235码垛状态2",
"M5235.State.Need_Num","DB50.DBB7037",Byte,1,RO,100,,,,,,,,,,"M5235要取数量",
"M5235.State.PH1","I4.2",Boolean,1,RO,100,,,,,,,,,,"5235漫反光电",
"M5235.State.PH2","I4.4",Boolean,1,RO,100,,,,,,,,,,"5235对射保护光电",
"M5235.State.PH3","I4.6",Boolean,1,RO,100,,,,,,,,,,"5235对射保护光电",
"M5235.State.ReversalRun","DB70.DBX469.7",Boolean,1,RO,100,,,,,,,,,,"M5235反转运行",
"M5235.State.Runing","DB70.DBX468.0",Boolean,1,RO,100,,,,,,,,,,"M5235设备运行标志",
"M5235.State.SelectPlace","DB70.DBX468.7",Boolean,1,RO,100,,,,,,,,,,"M5235选中位",
"M5235.State.YX_DX","DB50.DBB7035",Byte,1,RO,100,,,,,,,,,,"M5235码垛垛型",
"M5235.State.YX_Num","DB50.DBB7036",Byte,1,RO,100,,,,,,,,,,"M5235烟箱数量",
"M5235.State.YX_Type","DB50.DBB7034",Byte,1,RO,100,,,,,,,,,,"M5235烟箱类型",
"M5235.Task.Code","DB50.DINT7022",Long,1,RO,100,,,,,,,,,,"M5235托盘条码",
"M5235.Task.DestSta","DB50.DBW7030",Short,1,RO,100,,,,,,,,,,"M5235目标地址",
"M5235.Task.StartSta","DB50.DBW7028",Short,1,RO,100,,,,,,,,,,"M5235起始地址",
"M5235.Task.Task","DB50.DBW7020",Short,1,RO,100,,,,,,,,,,"M5235任务号",
"M5235.Task.TpType","DB50.DBW7026",Short,1,RO,100,,,,,,,,,,"M5235货物类型",
"M5236.Alarm.B_Fault","DB50.DBX7062.4",Boolean,1,RO,100,,,,,,,,,,"M5236后超长",
"M5236.Alarm.DriveFault","DB70.DBX470.2",Boolean,1,RO,100,,,,,,,,,,"M5236驱动器故障",
"M5236.Alarm.EstopFault","DB70.DBX471.3",Boolean,1,RO,100,,,,,,,,,,"M5236急停故障",
"M5236.Alarm.F_Fault","DB50.DBX7062.3",Boolean,1,RO,100,,,,,,,,,,"M5236前超长",
"M5236.Alarm.H_Fault","DB50.DBX7062.2",Boolean,1,RO,100,,,,,,,,,,"M5236超高",
"M5236.Alarm.L_Fault","DB50.DBX7062.5",Boolean,1,RO,100,,,,,,,,,,"M5236左超宽",
"M5236.Alarm.LS_Fault","DB70.DBX471.2",Boolean,1,RO,100,,,,,,,,,,"M5236限位故障",
"M5236.Alarm.NoRead","DB50.DBX7063.1",Boolean,1,RO,100,,,,,,,,,,"M5236条码未读出",
"M5236.Alarm.OutSideFault","DB70.DBX471.1",Boolean,1,RO,100,,,,,,,,,,"M5236货物超边故障",
"M5236.Alarm.PH_Fault","DB70.DBX470.6",Boolean,1,RO,100,,,,,,,,,,"M5236光电管异常",
"M5236.Alarm.QF_Fault","DB70.DBX470.4",Boolean,1,RO,100,,,,,,,,,,"M5236空开故障",
"M5236.Alarm.QS_Fault","DB70.DBX470.5",Boolean,1,RO,100,,,,,,,,,,"M5236隔离开关故障",
"M5236.Alarm.R_Fault","DB50.DBX7062.6",Boolean,1,RO,100,,,,,,,,,,"M5236右超宽",
"M5236.Alarm.RFID_ReadFault","DB50.DBX7063.3",Boolean,1,RO,100,,,,,,,,,,"M5236RFID读取错误",
"M5236.Alarm.RFID_WriteFault","DB50.DBX7063.2",Boolean,1,RO,100,,,,,,,,,,"M5236RFID写入错误",
"M5236.Alarm.TimeOutFault","DB70.DBX470.3",Boolean,1,RO,100,,,,,,,,,,"M5236超时故障",
"M5236.Alarm.TM_JY_Fault","DB50.DBX7063.0",Boolean,1,RO,100,,,,,,,,,,"M5236条码校验故障",
"M5236.Alarm.TotalFault","DB70.DBX470.1",Boolean,1,RO,100,,,,,,,,,,"M5236总故障",
"M5236.Alarm.WX_Fault","DB50.DBX7062.1",Boolean,1,RO,100,,,,,,,,,,"M5236外形故障",
"M5236.Alarm.WX_TM_Fault","DB50.DBX7062.0",Boolean,1,RO,100,,,,,,,,,,"M5236外形条码总故障",
"M5236.State.Allow","DB50.DBB7069",Byte,1,RO,100,,,,,,,,,,"M5236允许拆盘",
"M5236.State.ForwardRun","DB70.DBX471.6",Boolean,1,RO,100,,,,,,,,,,"M5236正转运行",
"M5236.State.Get_Num","DB50.DBB7068",Byte,1,RO,100,,,,,,,,,,"M5236已取数量",
"M5236.State.LastOne","DB50.DBX7063.4",Boolean,1,RO,100,,,,,,,,,,"M5236强制推盘",
"M5236.State.Load","DB70.DBX471.5",Boolean,1,RO,100,,,,,,,,,,"M5236负载",
"M5236.State.MD_State1","DB50.DINT7070",Long,1,RO,100,,,,,,,,,,"M5236码垛状态1",
"M5236.State.MD_State2","DB50.DBB7074",Byte,1,RO,100,,,,,,,,,,"M5236码垛状态2",
"M5236.State.Need_Num","DB50.DBB7067",Byte,1,RO,100,,,,,,,,,,"M5236要取数量",
"M5236.State.PH1","I4.3",Boolean,1,RO,100,,,,,,,,,,"5236漫反光电",
"M5236.State.PH2","I4.5",Boolean,1,RO,100,,,,,,,,,,"5236对射保护光电",
"M5236.State.PH3","I4.7",Boolean,1,RO,100,,,,,,,,,,"5236对射保护光电",
"M5236.State.ReversalRun","DB70.DBX471.7",Boolean,1,RO,100,,,,,,,,,,"M5236反转运行",
"M5236.State.Runing","DB70.DBX470.0",Boolean,1,RO,100,,,,,,,,,,"M5236设备运行标志",
"M5236.State.SelectPlace","DB70.DBX470.7",Boolean,1,RO,100,,,,,,,,,,"M5236选中位",
"M5236.State.YX_DX","DB50.DBB7065",Byte,1,RO,100,,,,,,,,,,"M5236码垛垛型",
"M5236.State.YX_Num","DB50.DBB7066",Byte,1,RO,100,,,,,,,,,,"M5236烟箱数量",
"M5236.State.YX_Type","DB50.DBB7064",Byte,1,RO,100,,,,,,,,,,"M5236烟箱类型",
"M5236.Task.Code","DB50.DINT7052",Long,1,RO,100,,,,,,,,,,"M5236托盘条码",
"M5236.Task.DestSta","DB50.DBW7060",Short,1,RO,100,,,,,,,,,,"M5236目标地址",
"M5236.Task.StartSta","DB50.DBW7058",Short,1,RO,100,,,,,,,,,,"M5236起始地址",
"M5236.Task.Task","DB50.DBW7050",Short,1,RO,100,,,,,,,,,,"M5236任务号",
"M5236.Task.TpType","DB50.DBW7056",Short,1,RO,100,,,,,,,,,,"M5236货物类型",
"M5237.Alarm.B_Fault","DB50.DBX7092.4",Boolean,1,RO,100,,,,,,,,,,"M5237后超长",
"M5237.Alarm.DriveFault","DB70.DBX472.2",Boolean,1,RO,100,,,,,,,,,,"M5237驱动器故障",
"M5237.Alarm.EstopFault","DB70.DBX473.3",Boolean,1,RO,100,,,,,,,,,,"M5237急停故障",
"M5237.Alarm.F_Fault","DB50.DBX7092.3",Boolean,1,RO,100,,,,,,,,,,"M5237前超长",
"M5237.Alarm.H_Fault","DB50.DBX7092.2",Boolean,1,RO,100,,,,,,,,,,"M5237超高",
"M5237.Alarm.L_Fault","DB50.DBX7092.5",Boolean,1,RO,100,,,,,,,,,,"M5237左超宽",
"M5237.Alarm.LS_Fault","DB70.DBX473.2",Boolean,1,RO,100,,,,,,,,,,"M5237限位故障",
"M5237.Alarm.NoRead","DB50.DBX7093.1",Boolean,1,RO,100,,,,,,,,,,"M5237条码未读出",
"M5237.Alarm.OutSideFault","DB70.DBX473.1",Boolean,1,RO,100,,,,,,,,,,"M5237货物超边故障",
"M5237.Alarm.PH_Fault","DB70.DBX472.6",Boolean,1,RO,100,,,,,,,,,,"M5237光电管异常",
"M5237.Alarm.QF_Fault","DB70.DBX472.4",Boolean,1,RO,100,,,,,,,,,,"M5237空开故障",
"M5237.Alarm.QS_Fault","DB70.DBX472.5",Boolean,1,RO,100,,,,,,,,,,"M5237隔离开关故障",
"M5237.Alarm.R_Fault","DB50.DBX7092.6",Boolean,1,RO,100,,,,,,,,,,"M5237右超宽",
"M5237.Alarm.RFID_ReadFault","DB50.DBX7093.3",Boolean,1,RO,100,,,,,,,,,,"M5237RFID读取错误",
"M5237.Alarm.RFID_WriteFault","DB50.DBX7093.2",Boolean,1,RO,100,,,,,,,,,,"M5237RFID写入错误",
"M5237.Alarm.TimeOutFault","DB70.DBX472.3",Boolean,1,RO,100,,,,,,,,,,"M5237超时故障",
"M5237.Alarm.TM_JY_Fault","DB50.DBX7093.0",Boolean,1,RO,100,,,,,,,,,,"M5237条码校验故障",
"M5237.Alarm.TotalFault","DB70.DBX472.1",Boolean,1,RO,100,,,,,,,,,,"M5237总故障",
"M5237.Alarm.WX_Fault","DB50.DBX7092.1",Boolean,1,RO,100,,,,,,,,,,"M5237外形故障",
"M5237.Alarm.WX_TM_Fault","DB50.DBX7092.0",Boolean,1,RO,100,,,,,,,,,,"M5237外形条码总故障",
"M5237.State.Allow","DB50.DBB7099",Byte,1,RO,100,,,,,,,,,,"M5237允许拆盘",
"M5237.State.ForwardRun","DB70.DBX473.6",Boolean,1,RO,100,,,,,,,,,,"M5237正转运行",
"M5237.State.Get_Num","DB50.DBB7098",Byte,1,RO,100,,,,,,,,,,"M5237已取数量",
"M5237.State.LastOne","DB50.DBX7093.4",Boolean,1,RO,100,,,,,,,,,,"M5237强制推盘",
"M5237.State.Load","DB70.DBX473.5",Boolean,1,RO,100,,,,,,,,,,"M5237负载",
"M5237.State.LS5237_1","I144.3",Boolean,1,RO,100,,,,,,,,,,"5237高限位",
"M5237.State.LS5237_2","I144.5",Boolean,1,RO,100,,,,,,,,,,"5237低限位",
"M5237.State.MD_State1","DB50.DINT7100",Long,1,RO,100,,,,,,,,,,"M5237码垛状态1",
"M5237.State.MD_State2","DB50.DBB7104",Byte,1,RO,100,,,,,,,,,,"M5237码垛状态2",
"M5237.State.Need_Num","DB50.DBB7097",Byte,1,RO,100,,,,,,,,,,"M5237要取数量",
"M5237.State.Num_5237","MW10",Short,1,RO,100,,,,,,,,,,"码盘机5237托盘计数",
"M5237.State.PH1","I144.2",Boolean,1,RO,100,,,,,,,,,,"5237对射单托盘检测光电",
"M5237.State.PH2","I144.4",Boolean,1,RO,100,,,,,,,,,,"5237对射满组托盘检测光电",
"M5237.State.PR5237_1","I144.6",Boolean,1,RO,100,,,,,,,,,,"5237高位",
"M5237.State.PR5237_2","I144.1",Boolean,1,RO,100,,,,,,,,,,"5237低位",
"M5237.State.ReversalRun","DB70.DBX473.7",Boolean,1,RO,100,,,,,,,,,,"M5237反转运行",
"M5237.State.Runing","DB70.DBX472.0",Boolean,1,RO,100,,,,,,,,,,"M5237设备运行标志",
"M5237.State.SelectPlace","DB70.DBX472.7",Boolean,1,RO,100,,,,,,,,,,"M5237选中位",
"M5237.State.YX_DX","DB50.DBB7095",Byte,1,RO,100,,,,,,,,,,"M5237码垛垛型",
"M5237.State.YX_Num","DB50.DBB7096",Byte,1,RO,100,,,,,,,,,,"M5237烟箱数量",
"M5237.State.YX_Type","DB50.DBB7094",Byte,1,RO,100,,,,,,,,,,"M5237烟箱类型",
"M5237.Task.Code","DB50.DINT7082",Long,1,RO,100,,,,,,,,,,"M5237托盘条码",
"M5237.Task.DestSta","DB50.DBW7090",Short,1,RO,100,,,,,,,,,,"M5237目标地址",
"M5237.Task.StartSta","DB50.DBW7088",Short,1,RO,100,,,,,,,,,,"M5237起始地址",
"M5237.Task.Task","DB50.DBW7080",Short,1,RO,100,,,,,,,,,,"M5237任务号",
"M5237.Task.TpType","DB50.DBW7086",Short,1,RO,100,,,,,,,,,,"M5237货物类型",
"M5238.Alarm.B_Fault","DB50.DBX7122.4",Boolean,1,RO,100,,,,,,,,,,"M5238后超长",
"M5238.Alarm.DriveFault","DB70.DBX474.2",Boolean,1,RO,100,,,,,,,,,,"M5238驱动器故障",
"M5238.Alarm.EstopFault","DB70.DBX475.3",Boolean,1,RO,100,,,,,,,,,,"M5238急停故障",
"M5238.Alarm.F_Fault","DB50.DBX7122.3",Boolean,1,RO,100,,,,,,,,,,"M5238前超长",
"M5238.Alarm.H_Fault","DB50.DBX7122.2",Boolean,1,RO,100,,,,,,,,,,"M5238超高",
"M5238.Alarm.L_Fault","DB50.DBX7122.5",Boolean,1,RO,100,,,,,,,,,,"M5238左超宽",
"M5238.Alarm.LS_Fault","DB70.DBX475.2",Boolean,1,RO,100,,,,,,,,,,"M5238限位故障",
"M5238.Alarm.NoRead","DB50.DBX7123.1",Boolean,1,RO,100,,,,,,,,,,"M5238条码未读出",
"M5238.Alarm.OutSideFault","DB70.DBX475.1",Boolean,1,RO,100,,,,,,,,,,"M5238货物超边故障",
"M5238.Alarm.PH_Fault","DB70.DBX474.6",Boolean,1,RO,100,,,,,,,,,,"M5238光电管异常",
"M5238.Alarm.QF_Fault","DB70.DBX474.4",Boolean,1,RO,100,,,,,,,,,,"M5238空开故障",
"M5238.Alarm.QS_Fault","DB70.DBX474.5",Boolean,1,RO,100,,,,,,,,,,"M5238隔离开关故障",
"M5238.Alarm.R_Fault","DB50.DBX7122.6",Boolean,1,RO,100,,,,,,,,,,"M5238右超宽",
"M5238.Alarm.RFID_ReadFault","DB50.DBX7123.3",Boolean,1,RO,100,,,,,,,,,,"M5238RFID读取错误",
"M5238.Alarm.RFID_WriteFault","DB50.DBX7123.2",Boolean,1,RO,100,,,,,,,,,,"M5238RFID写入错误",
"M5238.Alarm.TimeOutFault","DB70.DBX474.3",Boolean,1,RO,100,,,,,,,,,,"M5238超时故障",
"M5238.Alarm.TM_JY_Fault","DB50.DBX7123.0",Boolean,1,RO,100,,,,,,,,,,"M5238条码校验故障",
"M5238.Alarm.TotalFault","DB70.DBX474.1",Boolean,1,RO,100,,,,,,,,,,"M5238总故障",
"M5238.Alarm.WX_Fault","DB50.DBX7122.1",Boolean,1,RO,100,,,,,,,,,,"M5238外形故障",
"M5238.Alarm.WX_TM_Fault","DB50.DBX7122.0",Boolean,1,RO,100,,,,,,,,,,"M5238外形条码总故障",
"M5238.State.Allow","DB50.DBB7129",Byte,1,RO,100,,,,,,,,,,"M5238允许拆盘",
"M5238.State.ES5238","I106.2",Boolean,1,RO,100,,,,,,,,,,"5238急停",
"M5238.State.ForwardRun","DB70.DBX475.6",Boolean,1,RO,100,,,,,,,,,,"M5238正转运行",
"M5238.State.Get_Num","DB50.DBB7128",Byte,1,RO,100,,,,,,,,,,"M5238已取数量",
"M5238.State.LastOne","DB50.DBX7123.4",Boolean,1,RO,100,,,,,,,,,,"M5238强制推盘",
"M5238.State.Load","DB70.DBX475.5",Boolean,1,RO,100,,,,,,,,,,"M5238负载",
"M5238.State.LS5238_1","I105.6",Boolean,1,RO,100,,,,,,,,,,"5238提升高限位",
"M5238.State.LS5238_2","I105.1",Boolean,1,RO,100,,,,,,,,,,"5238提升低限位",
"M5238.State.LS5238_3","I105.3",Boolean,1,RO,100,,,,,,,,,,"5238拨叉高限位",
"M5238.State.LS5238_4","I105.5",Boolean,1,RO,100,,,,,,,,,,"5238拨叉低限位",
"M5238.State.LS5238_5","I105.7",Boolean,1,RO,100,,,,,,,,,,"5238限位备用1",
"M5238.State.LS5238_6","I106.0",Boolean,1,RO,100,,,,,,,,,,"5238限位备用2",
"M5238.State.M5238_1_FZ","Q363.1",Boolean,1,RO,100,,,,,,,,,,"5238.1反转",
"M5238.State.M5238_1_ZZ","Q363.0",Boolean,1,RO,100,,,,,,,,,,"5238.1正转",
"M5238.State.M5238_HA","Q33.2",Boolean,1,RO,100,,,,,,,,,,"5238蜂鸣器",
"M5238.State.M5238_R","Q33.0",Boolean,1,RO,100,,,,,,,,,,"5238红灯",
"M5238.State.MD_State1","DB50.DINT7130",Long,1,RO,100,,,,,,,,,,"M5238码垛状态1",
"M5238.State.MD_State2","DB50.DBB7134",Byte,1,RO,100,,,,,,,,,,"M5238码垛状态2",
"M5238.State.Need_Num","DB50.DBB7127",Byte,1,RO,100,,,,,,,,,,"M5238要取数量",
"M5238.State.Num_5238","MW12",Short,1,RO,100,,,,,,,,,,"拆盘机5238托盘计数",
"M5238.State.PH5238_1","I104.4",Boolean,1,RO,100,,,,,,,,,,"5238单托盘检测",
"M5238.State.PH5238_2","I104.6",Boolean,1,RO,100,,,,,,,,,,"5238超高检测",
"M5238.State.PR5238_1","I104.1",Boolean,1,RO,100,,,,,,,,,,"5238提升高位",
"M5238.State.PR5238_2","I104.3",Boolean,1,RO,100,,,,,,,,,,"5238拨叉低位1",
"M5238.State.PR5238_3","I104.5",Boolean,1,RO,100,,,,,,,,,,"5238提升低位",
"M5238.State.PR5238_4","I104.7",Boolean,1,RO,100,,,,,,,,,,"5238拨叉高位1",
"M5238.State.PR5238_5","I105.0",Boolean,1,RO,100,,,,,,,,,,"5238拨叉高位",
"M5238.State.PR5238_6","I105.2",Boolean,1,RO,100,,,,,,,,,,"5238拨叉低位",
"M5238.State.PR5238_7","I105.4",Boolean,1,RO,100,,,,,,,,,,"5238备用",
"M5238.State.QF5238_1","I108.5",Boolean,1,RO,100,,,,,,,,,,"5238.1空开信号",
"M5238.State.QS5238_1","I104.0",Boolean,1,RO,100,,,,,,,,,,"5238.1隔离开关",
"M5238.State.QS5238_2","I104.2",Boolean,1,RO,100,,,,,,,,,,"5238.2隔离开关",
"M5238.State.ReversalRun","DB70.DBX475.7",Boolean,1,RO,100,,,,,,,,,,"M5238反转运行",
"M5238.State.Runing","DB70.DBX474.0",Boolean,1,RO,100,,,,,,,,,,"M5238设备运行标志",
"M5238.State.SB5238_1","I106.4",Boolean,1,RO,100,,,,,,,,,,"5238提升上升",
"M5238.State.SB5238_2","I106.6",Boolean,1,RO,100,,,,,,,,,,"5238提升下降",
"M5238.State.SB5238_3","I106.1",Boolean,1,RO,100,,,,,,,,,,"5238拨叉上升",
"M5238.State.SB5238_4","I106.3",Boolean,1,RO,100,,,,,,,,,,"5238拨叉下降",
"M5238.State.SB5238_5","I106.5",Boolean,1,RO,100,,,,,,,,,,"5238备用1",
"M5238.State.SB5238_6","I106.7",Boolean,1,RO,100,,,,,,,,,,"5238备用2",
"M5238.State.SelectPlace","DB70.DBX474.7",Boolean,1,RO,100,,,,,,,,,,"M5238选中位",
"M5238.State.YX_DX","DB50.DBB7125",Byte,1,RO,100,,,,,,,,,,"M5238码垛垛型",
"M5238.State.YX_Num","DB50.DBB7126",Byte,1,RO,100,,,,,,,,,,"M5238烟箱数量",
"M5238.State.YX_Type","DB50.DBB7124",Byte,1,RO,100,,,,,,,,,,"M5238烟箱类型",
"M5238.Task.Code","DB50.DINT7112",Long,1,RO,100,,,,,,,,,,"M5238托盘条码",
"M5238.Task.DestSta","DB50.DBW7120",Short,1,RO,100,,,,,,,,,,"M5238目标地址",
"M5238.Task.StartSta","DB50.DBW7118",Short,1,RO,100,,,,,,,,,,"M5238起始地址",
"M5238.Task.Task","DB50.DBW7110",Short,1,RO,100,,,,,,,,,,"M5238任务号",
"M5238.Task.TpType","DB50.DBW7116",Short,1,RO,100,,,,,,,,,,"M5238货物类型",
"M5239.Alarm.B_Fault","DB50.DBX7152.4",Boolean,1,RO,100,,,,,,,,,,"M5239后超长",
"M5239.Alarm.DriveFault","DB70.DBX476.2",Boolean,1,RO,100,,,,,,,,,,"M5239驱动器故障",
"M5239.Alarm.EstopFault","DB70.DBX477.3",Boolean,1,RO,100,,,,,,,,,,"M5239急停故障",
"M5239.Alarm.F_Fault","DB50.DBX7152.3",Boolean,1,RO,100,,,,,,,,,,"M5239前超长",
"M5239.Alarm.H_Fault","DB50.DBX7152.2",Boolean,1,RO,100,,,,,,,,,,"M5239超高",
"M5239.Alarm.L_Fault","DB50.DBX7152.5",Boolean,1,RO,100,,,,,,,,,,"M5239左超宽",
"M5239.Alarm.LS_Fault","DB70.DBX477.2",Boolean,1,RO,100,,,,,,,,,,"M5239限位故障",
"M5239.Alarm.NoRead","DB50.DBX7153.1",Boolean,1,RO,100,,,,,,,,,,"M5239条码未读出",
"M5239.Alarm.OutSideFault","DB70.DBX477.1",Boolean,1,RO,100,,,,,,,,,,"M5239货物超边故障",
"M5239.Alarm.PH_Fault","DB70.DBX476.6",Boolean,1,RO,100,,,,,,,,,,"M5239光电管异常",
"M5239.Alarm.QF_Fault","DB70.DBX476.4",Boolean,1,RO,100,,,,,,,,,,"M5239空开故障",
"M5239.Alarm.QS_Fault","DB70.DBX476.5",Boolean,1,RO,100,,,,,,,,,,"M5239隔离开关故障",
"M5239.Alarm.R_Fault","DB50.DBX7152.6",Boolean,1,RO,100,,,,,,,,,,"M5239右超宽",
"M5239.Alarm.RFID_ReadFault","DB50.DBX7153.3",Boolean,1,RO,100,,,,,,,,,,"M5239RFID读取错误",
"M5239.Alarm.RFID_WriteFault","DB50.DBX7153.2",Boolean,1,RO,100,,,,,,,,,,"M5239RFID写入错误",
"M5239.Alarm.TimeOutFault","DB70.DBX476.3",Boolean,1,RO,100,,,,,,,,,,"M5239超时故障",
"M5239.Alarm.TM_JY_Fault","DB50.DBX7153.0",Boolean,1,RO,100,,,,,,,,,,"M5239条码校验故障",
"M5239.Alarm.TotalFault","DB70.DBX476.1",Boolean,1,RO,100,,,,,,,,,,"M5239总故障",
"M5239.Alarm.WX_Fault","DB50.DBX7152.1",Boolean,1,RO,100,,,,,,,,,,"M5239外形故障",
"M5239.Alarm.WX_TM_Fault","DB50.DBX7152.0",Boolean,1,RO,100,,,,,,,,,,"M5239外形条码总故障",
"M5239.State.Allow","DB50.DBB7159",Byte,1,RO,100,,,,,,,,,,"M5239允许拆盘",
"M5239.State.ForwardRun","DB70.DBX477.6",Boolean,1,RO,100,,,,,,,,,,"M5239正转运行",
"M5239.State.Get_Num","DB50.DBB7158",Byte,1,RO,100,,,,,,,,,,"M5239已取数量",
"M5239.State.LastOne","DB50.DBX7153.4",Boolean,1,RO,100,,,,,,,,,,"M5239强制推盘",
"M5239.State.Load","DB70.DBX477.5",Boolean,1,RO,100,,,,,,,,,,"M5239负载",
"M5239.State.MD_State1","DB50.DINT7160",Long,1,RO,100,,,,,,,,,,"M5239码垛状态1",
"M5239.State.MD_State2","DB50.DBB7164",Byte,1,RO,100,,,,,,,,,,"M5239码垛状态2",
"M5239.State.Need_Num","DB50.DBB7157",Byte,1,RO,100,,,,,,,,,,"M5239要取数量",
"M5239.State.PH1","I12.2",Boolean,1,RO,100,,,,,,,,,,"5239对射超边光电1",
"M5239.State.PH2","I12.4",Boolean,1,RO,100,,,,,,,,,,"5239到位光电",
"M5239.State.PH3","I12.6",Boolean,1,RO,100,,,,,,,,,,"5239对射超边光电2",
"M5239.State.ReversalRun","DB70.DBX477.7",Boolean,1,RO,100,,,,,,,,,,"M5239反转运行",
"M5239.State.Runing","DB70.DBX476.0",Boolean,1,RO,100,,,,,,,,,,"M5239设备运行标志",
"M5239.State.SelectPlace","DB70.DBX476.7",Boolean,1,RO,100,,,,,,,,,,"M5239选中位",
"M5239.State.YX_DX","DB50.DBB7155",Byte,1,RO,100,,,,,,,,,,"M5239码垛垛型",
"M5239.State.YX_Num","DB50.DBB7156",Byte,1,RO,100,,,,,,,,,,"M5239烟箱数量",
"M5239.State.YX_Type","DB50.DBB7154",Byte,1,RO,100,,,,,,,,,,"M5239烟箱类型",
"M5239.Task.Code","DB50.DINT7142",Long,1,RO,100,,,,,,,,,,"M5239托盘条码",
"M5239.Task.DestSta","DB50.DBW7150",Short,1,RO,100,,,,,,,,,,"M5239目标地址",
"M5239.Task.StartSta","DB50.DBW7148",Short,1,RO,100,,,,,,,,,,"M5239起始地址",
"M5239.Task.Task","DB50.DBW7140",Short,1,RO,100,,,,,,,,,,"M5239任务号",
"M5239.Task.TpType","DB50.DBW7146",Short,1,RO,100,,,,,,,,,,"M5239货物类型",
"M5240.Alarm.B_Fault","DB50.DBX7182.4",Boolean,1,RO,100,,,,,,,,,,"M5240后超长",
"M5240.Alarm.DriveFault","DB70.DBX478.2",Boolean,1,RO,100,,,,,,,,,,"M5240驱动器故障",
"M5240.Alarm.EstopFault","DB70.DBX479.3",Boolean,1,RO,100,,,,,,,,,,"M5240急停故障",
"M5240.Alarm.F_Fault","DB50.DBX7182.3",Boolean,1,RO,100,,,,,,,,,,"M5240前超长",
"M5240.Alarm.H_Fault","DB50.DBX7182.2",Boolean,1,RO,100,,,,,,,,,,"M5240超高",
"M5240.Alarm.L_Fault","DB50.DBX7182.5",Boolean,1,RO,100,,,,,,,,,,"M5240左超宽",
"M5240.Alarm.LS_Fault","DB70.DBX479.2",Boolean,1,RO,100,,,,,,,,,,"M5240限位故障",
"M5240.Alarm.NoRead","DB50.DBX7183.1",Boolean,1,RO,100,,,,,,,,,,"M5240条码未读出",
"M5240.Alarm.OutSideFault","DB70.DBX479.1",Boolean,1,RO,100,,,,,,,,,,"M5240货物超边故障",
"M5240.Alarm.PH_Fault","DB70.DBX478.6",Boolean,1,RO,100,,,,,,,,,,"M5240光电管异常",
"M5240.Alarm.QF_Fault","DB70.DBX478.4",Boolean,1,RO,100,,,,,,,,,,"M5240空开故障",
"M5240.Alarm.QS_Fault","DB70.DBX478.5",Boolean,1,RO,100,,,,,,,,,,"M5240隔离开关故障",
"M5240.Alarm.R_Fault","DB50.DBX7182.6",Boolean,1,RO,100,,,,,,,,,,"M5240右超宽",
"M5240.Alarm.RFID_ReadFault","DB50.DBX7183.3",Boolean,1,RO,100,,,,,,,,,,"M5240RFID读取错误",
"M5240.Alarm.RFID_WriteFault","DB50.DBX7183.2",Boolean,1,RO,100,,,,,,,,,,"M5240RFID写入错误",
"M5240.Alarm.TimeOutFault","DB70.DBX478.3",Boolean,1,RO,100,,,,,,,,,,"M5240超时故障",
"M5240.Alarm.TM_JY_Fault","DB50.DBX7183.0",Boolean,1,RO,100,,,,,,,,,,"M5240条码校验故障",
"M5240.Alarm.TotalFault","DB70.DBX478.1",Boolean,1,RO,100,,,,,,,,,,"M5240总故障",
"M5240.Alarm.WX_Fault","DB50.DBX7182.1",Boolean,1,RO,100,,,,,,,,,,"M5240外形故障",
"M5240.Alarm.WX_TM_Fault","DB50.DBX7182.0",Boolean,1,RO,100,,,,,,,,,,"M5240外形条码总故障",
"M5240.State.Allow","DB50.DBB7189",Byte,1,RO,100,,,,,,,,,,"M5240允许拆盘",
"M5240.State.ForwardRun","DB70.DBX479.6",Boolean,1,RO,100,,,,,,,,,,"M5240正转运行",
"M5240.State.Get_Num","DB50.DBB7188",Byte,1,RO,100,,,,,,,,,,"M5240已取数量",
"M5240.State.LastOne","DB50.DBX7183.4",Boolean,1,RO,100,,,,,,,,,,"M5240强制推盘",
"M5240.State.Load","DB70.DBX479.5",Boolean,1,RO,100,,,,,,,,,,"M5240负载",
"M5240.State.MD_State1","DB50.DINT7190",Long,1,RO,100,,,,,,,,,,"M5240码垛状态1",
"M5240.State.MD_State2","DB50.DBB7194",Byte,1,RO,100,,,,,,,,,,"M5240码垛状态2",
"M5240.State.Need_Num","DB50.DBB7187",Byte,1,RO,100,,,,,,,,,,"M5240要取数量",
"M5240.State.PH1","I12.3",Boolean,1,RO,100,,,,,,,,,,"5240对射超边光电1",
"M5240.State.PH2","I12.5",Boolean,1,RO,100,,,,,,,,,,"5240到位光电",
"M5240.State.PH3","I12.7",Boolean,1,RO,100,,,,,,,,,,"5240对射超边光电2",
"M5240.State.ReversalRun","DB70.DBX479.7",Boolean,1,RO,100,,,,,,,,,,"M5240反转运行",
"M5240.State.Runing","DB70.DBX478.0",Boolean,1,RO,100,,,,,,,,,,"M5240设备运行标志",
"M5240.State.SelectPlace","DB70.DBX478.7",Boolean,1,RO,100,,,,,,,,,,"M5240选中位",
"M5240.State.YX_DX","DB50.DBB7185",Byte,1,RO,100,,,,,,,,,,"M5240码垛垛型",
"M5240.State.YX_Num","DB50.DBB7186",Byte,1,RO,100,,,,,,,,,,"M5240烟箱数量",
"M5240.State.YX_Type","DB50.DBB7184",Byte,1,RO,100,,,,,,,,,,"M5240烟箱类型",
"M5240.Task.Code","DB50.DINT7172",Long,1,RO,100,,,,,,,,,,"M5240托盘条码",
"M5240.Task.DestSta","DB50.DBW7180",Short,1,RO,100,,,,,,,,,,"M5240目标地址",
"M5240.Task.StartSta","DB50.DBW7178",Short,1,RO,100,,,,,,,,,,"M5240起始地址",
"M5240.Task.Task","DB50.DBW7170",Short,1,RO,100,,,,,,,,,,"M5240任务号",
"M5240.Task.TpType","DB50.DBW7176",Short,1,RO,100,,,,,,,,,,"M5240货物类型",
"M5260.Alarm.B_Fault","DB50,X7782.4",Boolean,1,RO,100,,,,,,,,,,"后超长",
"M5260.Alarm.DriveFault","DB70,X0.2",Boolean,1,RO,100,,,,,,,,,,"驱动器故障",
"M5260.Alarm.EstopFault","DB70,X1.3",Boolean,1,RO,100,,,,,,,,,,"急停故障",
"M5260.Alarm.F_Fault","DB50,X7782.3",Boolean,1,RO,100,,,,,,,,,,"前超长",
"M5260.Alarm.H_Fault","DB50,X7782.2",Boolean,1,RO,100,,,,,,,,,,"超高",
"M5260.Alarm.L_Fault","DB50,X7782.5",Boolean,1,RO,100,,,,,,,,,,"左超宽",
"M5260.Alarm.LS_Fault","DB70,X1.2",Boolean,1,RO,100,,,,,,,,,,"限位故障",
"M5260.Alarm.NoRead","DB50,X7783.1",Boolean,1,RO,100,,,,,,,,,,"条码未读出",
"M5260.Alarm.OutSideFault","DB70,X1.1",Boolean,1,RO,100,,,,,,,,,,"货物超边故障",
"M5260.Alarm.PH_Fault","DB70,X0.6",Boolean,1,RO,100,,,,,,,,,,"光电管异常",
"M5260.Alarm.QF_Fault","DB70,X0.4",Boolean,1,RO,100,,,,,,,,,,"空开故障",
"M5260.Alarm.QS_Fault","DB70,X0.5",Boolean,1,RO,100,,,,,,,,,,"隔离开关故障",
"M5260.Alarm.R_Fault","DB50,X7782.6",Boolean,1,RO,100,,,,,,,,,,"右超宽",
"M5260.Alarm.RFID_ReadFault","DB50,X7783.3",Boolean,1,RO,100,,,,,,,,,,"RFID读取错误",
"M5260.Alarm.RFID_WriteFault","DB50,X7783.2",Boolean,1,RO,100,,,,,,,,,,"RFID写入错误",
"M5260.Alarm.TimeOutFault","DB70,X0.3",Boolean,1,RO,100,,,,,,,,,,"超时故障",
"M5260.Alarm.TM_JY_Fault","DB50,X7783.0",Boolean,1,RO,100,,,,,,,,,,"条码校验故障",
"M5260.Alarm.TotalFault","DB70,X0.1",Boolean,1,RO,100,,,,,,,,,,"总故障",
"M5260.Alarm.WX_Fault","DB50,X7782.1",Boolean,1,RO,100,,,,,,,,,,"外形故障",
"M5260.Alarm.WX_TM_Fault","DB50,X7782.0",Boolean,1,RO,100,,,,,,,,,,"外形条码总故障",
"M5260.State.Allow","DB50,B7789",Byte,1,RO,100,,,,,,,,,,"允许拆盘",
"M5260.State.BY","DB50,W7796",Short,1,RO,100,,,,,,,,,,"备用",
"M5260.State.BY0","DB50,X7782.7",Boolean,1,RO,100,,,,,,,,,,"备用",
"M5260.State.BY2","DB70,X1.0",Boolean,1,RO,100,,,,,,,,,,"备用",
"M5260.State.BY3","DB70,X1.4",Boolean,1,RO,100,,,,,,,,,,"备用",
"M5260.State.ForwardRun","DB70,X1.6",Boolean,1,RO,100,,,,,,,,,,"正转运行",
"M5260.State.Get_Num","DB50,B7788",Byte,1,RO,100,,,,,,,,,,"已取数量",
"M5260.State.LastOne","DB50,X7783.4",Boolean,1,RO,100,,,,,,,,,,"强制退盘",
"M5260.State.Load","DB70,X1.5",Boolean,1,RO,100,,,,,,,,,,"负载",
"M5260.State.MD_State1","DB50,D7790",Long,1,RO,100,,,,,,,,,,"码垛状态1",
"M5260.State.MD_State2","DB50,B7794",Byte,1,RO,100,,,,,,,,,,"码垛状态2",
"M5260.State.Need_Num","DB50,B7787",Byte,1,RO,100,,,,,,,,,,"要取数量",
"M5260.State.PH5260_1","I402.1",Boolean,1,RO,100,,,,,,,,,,"减速光电",
"M5260.State.PH5260_2","I402.2",Boolean,1,RO,100,,,,,,,,,,"到位光电",
"M5260.State.PH5260_3","I402.3",Boolean,1,RO,100,,,,,,,,,,"超边光电",
"M5260.State.PH5260_4","I402.4",Boolean,1,RO,100,,,,,,,,,,"超边光电",
"M5260.State.PR5260_X1","I403.0",Boolean,1,RO,100,,,,,,,,,,"旋转台旋转减速",
"M5260.State.PR5260_X2","I403.1",Boolean,1,RO,100,,,,,,,,,,"旋转台旋转到位",
"M5260.State.PR5260_Y1","I402.6",Boolean,1,RO,100,,,,,,,,,,"旋转台原点减速",
"M5260.State.PR5260_Y2","I402.7",Boolean,1,RO,100,,,,,,,,,,"旋转台原点到位",
"M5260.State.ReversalRun","DB70,X1.7",Boolean,1,RO,100,,,,,,,,,,"反转运行",
"M5260.State.Runing","DB70,X0.0",Boolean,1,RO,100,,,,,,,,,,"设备运行标志",
"M5260.State.SelectPlace","DB70,X0.7",Boolean,1,RO,100,,,,,,,,,,"选中位",
"M5260.State.YX_DX","DB50,B7785",Byte,1,RO,100,,,,,,,,,,"码垛垛型",
"M5260.State.YX_Num","DB50,B7786",Byte,1,RO,100,,,,,,,,,,"烟箱数量",
"M5260.State.YX_Type","DB50,B7784",Byte,1,RO,100,,,,,,,,,,"烟箱类型",
"M5260.Task.Code","DB50,D7772",Long,1,RO,100,,,,,,,,,,"托盘条码",
"M5260.Task.DestSta","DB50,W7780",Short,1,RO,100,,,,,,,,,,"目标地址",
"M5260.Task.StartSta","DB50,W7778",Short,1,RO,100,,,,,,,,,,"起始地址",
"M5260.Task.Task","DB50,W7770",Short,1,RO,100,,,,,,,,,,"任务号",
"M5260.Task.TpType","DB50,W7776",Short,1,RO,100,,,,,,,,,,"货物类型",
"M5261.Alarm.B_Fault","DB50,X7812.4",Boolean,1,RO,100,,,,,,,,,,"后超长",
"M5261.Alarm.DriveFault","DB70,X2.2",Boolean,1,RO,100,,,,,,,,,,"驱动器故障",
"M5261.Alarm.EstopFault","DB70,X3.3",Boolean,1,RO,100,,,,,,,,,,"急停故障",
"M5261.Alarm.F_Fault","DB50,X7812.3",Boolean,1,RO,100,,,,,,,,,,"前超长",
"M5261.Alarm.H_Fault","DB50,X7812.2",Boolean,1,RO,100,,,,,,,,,,"超高",
"M5261.Alarm.L_Fault","DB50,X7812.5",Boolean,1,RO,100,,,,,,,,,,"左超宽",
"M5261.Alarm.LS_Fault","DB70,X3.2",Boolean,1,RO,100,,,,,,,,,,"限位故障",
"M5261.Alarm.NoRead","DB50,X7813.1",Boolean,1,RO,100,,,,,,,,,,"条码未读出",
"M5261.Alarm.OutSideFault","DB70,X3.1",Boolean,1,RO,100,,,,,,,,,,"货物超边故障",
"M5261.Alarm.PH_Fault","DB70,X2.6",Boolean,1,RO,100,,,,,,,,,,"光电管异常",
"M5261.Alarm.QF_Fault","DB70,X2.4",Boolean,1,RO,100,,,,,,,,,,"空开故障",
"M5261.Alarm.QS_Fault","DB70,X2.5",Boolean,1,RO,100,,,,,,,,,,"隔离开关故障",
"M5261.Alarm.R_Fault","DB50,X7812.6",Boolean,1,RO,100,,,,,,,,,,"右超宽",
"M5261.Alarm.RFID_ReadFault","DB50,X7813.3",Boolean,1,RO,100,,,,,,,,,,"RFID读取错误",
"M5261.Alarm.RFID_WriteFault","DB50,X7813.2",Boolean,1,RO,100,,,,,,,,,,"RFID写入错误",
"M5261.Alarm.TimeOutFault","DB70,X2.3",Boolean,1,RO,100,,,,,,,,,,"超时故障",
"M5261.Alarm.TM_JY_Fault","DB50,X7813.0",Boolean,1,RO,100,,,,,,,,,,"条码校验故障",
"M5261.Alarm.TotalFault","DB70,X2.1",Boolean,1,RO,100,,,,,,,,,,"总故障",
"M5261.Alarm.WX_Fault","DB50,X7812.1",Boolean,1,RO,100,,,,,,,,,,"外形故障",
"M5261.Alarm.WX_TM_Fault","DB50,X7812.0",Boolean,1,RO,100,,,,,,,,,,"外形条码总故障",
"M5261.State.Allow","DB50,B7819",Byte,1,RO,100,,,,,,,,,,"允许拆盘",
"M5261.State.BY","DB50,W7826",Short,1,RO,100,,,,,,,,,,"备用",
"M5261.State.BY0","DB50,X7812.7",Boolean,1,RO,100,,,,,,,,,,"备用",
"M5261.State.BY2","DB70,X3.0",Boolean,1,RO,100,,,,,,,,,,"备用",
"M5261.State.BY3","DB70,X3.4",Boolean,1,RO,100,,,,,,,,,,"备用",
"M5261.State.ForwardRun","DB70,X3.6",Boolean,1,RO,100,,,,,,,,,,"正转运行",
"M5261.State.Get_Num","DB50,B7818",Byte,1,RO,100,,,,,,,,,,"已取数量",
"M5261.State.LastOne","DB50,X7813.4",Boolean,1,RO,100,,,,,,,,,,"强制退盘",
"M5261.State.Load","DB70,X3.5",Boolean,1,RO,100,,,,,,,,,,"负载",
"M5261.State.MD_State1","DB50,D7820",Long,1,RO,100,,,,,,,,,,"码垛状态1",
"M5261.State.MD_State2","DB50,B7824",Byte,1,RO,100,,,,,,,,,,"码垛状态2",
"M5261.State.Need_Num","DB50,B7817",Byte,1,RO,100,,,,,,,,,,"要取数量",
"M5261.State.ReversalRun","DB70,X3.7",Boolean,1,RO,100,,,,,,,,,,"反转运行",
"M5261.State.Runing","DB70,X2.0",Boolean,1,RO,100,,,,,,,,,,"设备运行标志",
"M5261.State.SelectPlace","DB70,X2.7",Boolean,1,RO,100,,,,,,,,,,"选中位",
"M5261.State.YX_DX","DB50,B7815",Byte,1,RO,100,,,,,,,,,,"码垛垛型",
"M5261.State.YX_Num","DB50,B7816",Byte,1,RO,100,,,,,,,,,,"烟箱数量",
"M5261.State.YX_Type","DB50,B7814",Byte,1,RO,100,,,,,,,,,,"烟箱类型",
"M5261.Task.Code","DB50,D7802",Long,1,RO,100,,,,,,,,,,"托盘条码",
"M5261.Task.DestSta","DB50,W7810",Short,1,RO,100,,,,,,,,,,"目标地址",
"M5261.Task.StartSta","DB50,W7808",Short,1,RO,100,,,,,,,,,,"起始地址",
"M5261.Task.Task","DB50,W7800",Short,1,RO,100,,,,,,,,,,"任务号",
"M5261.Task.TpType","DB50,W7806",Short,1,RO,100,,,,,,,,,,"货物类型",
"M5262.Alarm.B_Fault","DB50,X7842.4",Boolean,1,RO,100,,,,,,,,,,"后超长",
"M5262.Alarm.DriveFault","DB70,X4.2",Boolean,1,RO,100,,,,,,,,,,"驱动器故障",
"M5262.Alarm.EstopFault","DB70,X5.3",Boolean,1,RO,100,,,,,,,,,,"急停故障",
"M5262.Alarm.F_Fault","DB50,X7842.3",Boolean,1,RO,100,,,,,,,,,,"前超长",
"M5262.Alarm.H_Fault","DB50,X7842.2",Boolean,1,RO,100,,,,,,,,,,"超高",
"M5262.Alarm.L_Fault","DB50,X7842.5",Boolean,1,RO,100,,,,,,,,,,"左超宽",
"M5262.Alarm.LS_Fault","DB70,X5.2",Boolean,1,RO,100,,,,,,,,,,"限位故障",
"M5262.Alarm.NoRead","DB50,X7843.1",Boolean,1,RO,100,,,,,,,,,,"条码未读出",
"M5262.Alarm.OutSideFault","DB70,X5.1",Boolean,1,RO,100,,,,,,,,,,"货物超边故障",
"M5262.Alarm.PH_Fault","DB70,X4.6",Boolean,1,RO,100,,,,,,,,,,"光电管异常",
"M5262.Alarm.QF_Fault","DB70,X4.4",Boolean,1,RO,100,,,,,,,,,,"空开故障",
"M5262.Alarm.QS_Fault","DB70,X4.5",Boolean,1,RO,100,,,,,,,,,,"隔离开关故障",
"M5262.Alarm.R_Fault","DB50,X7842.6",Boolean,1,RO,100,,,,,,,,,,"右超宽",
"M5262.Alarm.RFID_ReadFault","DB50,X7843.3",Boolean,1,RO,100,,,,,,,,,,"RFID读取错误",
"M5262.Alarm.RFID_WriteFault","DB50,X7843.2",Boolean,1,RO,100,,,,,,,,,,"RFID写入错误",
"M5262.Alarm.TimeOutFault","DB70,X4.3",Boolean,1,RO,100,,,,,,,,,,"超时故障",
"M5262.Alarm.TM_JY_Fault","DB50,X7843.0",Boolean,1,RO,100,,,,,,,,,,"条码校验故障",
"M5262.Alarm.TotalFault","DB70,X4.1",Boolean,1,RO,100,,,,,,,,,,"总故障",
"M5262.Alarm.WX_Fault","DB50,X7842.1",Boolean,1,RO,100,,,,,,,,,,"外形故障",
"M5262.Alarm.WX_TM_Fault","DB50,X7842.0",Boolean,1,RO,100,,,,,,,,,,"外形条码总故障",
"M5262.State.Allow","DB50,B7849",Byte,1,RO,100,,,,,,,,,,"允许拆盘",
"M5262.State.BY","DB50,W7856",Short,1,RO,100,,,,,,,,,,"备用",
"M5262.State.BY0","DB50,X7842.7",Boolean,1,RO,100,,,,,,,,,,"备用",
"M5262.State.BY2","DB70,X5.0",Boolean,1,RO,100,,,,,,,,,,"备用",
"M5262.State.BY3","DB70,X5.4",Boolean,1,RO,100,,,,,,,,,,"备用",
"M5262.State.ForwardRun","DB70,X5.6",Boolean,1,RO,100,,,,,,,,,,"正转运行",
"M5262.State.Get_Num","DB50,B7848",Byte,1,RO,100,,,,,,,,,,"已取数量",
"M5262.State.LastOne","DB50,X7843.4",Boolean,1,RO,100,,,,,,,,,,"强制退盘",
"M5262.State.Load","DB70,X5.5",Boolean,1,RO,100,,,,,,,,,,"负载",
"M5262.State.MD_State1","DB50,D7850",Long,1,RO,100,,,,,,,,,,"码垛状态1",
"M5262.State.MD_State2","DB50,B7854",Byte,1,RO,100,,,,,,,,,,"码垛状态2",
"M5262.State.Need_Num","DB50,B7847",Byte,1,RO,100,,,,,,,,,,"要取数量",
"M5262.State.ReversalRun","DB70,X5.7",Boolean,1,RO,100,,,,,,,,,,"反转运行",
"M5262.State.Runing","DB70,X4.0",Boolean,1,RO,100,,,,,,,,,,"设备运行标志",
"M5262.State.SelectPlace","DB70,X4.7",Boolean,1,RO,100,,,,,,,,,,"选中位",
"M5262.State.YX_DX","DB50,B7845",Byte,1,RO,100,,,,,,,,,,"码垛垛型",
"M5262.State.YX_Num","DB50,B7846",Byte,1,RO,100,,,,,,,,,,"烟箱数量",
"M5262.State.YX_Type","DB50,B7844",Byte,1,RO,100,,,,,,,,,,"烟箱类型",
"M5262.Task.Code","DB50,D7832",Long,1,RO,100,,,,,,,,,,"托盘条码",
"M5262.Task.DestSta","DB50,W7840",Short,1,RO,100,,,,,,,,,,"目标地址",
"M5262.Task.StartSta","DB50,W7838",Short,1,RO,100,,,,,,,,,,"起始地址",
"M5262.Task.Task","DB50,W7830",Short,1,RO,100,,,,,,,,,,"任务号",
"M5262.Task.TpType","DB50,W7836",Short,1,RO,100,,,,,,,,,,"货物类型",
"M5264.Alarm.B_Fault","DB50,X7902.4",Boolean,1,RO,100,,,,,,,,,,"后超长",
"M5264.Alarm.DriveFault","DB70,X8.2",Boolean,1,RO,100,,,,,,,,,,"驱动器故障",
"M5264.Alarm.EstopFault","DB70,X9.3",Boolean,1,RO,100,,,,,,,,,,"急停故障",
"M5264.Alarm.F_Fault","DB50,X7902.3",Boolean,1,RO,100,,,,,,,,,,"前超长",
"M5264.Alarm.H_Fault","DB50,X7902.2",Boolean,1,RO,100,,,,,,,,,,"超高",
"M5264.Alarm.L_Fault","DB50,X7902.5",Boolean,1,RO,100,,,,,,,,,,"左超宽",
"M5264.Alarm.LS_Fault","DB70,X9.2",Boolean,1,RO,100,,,,,,,,,,"限位故障",
"M5264.Alarm.NoRead","DB50,X7903.1",Boolean,1,RO,100,,,,,,,,,,"条码未读出",
"M5264.Alarm.OutSideFault","DB70,X9.1",Boolean,1,RO,100,,,,,,,,,,"货物超边故障",
"M5264.Alarm.PH_Fault","DB70,X8.6",Boolean,1,RO,100,,,,,,,,,,"光电管异常",
"M5264.Alarm.QF_Fault","DB70,X8.4",Boolean,1,RO,100,,,,,,,,,,"空开故障",
"M5264.Alarm.QS_Fault","DB70,X8.5",Boolean,1,RO,100,,,,,,,,,,"隔离开关故障",
"M5264.Alarm.R_Fault","DB50,X7902.6",Boolean,1,RO,100,,,,,,,,,,"右超宽",
"M5264.Alarm.RFID_ReadFault","DB50,X7903.3",Boolean,1,RO,100,,,,,,,,,,"RFID读取错误",
"M5264.Alarm.RFID_WriteFault","DB50,X7903.2",Boolean,1,RO,100,,,,,,,,,,"RFID写入错误",
"M5264.Alarm.TimeOutFault","DB70,X8.3",Boolean,1,RO,100,,,,,,,,,,"超时故障",
"M5264.Alarm.TM_JY_Fault","DB50,X7903.0",Boolean,1,RO,100,,,,,,,,,,"条码校验故障",
"M5264.Alarm.TotalFault","DB70,X8.1",Boolean,1,RO,100,,,,,,,,,,"总故障",
"M5264.Alarm.WX_Fault","DB50,X7902.1",Boolean,1,RO,100,,,,,,,,,,"外形故障",
"M5264.Alarm.WX_TM_Fault","DB50,X7902.0",Boolean,1,RO,100,,,,,,,,,,"外形条码总故障",
"M5264.State.Allow","DB50,B7909",Byte,1,RO,100,,,,,,,,,,"允许拆盘",
"M5264.State.BY","DB50,W7916",Short,1,RO,100,,,,,,,,,,"备用",
"M5264.State.BY0","DB50,X7902.7",Boolean,1,RO,100,,,,,,,,,,"备用",
"M5264.State.BY2","DB70,X9.0",Boolean,1,RO,100,,,,,,,,,,"备用",
"M5264.State.BY3","DB70,X9.4",Boolean,1,RO,100,,,,,,,,,,"备用",
"M5264.State.ForwardRun","DB70,X9.6",Boolean,1,RO,100,,,,,,,,,,"正转运行",
"M5264.State.Get_Num","DB50,B7908",Byte,1,RO,100,,,,,,,,,,"已取数量",
"M5264.State.LastOne","DB50,X7903.4",Boolean,1,RO,100,,,,,,,,,,"强制退盘",
"M5264.State.Load","DB70,X9.5",Boolean,1,RO,100,,,,,,,,,,"负载",
"M5264.State.MD_State1","DB50,D7910",Long,1,RO,100,,,,,,,,,,"码垛状态1",
"M5264.State.MD_State2","DB50,B7914",Byte,1,RO,100,,,,,,,,,,"码垛状态2",
"M5264.State.Need_Num","DB50,B7907",Byte,1,RO,100,,,,,,,,,,"要取数量",
"M5264.State.PH5264","I403.5",Boolean,1,RO,100,,,,,,,,,,"到位光电",
"M5264.State.ReversalRun","DB70,X9.7",Boolean,1,RO,100,,,,,,,,,,"反转运行",
"M5264.State.Runing","DB70,X8.0",Boolean,1,RO,100,,,,,,,,,,"设备运行标志",
"M5264.State.SelectPlace","DB70,X8.7",Boolean,1,RO,100,,,,,,,,,,"选中位",
"M5264.State.YX_DX","DB50,B7905",Byte,1,RO,100,,,,,,,,,,"码垛垛型",
"M5264.State.YX_Num","DB50,B7906",Byte,1,RO,100,,,,,,,,,,"烟箱数量",
"M5264.State.YX_Type","DB50,B7904",Byte,1,RO,100,,,,,,,,,,"烟箱类型",
"M5264.Task.Code","DB50,D7892",Long,1,RO,100,,,,,,,,,,"托盘条码",
"M5264.Task.DestSta","DB50,W7900",Short,1,RO,100,,,,,,,,,,"目标地址",
"M5264.Task.StartSta","DB50,W7898",Short,1,RO,100,,,,,,,,,,"起始地址",
"M5264.Task.Task","DB50,W7890",Short,1,RO,100,,,,,,,,,,"任务号",
"M5264.Task.TpType","DB50,W7896",Short,1,RO,100,,,,,,,,,,"货物类型",
"M5265.Alarm.B_Fault","DB50,X7932.4",Boolean,1,RO,100,,,,,,,,,,"后超长",
"M5265.Alarm.DriveFault","DB70,X10.2",Boolean,1,RO,100,,,,,,,,,,"驱动器故障",
"M5265.Alarm.EstopFault","DB70,X11.3",Boolean,1,RO,100,,,,,,,,,,"急停故障",
"M5265.Alarm.F_Fault","DB50,X7932.3",Boolean,1,RO,100,,,,,,,,,,"前超长",
"M5265.Alarm.H_Fault","DB50,X7932.2",Boolean,1,RO,100,,,,,,,,,,"超高",
"M5265.Alarm.L_Fault","DB50,X7932.5",Boolean,1,RO,100,,,,,,,,,,"左超宽",
"M5265.Alarm.LS_Fault","DB70,X11.2",Boolean,1,RO,100,,,,,,,,,,"限位故障",
"M5265.Alarm.NoRead","DB50,X7933.1",Boolean,1,RO,100,,,,,,,,,,"条码未读出",
"M5265.Alarm.OutSideFault","DB70,X11.1",Boolean,1,RO,100,,,,,,,,,,"货物超边故障",
"M5265.Alarm.PH_Fault","DB70,X10.6",Boolean,1,RO,100,,,,,,,,,,"光电管异常",
"M5265.Alarm.QF_Fault","DB70,X10.4",Boolean,1,RO,100,,,,,,,,,,"空开故障",
"M5265.Alarm.QS_Fault","DB70,X10.5",Boolean,1,RO,100,,,,,,,,,,"隔离开关故障",
"M5265.Alarm.R_Fault","DB50,X7932.6",Boolean,1,RO,100,,,,,,,,,,"右超宽",
"M5265.Alarm.RFID_ReadFault","DB50,X7933.3",Boolean,1,RO,100,,,,,,,,,,"RFID读取错误",
"M5265.Alarm.RFID_WriteFault","DB50,X7933.2",Boolean,1,RO,100,,,,,,,,,,"RFID写入错误",
"M5265.Alarm.TimeOutFault","DB70,X10.3",Boolean,1,RO,100,,,,,,,,,,"超时故障",
"M5265.Alarm.TM_JY_Fault","DB50,X7933.0",Boolean,1,RO,100,,,,,,,,,,"条码校验故障",
"M5265.Alarm.TotalFault","DB70,X10.1",Boolean,1,RO,100,,,,,,,,,,"总故障",
"M5265.Alarm.WX_Fault","DB50,X7932.1",Boolean,1,RO,100,,,,,,,,,,"外形故障",
"M5265.Alarm.WX_TM_Fault","DB50,X7932.0",Boolean,1,RO,100,,,,,,,,,,"外形条码总故障",
"M5265.State.Allow","DB50,B7939",Byte,1,RO,100,,,,,,,,,,"允许拆盘",
"M5265.State.BY","DB50,W7946",Short,1,RO,100,,,,,,,,,,"备用",
"M5265.State.BY0","DB50,X7932.7",Boolean,1,RO,100,,,,,,,,,,"备用",
"M5265.State.BY2","DB70,X11.0",Boolean,1,RO,100,,,,,,,,,,"备用",
"M5265.State.BY3","DB70,X11.4",Boolean,1,RO,100,,,,,,,,,,"备用",
"M5265.State.ForwardRun","DB70,X11.6",Boolean,1,RO,100,,,,,,,,,,"正转运行",
"M5265.State.Get_Num","DB50,B7938",Byte,1,RO,100,,,,,,,,,,"已取数量",
"M5265.State.LastOne","DB50,X7933.4",Boolean,1,RO,100,,,,,,,,,,"强制退盘",
"M5265.State.Load","DB70,X11.5",Boolean,1,RO,100,,,,,,,,,,"负载",
"M5265.State.MD_State1","DB50,D7940",Long,1,RO,100,,,,,,,,,,"码垛状态1",
"M5265.State.MD_State2","DB50,B7944",Byte,1,RO,100,,,,,,,,,,"码垛状态2",
"M5265.State.Need_Num","DB50,B7937",Byte,1,RO,100,,,,,,,,,,"要取数量",
"M5265.State.PH5265_1","I404.2",Boolean,1,RO,100,,,,,,,,,,"减速光电",
"M5265.State.PH5265_2","I404.3",Boolean,1,RO,100,,,,,,,,,,"到位光电",
"M5265.State.PR5265_H","I404.4",Boolean,1,RO,100,,,,,,,,,,"高位",
"M5265.State.PR5265_L","I404.5",Boolean,1,RO,100,,,,,,,,,,"低位",
"M5265.State.ReversalRun","DB70,X11.7",Boolean,1,RO,100,,,,,,,,,,"反转运行",
"M5265.State.Runing","DB70,X10.0",Boolean,1,RO,100,,,,,,,,,,"设备运行标志",
"M5265.State.SelectPlace","DB70,X10.7",Boolean,1,RO,100,,,,,,,,,,"选中位",
"M5265.State.YX_DX","DB50,B7935",Byte,1,RO,100,,,,,,,,,,"码垛垛型",
"M5265.State.YX_Num","DB50,B7936",Byte,1,RO,100,,,,,,,,,,"烟箱数量",
"M5265.State.YX_Type","DB50,B7934",Byte,1,RO,100,,,,,,,,,,"烟箱类型",
"M5265.Task.Code","DB50,D7922",Long,1,RO,100,,,,,,,,,,"托盘条码",
"M5265.Task.DestSta","DB50,W7930",Short,1,RO,100,,,,,,,,,,"目标地址",
"M5265.Task.StartSta","DB50,W7928",Short,1,RO,100,,,,,,,,,,"起始地址",
"M5265.Task.Task","DB50,W7920",Short,1,RO,100,,,,,,,,,,"任务号",
"M5265.Task.TpType","DB50,W7926",Short,1,RO,100,,,,,,,,,,"货物类型",
"M5266.Alarm.B_Fault","DB50,X7962.4",Boolean,1,RO,100,,,,,,,,,,"后超长",
"M5266.Alarm.DriveFault","DB70,X12.2",Boolean,1,RO,100,,,,,,,,,,"驱动器故障",
"M5266.Alarm.EstopFault","DB70,X13.3",Boolean,1,RO,100,,,,,,,,,,"急停故障",
"M5266.Alarm.F_Fault","DB50,X7962.3",Boolean,1,RO,100,,,,,,,,,,"前超长",
"M5266.Alarm.H_Fault","DB50,X7962.2",Boolean,1,RO,100,,,,,,,,,,"超高",
"M5266.Alarm.L_Fault","DB50,X7962.5",Boolean,1,RO,100,,,,,,,,,,"左超宽",
"M5266.Alarm.LS_Fault","DB70,X13.2",Boolean,1,RO,100,,,,,,,,,,"限位故障",
"M5266.Alarm.NoRead","DB50,X7963.1",Boolean,1,RO,100,,,,,,,,,,"条码未读出",
"M5266.Alarm.OutSideFault","DB70,X13.1",Boolean,1,RO,100,,,,,,,,,,"货物超边故障",
"M5266.Alarm.PH_Fault","DB70,X12.6",Boolean,1,RO,100,,,,,,,,,,"光电管异常",
"M5266.Alarm.QF_Fault","DB70,X12.4",Boolean,1,RO,100,,,,,,,,,,"空开故障",
"M5266.Alarm.QS_Fault","DB70,X12.5",Boolean,1,RO,100,,,,,,,,,,"隔离开关故障",
"M5266.Alarm.R_Fault","DB50,X7962.6",Boolean,1,RO,100,,,,,,,,,,"右超宽",
"M5266.Alarm.RFID_ReadFault","DB50,X7963.3",Boolean,1,RO,100,,,,,,,,,,"RFID读取错误",
"M5266.Alarm.RFID_WriteFault","DB50,X7963.2",Boolean,1,RO,100,,,,,,,,,,"RFID写入错误",
"M5266.Alarm.TimeOutFault","DB70,X12.3",Boolean,1,RO,100,,,,,,,,,,"超时故障",
"M5266.Alarm.TM_JY_Fault","DB50,X7963.0",Boolean,1,RO,100,,,,,,,,,,"条码校验故障",
"M5266.Alarm.TotalFault","DB70,X12.1",Boolean,1,RO,100,,,,,,,,,,"总故障",
"M5266.Alarm.WX_Fault","DB50,X7962.1",Boolean,1,RO,100,,,,,,,,,,"外形故障",
"M5266.Alarm.WX_TM_Fault","DB50,X7962.0",Boolean,1,RO,100,,,,,,,,,,"外形条码总故障",
"M5266.State.Allow","DB50,B7969",Byte,1,RO,100,,,,,,,,,,"允许拆盘",
"M5266.State.BY","DB50,W7976",Short,1,RO,100,,,,,,,,,,"备用",
"M5266.State.BY0","DB50,X7962.7",Boolean,1,RO,100,,,,,,,,,,"备用",
"M5266.State.BY2","DB70,X13.0",Boolean,1,RO,100,,,,,,,,,,"备用",
"M5266.State.BY3","DB70,X13.4",Boolean,1,RO,100,,,,,,,,,,"备用",
"M5266.State.ForwardRun","DB70,X13.6",Boolean,1,RO,100,,,,,,,,,,"正转运行",
"M5266.State.Get_Num","DB50,B7968",Byte,1,RO,100,,,,,,,,,,"已取数量",
"M5266.State.LastOne","DB50,X7963.4",Boolean,1,RO,100,,,,,,,,,,"强制退盘",
"M5266.State.Load","DB70,X13.5",Boolean,1,RO,100,,,,,,,,,,"负载",
"M5266.State.MD_State1","DB50,D7970",Long,1,RO,100,,,,,,,,,,"码垛状态1",
"M5266.State.MD_State2","DB50,B7974",Byte,1,RO,100,,,,,,,,,,"码垛状态2",
"M5266.State.Need_Num","DB50,B7967",Byte,1,RO,100,,,,,,,,,,"要取数量",
"M5266.State.PH5266","I404.7",Boolean,1,RO,100,,,,,,,,,,"到位光电",
"M5266.State.ReversalRun","DB70,X13.7",Boolean,1,RO,100,,,,,,,,,,"反转运行",
"M5266.State.Runing","DB70,X12.0",Boolean,1,RO,100,,,,,,,,,,"设备运行标志",
"M5266.State.SelectPlace","DB70,X12.7",Boolean,1,RO,100,,,,,,,,,,"选中位",
"M5266.State.YX_DX","DB50,B7965",Byte,1,RO,100,,,,,,,,,,"码垛垛型",
"M5266.State.YX_Num","DB50,B7966",Byte,1,RO,100,,,,,,,,,,"烟箱数量",
"M5266.State.YX_Type","DB50,B7964",Byte,1,RO,100,,,,,,,,,,"烟箱类型",
"M5266.Task.Code","DB50,D7952",Long,1,RO,100,,,,,,,,,,"托盘条码",
"M5266.Task.DestSta","DB50,W7960",Short,1,RO,100,,,,,,,,,,"目标地址",
"M5266.Task.StartSta","DB50,W7958",Short,1,RO,100,,,,,,,,,,"起始地址",
"M5266.Task.Task","DB50,W7950",Short,1,RO,100,,,,,,,,,,"任务号",
"M5266.Task.TpType","DB50,W7956",Short,1,RO,100,,,,,,,,,,"货物类型",
"M5267.Alarm.B_Fault","DB50,X7992.4",Boolean,1,RO,100,,,,,,,,,,"后超长",
"M5267.Alarm.DriveFault","DB70,X14.2",Boolean,1,RO,100,,,,,,,,,,"驱动器故障",
"M5267.Alarm.EstopFault","DB70,X15.3",Boolean,1,RO,100,,,,,,,,,,"急停故障",
"M5267.Alarm.F_Fault","DB50,X7992.3",Boolean,1,RO,100,,,,,,,,,,"前超长",
"M5267.Alarm.H_Fault","DB50,X7992.2",Boolean,1,RO,100,,,,,,,,,,"超高",
"M5267.Alarm.L_Fault","DB50,X7992.5",Boolean,1,RO,100,,,,,,,,,,"左超宽",
"M5267.Alarm.LS_Fault","DB70,X15.2",Boolean,1,RO,100,,,,,,,,,,"限位故障",
"M5267.Alarm.NoRead","DB50,X7993.1",Boolean,1,RO,100,,,,,,,,,,"条码未读出",
"M5267.Alarm.OutSideFault","DB70,X15.1",Boolean,1,RO,100,,,,,,,,,,"货物超边故障",
"M5267.Alarm.PH_Fault","DB70,X14.6",Boolean,1,RO,100,,,,,,,,,,"光电管异常",
"M5267.Alarm.QF_Fault","DB70,X14.4",Boolean,1,RO,100,,,,,,,,,,"空开故障",
"M5267.Alarm.QS_Fault","DB70,X14.5",Boolean,1,RO,100,,,,,,,,,,"隔离开关故障",
"M5267.Alarm.R_Fault","DB50,X7992.6",Boolean,1,RO,100,,,,,,,,,,"右超宽",
"M5267.Alarm.RFID_ReadFault","DB50,X7993.3",Boolean,1,RO,100,,,,,,,,,,"RFID读取错误",
"M5267.Alarm.RFID_WriteFault","DB50,X7993.2",Boolean,1,RO,100,,,,,,,,,,"RFID写入错误",
"M5267.Alarm.TimeOutFault","DB70,X14.3",Boolean,1,RO,100,,,,,,,,,,"超时故障",
"M5267.Alarm.TM_JY_Fault","DB50,X7993.0",Boolean,1,RO,100,,,,,,,,,,"条码校验故障",
"M5267.Alarm.TotalFault","DB70,X14.1",Boolean,1,RO,100,,,,,,,,,,"总故障",
"M5267.Alarm.WX_Fault","DB50,X7992.1",Boolean,1,RO,100,,,,,,,,,,"外形故障",
"M5267.Alarm.WX_TM_Fault","DB50,X7992.0",Boolean,1,RO,100,,,,,,,,,,"外形条码总故障",
"M5267.State.Allow","DB50,B7999",Byte,1,RO,100,,,,,,,,,,"允许拆盘",
"M5267.State.BY","DB50,W8006",Short,1,RO,100,,,,,,,,,,"备用",
"M5267.State.BY0","DB50,X7992.7",Boolean,1,RO,100,,,,,,,,,,"备用",
"M5267.State.BY2","DB70,X15.0",Boolean,1,RO,100,,,,,,,,,,"备用",
"M5267.State.BY3","DB70,X15.4",Boolean,1,RO,100,,,,,,,,,,"备用",
"M5267.State.DB50_BY2","DB50,W8008",Short,1,RO,100,,,,,,,,,,"备用",
"M5267.State.ForwardRun","DB70,X15.6",Boolean,1,RO,100,,,,,,,,,,"正转运行",
"M5267.State.Get_Num","DB50,B7998",Byte,1,RO,100,,,,,,,,,,"已取数量",
"M5267.State.LastOne","DB50,X7993.4",Boolean,1,RO,100,,,,,,,,,,"强制退盘",
"M5267.State.Load","DB70,X15.5",Boolean,1,RO,100,,,,,,,,,,"负载",
"M5267.State.MD_State1","DB50,D8000",Long,1,RO,100,,,,,,,,,,"码垛状态1",
"M5267.State.MD_State2","DB50,B8004",Byte,1,RO,100,,,,,,,,,,"码垛状态2",
"M5267.State.MS5267_L","I405.4",Boolean,1,RO,100,,,,,,,,,,"阻挡低位",
"M5267.State.Need_Num","DB50,B7997",Byte,1,RO,100,,,,,,,,,,"要取数量",
"M5267.State.PH5267_1","I405.1",Boolean,1,RO,100,,,,,,,,,,"减速光电",
"M5267.State.PH5267_2","I405.2",Boolean,1,RO,100,,,,,,,,,,"到位光电",
"M5267.State.ReversalRun","DB70,X15.7",Boolean,1,RO,100,,,,,,,,,,"反转运行",
"M5267.State.Runing","DB70,X14.0",Boolean,1,RO,100,,,,,,,,,,"设备运行标志",
"M5267.State.SelectPlace","DB70,X14.7",Boolean,1,RO,100,,,,,,,,,,"选中位",
"M5267.State.YX_DX","DB50,B7995",Byte,1,RO,100,,,,,,,,,,"码垛垛型",
"M5267.State.YX_Num","DB50,B7996",Byte,1,RO,100,,,,,,,,,,"烟箱数量",
"M5267.State.YX_Type","DB50,B7994",Byte,1,RO,100,,,,,,,,,,"烟箱类型",
"M5267.Task.Code","DB50,D7982",Long,1,RO,100,,,,,,,,,,"托盘条码",
"M5267.Task.DestSta","DB50,W7990",Short,1,RO,100,,,,,,,,,,"目标地址",
"M5267.Task.StartSta","DB50,W7988",Short,1,RO,100,,,,,,,,,,"起始地址",
"M5267.Task.Task","DB50,W7980",Short,1,RO,100,,,,,,,,,,"任务号",
"M5267.Task.TpType","DB50,W7986",Short,1,RO,100,,,,,,,,,,"货物类型",
"M5268.Alarm.B_Fault","DB50,X8022.4",Boolean,1,RO,100,,,,,,,,,,"后超长",
"M5268.Alarm.DriveFault","DB70,X16.2",Boolean,1,RO,100,,,,,,,,,,"驱动器故障",
"M5268.Alarm.EstopFault","DB70,X17.3",Boolean,1,RO,100,,,,,,,,,,"急停故障",
"M5268.Alarm.F_Fault","DB50,X8022.3",Boolean,1,RO,100,,,,,,,,,,"前超长",
"M5268.Alarm.H_Fault","DB50,X8022.2",Boolean,1,RO,100,,,,,,,,,,"超高",
"M5268.Alarm.L_Fault","DB50,X8022.5",Boolean,1,RO,100,,,,,,,,,,"左超宽",
"M5268.Alarm.LS_Fault","DB70,X17.2",Boolean,1,RO,100,,,,,,,,,,"限位故障",
"M5268.Alarm.NoRead","DB50,X8023.1",Boolean,1,RO,100,,,,,,,,,,"条码未读出",
"M5268.Alarm.OutSideFault","DB70,X17.1",Boolean,1,RO,100,,,,,,,,,,"货物超边故障",
"M5268.Alarm.PH_Fault","DB70,X16.6",Boolean,1,RO,100,,,,,,,,,,"光电管异常",
"M5268.Alarm.QF_Fault","DB70,X16.4",Boolean,1,RO,100,,,,,,,,,,"空开故障",
"M5268.Alarm.QS_Fault","DB70,X16.5",Boolean,1,RO,100,,,,,,,,,,"隔离开关故障",
"M5268.Alarm.R_Fault","DB50,X8022.6",Boolean,1,RO,100,,,,,,,,,,"右超宽",
"M5268.Alarm.RFID_ReadFault","DB50,X8023.3",Boolean,1,RO,100,,,,,,,,,,"RFID读取错误",
"M5268.Alarm.RFID_WriteFault","DB50,X8023.2",Boolean,1,RO,100,,,,,,,,,,"RFID写入错误",
"M5268.Alarm.TimeOutFault","DB70,X16.3",Boolean,1,RO,100,,,,,,,,,,"超时故障",
"M5268.Alarm.TM_JY_Fault","DB50,X8023.0",Boolean,1,RO,100,,,,,,,,,,"条码校验故障",
"M5268.Alarm.TotalFault","DB70,X16.1",Boolean,1,RO,100,,,,,,,,,,"总故障",
"M5268.Alarm.WX_Fault","DB50,X8022.1",Boolean,1,RO,100,,,,,,,,,,"外形故障",
"M5268.Alarm.WX_TM_Fault","DB50,X8022.0",Boolean,1,RO,100,,,,,,,,,,"外形条码总故障",
"M5268.State.Allow","DB50,B8029",Byte,1,RO,100,,,,,,,,,,"允许拆盘",
"M5268.State.BY","DB50,W8036",Short,1,RO,100,,,,,,,,,,"备用",
"M5268.State.BY0","DB50,X8022.7",Boolean,1,RO,100,,,,,,,,,,"备用",
"M5268.State.BY2","DB70,X17.0",Boolean,1,RO,100,,,,,,,,,,"备用",
"M5268.State.BY3","DB70,X17.4",Boolean,1,RO,100,,,,,,,,,,"备用",
"M5268.State.ForwardRun","DB70,X17.6",Boolean,1,RO,100,,,,,,,,,,"正转运行",
"M5268.State.Get_Num","DB50,B8028",Byte,1,RO,100,,,,,,,,,,"已取数量",
"M5268.State.LastOne","DB50,X8023.4",Boolean,1,RO,100,,,,,,,,,,"强制退盘",
"M5268.State.Load","DB70,X17.5",Boolean,1,RO,100,,,,,,,,,,"负载",
"M5268.State.MD_State1","DB50,D8030",Long,1,RO,100,,,,,,,,,,"码垛状态1",
"M5268.State.MD_State2","DB50,B8034",Byte,1,RO,100,,,,,,,,,,"码垛状态2",
"M5268.State.Need_Num","DB50,B8027",Byte,1,RO,100,,,,,,,,,,"要取数量",
"M5268.State.PH5268","I406.1",Boolean,1,RO,100,,,,,,,,,,"到位光电",
"M5268.State.ReversalRun","DB70,X17.7",Boolean,1,RO,100,,,,,,,,,,"反转运行",
"M5268.State.Runing","DB70,X16.0",Boolean,1,RO,100,,,,,,,,,,"设备运行标志",
"M5268.State.SelectPlace","DB70,X16.7",Boolean,1,RO,100,,,,,,,,,,"选中位",
"M5268.State.YX_DX","DB50,B8025",Byte,1,RO,100,,,,,,,,,,"码垛垛型",
"M5268.State.YX_Num","DB50,B8026",Byte,1,RO,100,,,,,,,,,,"烟箱数量",
"M5268.State.YX_Type","DB50,B8024",Byte,1,RO,100,,,,,,,,,,"烟箱类型",
"M5268.Task.Code","DB50,D8012",Long,1,RO,100,,,,,,,,,,"托盘条码",
"M5268.Task.DestSta","DB50,W8020",Short,1,RO,100,,,,,,,,,,"目标地址",
"M5268.Task.StartSta","DB50,W8018",Short,1,RO,100,,,,,,,,,,"起始地址",
"M5268.Task.Task","DB50,W8010",Short,1,RO,100,,,,,,,,,,"任务号",
"M5268.Task.TpType","DB50,W8016",Short,1,RO,100,,,,,,,,,,"货物类型",
"M5269.Alarm.B_Fault","DB50,X8052.4",Boolean,1,RO,100,,,,,,,,,,"后超长",
"M5269.Alarm.DriveFault","DB70,X18.2",Boolean,1,RO,100,,,,,,,,,,"驱动器故障",
"M5269.Alarm.EstopFault","DB70,X19.3",Boolean,1,RO,100,,,,,,,,,,"急停故障",
"M5269.Alarm.F_Fault","DB50,X8052.3",Boolean,1,RO,100,,,,,,,,,,"前超长",
"M5269.Alarm.H_Fault","DB50,X8052.2",Boolean,1,RO,100,,,,,,,,,,"超高",
"M5269.Alarm.L_Fault","DB50,X8052.5",Boolean,1,RO,100,,,,,,,,,,"左超宽",
"M5269.Alarm.LS_Fault","DB70,X19.2",Boolean,1,RO,100,,,,,,,,,,"限位故障",
"M5269.Alarm.NoRead","DB50,X8053.1",Boolean,1,RO,100,,,,,,,,,,"条码未读出",
"M5269.Alarm.OutSideFault","DB70,X19.1",Boolean,1,RO,100,,,,,,,,,,"货物超边故障",
"M5269.Alarm.PH_Fault","DB70,X18.6",Boolean,1,RO,100,,,,,,,,,,"光电管异常",
"M5269.Alarm.QF_Fault","DB70,X18.4",Boolean,1,RO,100,,,,,,,,,,"空开故障",
"M5269.Alarm.QS_Fault","DB70,X18.5",Boolean,1,RO,100,,,,,,,,,,"隔离开关故障",
"M5269.Alarm.R_Fault","DB50,X8052.6",Boolean,1,RO,100,,,,,,,,,,"右超宽",
"M5269.Alarm.RFID_ReadFault","DB50,X8053.3",Boolean,1,RO,100,,,,,,,,,,"RFID读取错误",
"M5269.Alarm.RFID_WriteFault","DB50,X8053.2",Boolean,1,RO,100,,,,,,,,,,"RFID写入错误",
"M5269.Alarm.TimeOutFault","DB70,X18.3",Boolean,1,RO,100,,,,,,,,,,"超时故障",
"M5269.Alarm.TM_JY_Fault","DB50,X8053.0",Boolean,1,RO,100,,,,,,,,,,"条码校验故障",
"M5269.Alarm.TotalFault","DB70,X18.1",Boolean,1,RO,100,,,,,,,,,,"总故障",
"M5269.Alarm.WX_Fault","DB50,X8052.1",Boolean,1,RO,100,,,,,,,,,,"外形故障",
"M5269.Alarm.WX_TM_Fault","DB50,X8052.0",Boolean,1,RO,100,,,,,,,,,,"外形条码总故障",
"M5269.State.Allow","DB50,B8059",Byte,1,RO,100,,,,,,,,,,"允许拆盘",
"M5269.State.BY","DB50,W8066",Short,1,RO,100,,,,,,,,,,"备用",
"M5269.State.BY0","DB50,X8052.7",Boolean,1,RO,100,,,,,,,,,,"备用",
"M5269.State.BY2","DB70,X19.0",Boolean,1,RO,100,,,,,,,,,,"备用",
"M5269.State.BY3","DB70,X19.4",Boolean,1,RO,100,,,,,,,,,,"备用",
"M5269.State.ForwardRun","DB70,X19.6",Boolean,1,RO,100,,,,,,,,,,"正转运行",
"M5269.State.Get_Num","DB50,B8058",Byte,1,RO,100,,,,,,,,,,"已取数量",
"M5269.State.LastOne","DB50,X8053.4",Boolean,1,RO,100,,,,,,,,,,"强制退盘",
"M5269.State.Load","DB70,X19.5",Boolean,1,RO,100,,,,,,,,,,"负载",
"M5269.State.MD_State1","DB50,D8060",Long,1,RO,100,,,,,,,,,,"码垛状态1",
"M5269.State.MD_State2","DB50,B8064",Byte,1,RO,100,,,,,,,,,,"码垛状态2",
"M5269.State.Need_Num","DB50,B8057",Byte,1,RO,100,,,,,,,,,,"要取数量",
"M5269.State.PH5269_1","I406.3",Boolean,1,RO,100,,,,,,,,,,"减速光电",
"M5269.State.PH5269_2","I406.4",Boolean,1,RO,100,,,,,,,,,,"到位光电",
"M5269.State.ReversalRun","DB70,X19.7",Boolean,1,RO,100,,,,,,,,,,"反转运行",
"M5269.State.Runing","DB70,X18.0",Boolean,1,RO,100,,,,,,,,,,"设备运行标志",
"M5269.State.SelectPlace","DB70,X18.7",Boolean,1,RO,100,,,,,,,,,,"选中位",
"M5269.State.YX_DX","DB50,B8055",Byte,1,RO,100,,,,,,,,,,"码垛垛型",
"M5269.State.YX_Num","DB50,B8056",Byte,1,RO,100,,,,,,,,,,"烟箱数量",
"M5269.State.YX_Type","DB50,B8054",Byte,1,RO,100,,,,,,,,,,"烟箱类型",
"M5269.Task.Code","DB50,D8042",Long,1,RO,100,,,,,,,,,,"托盘条码",
"M5269.Task.DestSta","DB50,W8050",Short,1,RO,100,,,,,,,,,,"目标地址",
"M5269.Task.StartSta","DB50,W8048",Short,1,RO,100,,,,,,,,,,"起始地址",
"M5269.Task.Task","DB50,W8040",Short,1,RO,100,,,,,,,,,,"任务号",
"M5269.Task.TpType","DB50,W8046",Short,1,RO,100,,,,,,,,,,"货物类型",
